"Rank","Name","Symbol","marketcap","price (USD)","country"
"1","NVIDIA","NVDA","5516382175232","228.45","United States"
"2","Apple","AAPL","4789955985408","328.21","United States"
"3","Alphabet (Google)","GOOG","4146926190592","339.08","United States"
"4","Microsoft","MSFT","3787919458304","510.12","United States"
"5","Amazon","AMZN","2792576516096","258.9","United States"
"6","TSMC","TSM","2162811600896","417.01","Taiwan"
"7","SpaceX","SPCX","1973839855616","149.74","United States"
"8","Broadcom","AVGO","1699217408000","357.16","United States"
"9","Saudi Aramco","2222.SR","1672458902383","6.91363","Saudi Arabia"
"10","Meta Platforms (Facebook)","META","1555711000576","610.68","United States"
"11","Tesla","TSLA","1486471430144","376.365","United States"
"12","Samsung","005930.KS","1230146977474","187.335","South Korea"
"13","Berkshire Hathaway","BRK-B","1087758860288","508.13","United States"
"14","Micron Technology","MU","1082139344896","958.16","United States"
"15","Eli Lilly","LLY","1034063249408","1159.6","United States"
"16","JPMorgan Chase","JPM","962422898688","362.06","United States"
"17","Walmart","WMT","862814928896","108.42","United States"
"18","SK Hynix","000660.KS","858091661867","1208.83","South Korea"
"19","AMD","AMD","744669773824","456.16","United States"
"20","Visa","V","707144187904","378.75","United States"
"21","Johnson & Johnson","JNJ","670988042240","278.43","United States"
"22","Exxon Mobil","XOM","666993295360","162.21","United States"
"23","ASML","ASML","632301551616","1646.19","Netherlands"
"24","CXMT","688825.SS","586282006540","8.27906","China"
"25","Tencent","TCEHY","529785450000","58.65","China"
"26","Mastercard","MA","513087799296","585.71","United States"
"27","Intel","INTC","484577247232","91.67","United States"
"28","AbbVie","ABBV","459821580288","260.21","United States"
"29","Oracle","ORCL","443707752448","154.04","United States"
"30","Bank of America","BAC","440822890496","63.04","United States"
"31","Palantir","PLTR","438630252544","182.53","United States"
"32","Cisco","CSCO","428079218688","108.61","United States"
"33","China Construction Bank","601939.SS","426433441881","1.63009","China"
"34","Chevron","CVX","414526013440","211.32","United States"
"35","Costco","COST","410399703040","925.41","United States"
"36","Coca-Cola","KO","382109351936","88.81","United States"
"37","Merck","MRK","375848894464","152.34","United States"
"38","Caterpillar","CAT","367804252160","800.14","United States"
"39","Lam Research","LRCX","366211596288","292.66","United States"
"40","HSBC","HSBC","364732678144","106.46","United Kingdom"
"41","Roche","RO.SW","361924120176","454.241","Switzerland"
"42","UnitedHealth","UNH","359881670656","400.94","United States"
"43","Agricultural Bank of China","601288.SS","359387630998","1.02687","China"
"44","General Electric","GE","346006355968","333.48","United States"
"45","Applied Materials","AMAT","345937051648","435.91","United States"
"46","ICBC","1398.HK","345513927057","0.969438","China"
"47","Netflix","NFLX","344232886272","82.67","United States"
"48","Procter & Gamble","PG","341247033344","146.92","United States"
"49","Morgan Stanley","MS","341048459264","217.15","United States"
"50","Dell","DELL","333661470720","516.39","United States"
"51","Home Depot","HD","317335142400","318.07","United States"
"52","Bank of China","601988.SS","314063075947","0.974708","China"
"53","Novartis","NVS","309987573760","163.09","Switzerland"
"54","Goldman Sachs","GS","302215528448","1037.93","United States"
"55","Royal Bank Of Canada","RY","293596037120","212.07","Canada"
"56","Philip Morris International","PM","290167062528","186.17","United States"
"57","Alibaba","BABA","277917564928","111.81","China"
"58","RTX","RTX","272422354944","202.13","United States"
"59","Mitsubishi UFJ Financial","MUFG","271601598464","24.13","Japan"
"60","Palo Alto Networks","PANW","270531100672","331.94","United States"
"61","Wells Fargo","WFC","269710491648","89.19","United States"
"62","Arm Holdings","ARM","259085778944","242.59","United Kingdom"
"63","AstraZeneca","AZN","255541116928","164.77","United Kingdom"
"64","Shell","SHEL","253910777856","92.33","United Kingdom"
"65","GE Vernova","GEV","250843627520","941.84","United States"
"66","SAP","SAP","250496958464","217.03","Germany"
"67","Nestlé","NESN.SW","247952431358","96.3963","Switzerland"
"68","LVMH","MC.PA","247113209691","501.279","France"
"69","Siemens","SIE.DE","245539591173","314.688","Germany"
"70","Kweichow Moutai","600519.SS","241993832263","193.582","China"
"71","Arista Networks","ANET","241448861696","191.44","United States"
"72","CATL","300750.SZ","240996741944","52.0888","China"
"73","Amgen","AMGN","240105488384","444.12","United States"
"74","Toyota","TM","236682739712","199.87","Japan"
"75","BHP Group","BHP","235620319232","92.71","Australia"
"76","L'Oréal","OR.PA","234455116838","440.167","France"
"77","Texas Instruments","TXN","231809662976","253.83","United States"
"78","Citigroup","C","231721123840","138.14","United States"
"79","Thermo Fisher Scientific","TMO","228662820864","618.43","United States"
"80","Sandisk","SNDK","227680092160","1554.99","United States"
"81","KLA","KLAC","225954201600","172.94","United States"
"82","MediaTek","2454.TW","223360678925","139.848","Taiwan"
"83","American Express","AXP","222730698752","329.82","United States"
"84","Linde","LIN","222280024064","482.19","United Kingdom"
"85","IBM","IBM","221128376320","234.71","United States"
"86","CrowdStrike","CRWD","220115271680","214.97","United States"
"87","International Holding Company","IHC.AE","219783996840","100.2","United Arab Emirates"
"88","PetroChina","0857.HK","219683343617","1.20032","China"
"89","China Mobile","0941.HK","219614226273","10.1281","China"
"90","Santander","SAN","218730758144","15.05","Spain"
"91","Salesforce","CRM","217625886720","264.43","United States"
"92","Verizon","VZ","210190090240","50.59","United States"
"93","Novo Nordisk","NVO","210043125760","47.51","Denmark"
"94","Inditex","ITX.MC","205650924422","66.0542","Spain"
"95","Amphenol","APH","202381901824","82.07","United States"
"96","Toronto Dominion Bank","TD","202044784640","123.31","Canada"
"97","T-Mobile US","TMUS","201683714048","188.02","United States"
"98","Allianz SE","ALV.DE","199942398895","527.154","Germany"
"99","TotalEnergies","TTE","197480595456","89.25","France"
"100","SoftBank Group Corp.","9984.T","196072012970","34.4051","Japan"
"101","Commonwealth Bank","CBA.AX","193553789325","115.774","Australia"
"102","Pepsico","PEP","191267323904","140.02","United States"
"103","Charles Schwab","SCHW","190884069376","110.38","United States"
"104","Shopify","SHOP","189301866496","145.88","Canada"
"105","Abbott Laboratories","ABT","188248408064","108.79","United States"
"106","KIOXIA Holdings Corporation","285A.T","188209089012","343.923","Japan"
"107","Schneider Electric","SU.PA","187829804263","334.167","France"
"108","Marvell Technology","MRVL","187676491776","208.83","United States"
"109","Gilead Sciences","GILD","187506032640","151.22","United States"
"110","Prosus","PRX.AS","187400797604","42.8887","Netherlands"
"111","Deere &amp; Company (John Deere)","DE","187230568448","694.41","United States"
"112","Foxconn Industrial Internet","601138.SS","186701187732","9.4084","China"
"113","Reliance Industries","RELIANCE.NS","186568349808","13.7867","India"
"114","Walt Disney","DIS","185031770112","107.16","United States"
"115","McDonald","MCD","183724982272","259.63","United States"
"116","BlackRock","BLK","182972563456","1126.15","United States"
"117","Airbus","AIR.PA","181325342909","229.096","Netherlands"
"118","Seagate Technology","STX","181000568832","798.61","Ireland"
"119","Hermès","RMS.PA","180456813710","1722.87","France"
"120","QUALCOMM","QCOM","180042956800","168.57","United States"
"121","AT&T","T","179463995392","26.19","United States"
"122","DBS Group","D05.SI","175405619159","61.6757","Singapore"
"123","Nextera Energy","NEE","175347318784","84.06","United States"
"124","Sumitomo Mitsui Financial Group","SMFG","174524153856","27.56","Japan"
"125","Welltower","WELL","173744324608","241.12","United States"
"126","ABB","ABBN.SW","173267809097","95.6285","Switzerland"
"127","Analog Devices","ADI","172747587584","356.5","United States"
"128","Union Pacific Corporation","UNP","171776933888","289.15","United States"
"129","UBS","UBS","170477797376","55.68","Switzerland"
"130","CM Bank","3968.HK","168891725673","6.69678","China"
"131","Southern Copper","SCCO","168471887872","199.53","United States"
"132","Rio Tinto","RIO","167254786048","102.84","United Kingdom"
"133","Boeing","BA","166380797952","210.51","United States"
"134","China Life Insurance","601628.SS","165425414348","5.85272","China"
"135","Rolls-Royce Holdings","RR.L","165082023877","20.02","United Kingdom"
"136","Blackstone Group","BX","164568596480","137.68","United States"
"137","Pfizer","PFE","164207591424","28.81","United States"
"138","Banco Bilbao Vizcaya Argentaria","BBVA","163562569728","29.64","Spain"
"139","ConocoPhillips","COP","163045523456","135.72","United States"
"140","Deutsche Telekom","DTE.DE","159902372106","33.4341","Germany"
"141","Safran","SAF.PA","159746277304","385.51","France"
"142","Western Digital","WDC","159204065280","441.57","United States"
"143","Interactive Brokers","IBKR","158369644544","92.95","United States"
"144","Anheuser-Busch Inbev","BUD","157963321344","80.22","Belgium"
"145","Ping An Insurance","601318.SS","156526106831","8.6442","China"
"146","Tokyo Electron","8035.T","156447023458","344.372","Japan"
"147","Uber","UBER","155152859136","75.96","United States"
"148","China Shenhua Energy","601088.SS","154451189263","7.12103","China"
"149","Eaton","ETN","154241400832","397.12","Ireland"
"150","Hitachi","6501.T","154088213552","34.4243","Japan"
"151","Iberdrola","IBE.MC","153267299843","22.9678","Spain"
"152","ServiceNow","NOW","150519971840","145.59","United States"
"153","CNOOC","0883.HK","149751437642","3.15068","China"
"154","Advantest","6857.T","149601530884","207.124","Japan"
"155","Delta Electronics","2308.TW","149072276702","57.3897","Taiwan"
"156","Recruit","6098.T","148704614188","107.187","Japan"
"157","Danaher","DHR","148351139840","211.03","United States"
"158","UniCredit","UCG.MI","147475520579","98.43","Italy"
"159","Booking Holdings (Booking.com)","BKNG","146616877056","195.13","United States"
"160","Sony","SONY","146110988288","24.96","Japan"
"161","TJX Companies","TJX","145405575168","132.19","United States"
"162","Siemens Energy","ENR.F","143671599331","168.857","Germany"
"163","Zhongji Innolight","300308.SZ","141734244006","121.168","China"
"164","Vertex Pharmaceuticals","VRTX","141421068288","557.96","United States"
"165","Bristol-Myers Squibb","BMY","139088429056","68.09","United States"
"166","Unilever","UL","138325721088","64.24","United Kingdom"
"167","Newmont","NEM","137433079808","130.43","United States"
"168","Mizuho Financial Group","MFG","137006546944","11.32","Japan"
"169","Fast Retailing","9983.T","136818819557","445.88","Japan"
"170","Intesa Sanpaolo","ISP.MI","136616752563","7.83579","Italy"
"171","Capital One","COF","135273414656","220.5","United States"
"172","Prologis","PLD","134488850432","138.35","United States"
"173","Chubb","CB","134354804736","348.25","Switzerland"
"174","Compagnie Financière Richemont","CFR.SW","133715453625","227.43","Switzerland"
"175","S&P Global","SPGI","132830978048","450.58","United States"
"176","BNP Paribas","BNP.PA","132733388254","121.107","France"
"177","Intuitive Surgical","ISRG","132501962752","369.83","United States"
"178","Petrobras","PBR","132173955072","20.51","Brazil"
"179","Zijin Mining","601899.SS","132008393895","4.96445","China"
"180","Investor AB","INVE-B.ST","131989283073","43.0841","Sweden"
"181","Progressive","PGR","130090860544","223.87","United States"
"182","Air Liquide","AI.PA","127871328113","200.907","France"
"183","Corning","GLW","125762699264","146","United States"
"184","CVS Health","CVS","124315918336","97.2","United States"
"185","Snowflake","SNOW","123552505856","356.47","United States"
"186","Bharti Airtel","BHARTIARTL.NS","123419444955","19.783","India"
"187","Bank of Montreal","BMO","123297308672","176.86","Canada"
"188","Lockheed Martin","LMT","122999930880","532.95","United States"
"189","Parker-Hannifin","PH","121575309312","964.52","United States"
"190","Starbucks","SBUX","120634802176","105.82","United States"
"191","British American Tobacco","BTI","120539947008","55.97","United Kingdom"
"192","Keyence","6861.T","120493049100","496.827","Japan"
"193","HDFC Bank","HDB","119613095936","23.28","India"
"194","Medtronic","MDT","119166214144","93.1","Ireland"
"195","BYD","002594.SZ","118637563519","13.0125","China"
"196","Accenture","ACN","118178250752","193.12","Ireland"
"197","Stryker Corporation","SYK","118136659968","307.99","United States"
"198","PDD Holdings (Pinduoduo)","PDD","116191854592","81.63","China"
"199","Altria Group","MO","116030496768","69.49","United States"
"200","Scotiabank","BNS","115691339776","94.92","Canada"
"201","Spotify","SPOT","115149766656","560.11","Sweden"
"202","Mitsubishi Corporation","8058.T","114979085032","31.4022","Japan"
"203","Fortinet","FTNT","114723471360","156.36","United States"
"204","Adobe","ADBE","113585627136","285.75","United States"
"205","Lowe's Companies","LOW","113276805120","201.9","United States"
"206","OCBC Bank","O39.SI","113248167462","25.218","Singapore"
"207","Automatic Data Processing","ADP","112635904000","283.53","United States"
"208","BP","BP","112236134400","43.58","United Kingdom"
"209","Robinhood","HOOD","112133545984","124.72","United States"
"210","Foxconn (Hon Hai Precision Industry)","2317.TW","112003247842","7.99357","Taiwan"
"211","Zurich Insurance Group","ZURN.SW","111800357383","748.483","Switzerland"
"212","BNY Mellon (Bank of New York Mellon)","BNY","111498584064","164.33","United States"
"213","Airbnb","ABNB","110925045760","185.25","United States"
"214","Enbridge","ENB","110339997696","50.52","Canada"
"215","ICICI Bank","IBN","109524443136","30.52","India"
"216","CaixaBank","CABK.MC","109275935818","15.7286","Spain"
"217","Marathon Petroleum","MPC","108878569472","387.71","United States"
"218","AXA","CS.PA","107499436928","51.413","France"
"219","McKesson","MCK","107424022528","921.38","United States"
"220","CIBC (Canadian Imperial Bank of Commerce)","CM","107281653760","118.16","Canada"
"221","Valero Energy","VLO","106731831296","370.69","United States"
"222","Sanofi","SNY","106220781568","44.33","France"
"223","Al Rajhi Bank","1120.SR","106021467184","17.6702","Saudi Arabia"
"224","ING","ING","105811787776","37.09","Netherlands"
"225","Canadian Natural Resources","CNQ","105425108992","51.14","Canada"
"226","AppLovin","APP","105343909888","313.58","United States"
"227","Agnico Eagle Mines","AEM","104883355648","207.13","Canada"
"228","Freeport-McMoRan","FCX","104197431296","72.56","United States"
"229","Enel","ENEL.MI","104063712690","10.4896","Italy"
"230","Howmet Aerospace","HWM","103883776000","260.49","United States"
"231","China Yangtze Power","600900.SS","103711956349","4.23864","China"
"232","Grupo México","GMBXF","103682957312","13.25","Mexico"
"233","Vertiv Holdings","VRT","103496359936","268.83","United States"
"234","Cambricon Technologies","688256.SS","103094493684","163.94","China"
"235","AIA","1299.HK","102839645092","9.98139","Hong Kong"
"236","Equinix","EQIX","102700449792","1040.83","United States"
"237","Southern Company","SO","102117720064","88.77","United States"
"238","Phillips 66","PSX","102102114304","254.66","United States"
"239","GSK plc","GSK","101882724352","50.87","United Kingdom"
"240","CME Group","CME","101419327488","282.05","United States"
"241","KKR & Co.","KKR","101373296640","109.76","United States"
"242","Cloudflare","NET","101308243968","284.51","United States"
"243","Equinor","EQNR","101247795200","42.66","Norway"
"244","Constellation Energy","CEG","100995317760","285.05","United States"
"245","MercadoLibre","MELI","100940374016","1991.06","Argentina"
"246","State Bank of India","SBIN.NS","99990621821","10.8325","India"
"247","Itōchū Shōji","8001.T","99276684732","14.2029","Japan"
"248","Midea","000333.SZ","99201549663","13.0036","China"
"249","General Dynamics","GD","98988752896","365.87","United States"
"250","U.S. Bancorp","USB","98983010304","63.53","United States"
"251","Sinopec","600028.SS","98060918345","0.812257","China"
"252","Trane Technologies","TT","97952120832","445.19","Ireland"
"253","PNC Financial Services","PNC","97813012480","245.18","United States"
"254","Postal Savings Bank of China","601658.SS","97548034713","0.812257","China"
"255","Tokio Marine","8766.T","97457486200","51.2997","Japan"
"256","ASE Group","ASX","97455194112","37.43","Taiwan"
"257","SK Square","402340.KS","97213936285","737.539","South Korea"
"258","Bank of Communications","601328.SS","96401171824","1.09096","China"
"259","Glencore","GLCNF","96241516544","8.2","Switzerland"
"260","DoorDash","DASH","96192143360","222","United States"
"261","Duke Energy","DUK","94655848448","121.4","United States"
"262","Comcast","CMCSA","94571167744","26.65","United States"
"263","Intuit","INTU","94178779136","344.3","United States"
"264","Quanta Services","PWR","93221920768","620.06","United States"
"265","Intercontinental Exchange","ICE","92399919104","164.59","United States"
"266","Delta Electronics (Thailand)","DELTA.BK","92159845293","7.38826","Thailand"
"267","Mitsui Bussan","8031.T","91727541673","32.3647","Japan"
"268","Xiaomi","XIACF","91359723520","3.55","China"
"269","CSX Corporation","CSX","90752745472","48.99","United States"
"270","Itaú Unibanco","ITUB","90599792640","8.22","Brazil"
"271","Williams Companies","WMB","90575552512","74.05","United States"
"272","Barclays","BCS","90256719872","26.9","United Kingdom"
"273","Brookfield Corporation","BN","90231644160","40.42","Canada"
"274","Elevance Health","ELV","89953042432","414.78","United States"
"275","Marsh & McLennan Companies","MRSH","89935241216","188.46","United States"
"276","NTT (Nippon Telegraph &amp; Telephone)","9432.T","89788992424","1.10812","Japan"
"277","Atlas Copco","ATCO-B.ST","89387354165","18.3223","Sweden"
"278","Tata Consultancy Services","TCS.NS","88852341592","24.5578","India"
"279","Waste Management","WM","88624857088","221.72","United States"
"280","HCA Healthcare","HCA","88592416768","409.2","United States"
"281","Lloyds Banking Group","LYG","88270716928","6.1","United Kingdom"
"282","United Parcel Service","UPS","88055889920","103.5","United States"
"283","Marriott International","MAR","87635730432","336.07","United States"
"284","Moody's","MCO","87335174144","504.3","United States"
"285","Regeneron Pharmaceuticals","REGN","86839443456","843.47","United States"
"286","3M","MMM","86801244160","168.31","United States"
"287","National Australia Bank","NAB.AX","86720193608","28.3276","Australia"
"288","Monster Beverage","MNST","86355009536","44.08","United States"
"289","Johnson Controls","JCI","86154600448","142.23","Ireland"
"290","Westpac Banking","WBC.AX","85987586637","25.1801","Australia"
"291","SLB (Schlumberger)","SLB","85204664320","57.41","United States"
"292","Enterprise Products","EPD","84586717184","39.17","United States"
"293","Cadence Design Systems","CDNS","83960438784","304.875","United States"
"294","Infineon","IFX.DE","83918147059","64.5773","Germany"
"295","Emerson","EMR","83787145216","150.21","United States"
"296","ANZ Bank","ANZ.AX","83093941330","27.5965","Australia"
"297","Murata Manufacturing (Murata Seisakusho)","6981.T","82927816525","45.5569","Japan"
"298","American Tower","AMT","82824404992","177.75","United States"
"299","Dior","CDI.PA","81865574243","453.774","France"
"300","EssilorLuxottica","EL.PA","81669372079","177.87","France"
"301","TAQA","TAQA.AE","81434161761","0.72","United Arab Emirates"
"302","Carvana","CVNA","81394491392","73.43","United States"
"303","Sherwin-Williams","SHW","80658825216","332.26","United States"
"304","Mitsubishi Heavy Industries","7011.T","80636920601","23.9976","Japan"
"305","Suncor Energy","SU","80574054400","68.24","Canada"
"306","Cintas","CTAS","80454090752","201.05","United States"
"307","Brookfield Asset Management","BAM","80325787648","50.29","Canada"
"308","Simon Property Group","SPG","80297959424","211.52","United States"
"309","CPKC (Canadian Pacific Kansas City)","CP","80259940352","91.3","Canada"
"310","Eoptolink Technology","300502.SZ","79952038503","57.3438","China"
"311","Synopsys","SNPS","79780249600","416.31","United States"
"312","ENI","E","79424806912","55.13","Italy"
"313","Apollo Global Management","APO","79422152704","134.49","United States"
"314","General Motors","GM","78886264832","87.22","United States"
"315","National Grid","NGG","78589526016","78.17","United Kingdom"
"316","Generali","G.MI","78464717688","52.006","Italy"
"317","Mondelez International","MDLZ","78429134848","61.45","United States"
"318","BAE Systems","BA.L","78390842397","26.7664","United Kingdom"
"319","Ecolab","ECL","78203273216","278.97","United States"
"320","Motorola Solutions","MSI","78151131136","472.23","United States"
"321","Deutsche Bank","DB","78091247616","41.56","Germany"
"322","The Travelers Companies","TRV","78077976576","374.34","United States"
"323","Japan Tobacco","2914.T","77394011131","43.5935","Japan"
"324","Illinois Tool Works","ITW","77365919744","271.65","United States"
"325","Munich RE (Münchener Rück)","MUV2.DE","77253213389","614.025","Germany"
"326","Datadog","DDOG","77114949632","214.76","United States"
"327","FedEx","FDX","76754583552","324.31","United States"
"328","EOG Resources","EOG","76560285696","145.96","United States"
"329","Japan Post Bank","7182.T","76131224171","21.3733","Japan"
"330","Lumentum","LITE","76009086976","847.37","United States"
"331","Nu Holdings","NU","75745198080","15.68","Brazil"
"332","The Cigna Group","CI","75641479168","286.26","United States"
"333","SMIC","0981.HK","75350812789","8.80148","China"
"334","Barrick Gold","B","75315666944","45.76","Canada"
"335","NatWest Group","NWG","75233378304","18.95","United Kingdom"
"336","Cummins","CMI","75095973888","545.5","United States"
"337","Northrop Grumman","NOC","75043373056","528.24","United States"
"338","NetEase","NTES","74941284352","117.05","China"
"339","Hyundai","005380.KS","74541586265","284.69","South Korea"
"340","Target","TGT","74509205504","164.01","United States"
"341","Canadian National Railway","CNI","74505527296","123.17","Canada"
"342","Volvo Group","VOLV-A.ST","74429563181","36.6026","Sweden"
"343","Ross Stores","ROST","74315350016","231.67","United States"
"344","Manulife Financial","MFC","73985933312","44.59","Canada"
"345","Energy Transfer LP","ET","73824346112","21.44","United States"
"346","Norfolk Southern","NSC","73633357824","327.83","United States"
"347","WuXi AppTec","2359.HK","73485747957","24.5166","China"
"348","Ferrari","RACE","73457393664","417.93","Italy"
"349","SoftBank Corp.","9434.T","73109173070","1.5284","Japan"
"350","CITIC Bank","601998.SS","72814658655","1.30855","China"
"351","Vinci","DG.PA","72813476142","131.585","France"
"352","Chugai Pharmaceutical","4519.T","72380520766","43.9849","Japan"
"353","Hewlett Packard Enterprise","HPE","72089640960","54.44","United States"
"354","Colgate-Palmolive","CL","71817297920","90.09","United States"
"355","DHL Group (Deutsche Post)","DHL.DE","71254800236","64.1935","Germany"
"356","Wheaton Precious Metals","WPM","71135076352","156.63","Canada"
"357","Warner Bros. Discovery","WBD","71127474176","28.37","United States"
"358","KDDI","9433.T","71094824443","19.2302","Japan"
"359","Royal Caribbean Group","RCL","71021895680","265.55","United States"
"360","NAURA Technology Group","002371.SZ","70932533957","97.7451","China"
"361","Digital Realty","DLR","70921469952","187.79","United States"
"362","Hilton Worldwide","HLT","70749159424","314.35","United States"
"363","O'Reilly Automotive","ORLY","70686990336","87.38","United States"
"364","Nordea Bank","NDA-FI.HE","70685108987","20.828","Finland"
"365","Kinder Morgan","KMI","70366953472","31.6","United States"
"366","Vingroup Company","VIC.VN","70335748170","9.37968","Vietnam"
"367","ENGIE","ENGI.PA","70291756754","27.666","France"
"368","Bank of China (Hong Kong)","2388.HK","70264117304","6.64576","Hong Kong"
"369","Merck KGaA","MRK.DE","69698958520","160.309","Germany"
"370","Mitsubishi Electric","6503.T","69619972811","34.0201","Japan"
"371","America Movil","AMX","69425840128","23.18","Mexico"
"372","Shin-Etsu Chemical","4063.T","69383357106","37.5107","Japan"
"373","Bloom Energy","BE","69375918080","235.55","United States"
"374","Aon","AON","69365022720","327","United Kingdom"
"375","Sea Limited","SE","69272002560","113.1","Singapore"
"376","Bajaj Finance","BAJFINANCE.NS","69073700643","11.1035","India"
"377","Ma'aden","1211.SR","69057572091","17.7901","Saudi Arabia"
"378","Sberbank","SBER.ME","69023853916","3.16","Russia"
"379","Republic Services","RSG","68934664192","225.12","United States"
"380","Macquarie Group Limited","MQG.AX","68917314368","180.82","Australia"
"381","Arthur J. Gallagher & Co.","AJG","68355891200","266.66","United States"
"382","Boston Scientific","BSX","68041330688","46.95","United States"
"383","American Electric Power","AEP","67891798016","124.71","United States"
"384","Air Products and Chemicals","APD","67745394688","304.22","United States"
"385","ADNOC Gas","ADNOCGAS.AE","67289145765","0.88","United Arab Emirates"
"386","The Saudi National Bank","1180.SR","66827822646","11.26","Saudi Arabia"
"387","Allstate","ALL","66529452032","263.11","United States"
"388","Nintendo","7974.T","66395813532","56.8371","Japan"
"389","Crédit Agricole","ACA.PA","66110426188","21.9153","France"
"390","Hong Kong Exchanges & Clearing","0388.HK","65911948258","52.1456","Hong Kong"
"391","Standard Chartered","STAN.L","65827928661","30.1612","United Kingdom"
"392","Honeywell","HON","65806254080","207.63","United States"
"393","Imperial Oil","IMO","65605582848","131.94","Canada"
"394","Paccar","PCAR","65537703936","124.51","United States"
"395","Argenx","ARGX","65512329216","1053.46","Netherlands"
"396","TC Energy","TRP","65506304000","62.88","Canada"
"397","Vale","VALE","65155727360","15.31","Brazil"
"398","CITIC Securities","600030.SS","64875061802","4.1522","China"
"399","Luxshare Precision","002475.SZ","64776885268","8.37146","China"
"400","Cencora","COR","64350736384","337.22","United States"
"401","TransDigm Group","TDG","64000815104","1157.83","United States"
"402","RELX","RELX","63818039296","36.65","United Kingdom"
"403","Z.AI","2513.HK","63808943540","143.12","China"
"404","Fubon Financial","2881.TW","63560497919","4.65109","Taiwan"
"405","Wesfarmers","WES.AX","63510086779","55.9421","Australia"
"406","Société Générale","GLE.PA","63191115191","86.4984","France"
"407","Baker Hughes","BKR","63173775360","63.64","United States"
"408","MetLife","MET","63058378752","99.23","United States"
"409","Truist Financial Corporation","TFC","63048130560","51.61","United States"
"410","Panasonic","6752.T","62969219914","26.9684","Japan"
"411","Targa Resources","TRGP","62944083968","293.54","United States"
"412","LG Energy Solution","373220.KS","62734354030","268.096","South Korea"
"413","United Rentals","URI","61860941824","993.87","United States"
"414","W. W. Grainger","GWW","61836001280","1312.84","United States"
"415","KBC","KBCSF","61488443392","154.12","Belgium"
"416","Cement Roadstone Holding","CRH","61232783360","92.04","Ireland"
"417","National Bank of Canada","NA.TO","60842550762","157.974","Canada"
"418","TE Connectivity","TEL","60626964480","209.41","Switzerland"
"419","Occidental Petroleum","OXY","60588023808","60.61","United States"
"420","Anglo American","AAL.L","60504524542","56.4678","United Kingdom"
"421","Cenovus Energy","CVE","60491235328","32.8","Canada"
"422","CSL","CSL.AX","60388305713","126.095","Australia"
"423","Oneok","OKE","60357894144","95.75","United States"
"424","MPLX","MPLX","60162347008","59.34","United States"
"425","Cheniere Energy","LNG","60070461440","290.85","United States"
"426","Takeda Pharmaceutical","TAK","59750436864","18.71","Japan"
"427","Monolithic Power Systems","MPWR","59642404864","1213.65","United States"
"428","Nongfu Spring","9633.HK","59563480873","5.2962","China"
"429","Nucor","NUE","59548061696","262.47","United States"
"430","Deutsche Börse","DB1.DE","59522811127","330.155","Germany"
"431","Moderna","MRNA","59434246144","148.87","United States"
"432","Aflac","AFL","59338993664","118.36","United States"
"433","Great-West Lifeco","GWO.TO","59332131888","66.2781","Canada"
"434","Corteva","CTVA","59126915072","88.62","United States"
"435","Dominion Energy","D","58743537664","66.79","United States"
"436","Realty Income","O","58419503104","61.74","United States"
"437","Saudi Telecom Company","7010.SR","58284628422","11.6807","Saudi Arabia"
"438","London Stock Exchange","LSEG.L","58208501957","120.347","United Kingdom"
"439","Rheinmetall","RHM.F","58200759127","1247.12","Germany"
"440","Larsen &amp; Toubro","LT.NS","57889048881","42.0746","India"
"441","Cardinal Health","CAH","57820651520","248.61","United States"
"442","Strategy 
 (MicroStrategy)","MSTR","57534332928","144.82","United States"
"443","Nike","NKE","57515245568","38.77","United States"
"444","Ford","F","57461256192","14.41","United States"
"445","First Abu Dhabi Bank","FAB.AE","57451916429","5.2","United Arab Emirates"
"446","ArcelorMittal","MT","57359953920","76.07","Luxembourg"
"447","Singtel","Z74.SI","57267701611","3.51237","Singapore"
"448","Nebius Group","NBIS","57260867584","210.63","Netherlands"
"449","Public Storage","PSA","57093779456","305.73","United States"
"450","Diamondback Energy","FANG","56827215872","202.94","United States"
"451","NXP Semiconductors","NXPI","56734420992","224.99","Netherlands"
"452","Zijin Gold International Company Limited","2259.HK","56670349878","21.1746","Hong Kong"
"453","Industrial Bank","601166.SS","56552462675","2.67225","China"
"454","Fastenal","FAST","56491307008","49.23","United States"
"455","AngloGold Ashanti","AU","56479252480","111.67","South Africa"
"456","Bayer","BAYN.DE","56370282015","57.3788","Germany"
"457","Meituan","3690.HK","56357837995","10.0771","China"
"458","Nan Ya Plastics","1303.TW","56268248173","7.09488","Taiwan"
"459","Thales","HO.PA","56148505455","272.939","France"
"460","Comfort Systems USA","FIX","55613722624","1580.19","United States"
"461","Sumitomo","8053.T","55309704859","11.6716","Japan"
"462","Sempra","SRE","55300354048","84.57","United States"
"463","Nasdaq","NDAQ","55176654848","98.71","United States"
"464","Keysight","KEYS","54942183424","322.62","United States"
"465","Erste Group Bank","EBO.F","54931585233","141.412","Austria"
"466","Nokia","NOK","54698762240","9.77","Finland"
"467","Alimentation Couche-Tard","ATD.TO","54511808752","59.3835","Canada"
"468","UOB","U11.SI","54362679225","32.9295","Singapore"
"469","China Telecom","0728.HK","53926668004","0.589317","China"
"470","Ametek","AME","53692985344","234.2","United States"
"471","Fujikura","5803.T","53692424944","32.4288","Japan"
"472","Devon Energy","DVN","53668999168","48.79","United States"
"473","BASF","BAS.DE","53573589034","62.2282","Germany"
"474","Garmin","GRMN","53454868480","277.18","Switzerland"
"475","State Street Corporation","STT","53275660288","193.94","United States"
"476","E.ON","EOAN.DE","53042538036","20.2989","Germany"
"477","The People's Insurance Company (PICC)","601319.SS","52992067674","1.19827","China"
"478","Teradyne","TER","52935413760","338.59","United States"
"479","Marubeni","8002.T","52852896033","32.4866","Japan"
"480","BTG Pactual","BPAC3.SA","52754839071","4.55268","Brazil"
"481","RWE","RWE.DE","52591625548","67.4264","Germany"
"482","Mercedes-Benz","MBG.DE","52475585710","54.8145","Germany"
"483","Compass Group","CPG.L","52471668736","30.86","United Kingdom"
"484","Hoya","7741.T","52469717594","156.851","Japan"
"485","Antofagasta","ANTO.L","52468977330","53.2217","United Kingdom"
"486","Swiss Re","SREN.SW","52446380788","177.833","Switzerland"
"487","Loblaw Companies","L.TO","52311786402","45.268","Canada"
"488","Commerzbank","CBK.F","52163224625","48.2614","Germany"
"489","Emirates NBD Bank PJSC","EMIRATESNBD.AE","52148140026","8.25573","United Arab Emirates"
"490","Franco-Nevada","FNV","52135718912","270.31","Canada"
"491","Cathay Financial Holding","2882.TW","52038159978","3.54744","Taiwan"
"492","Shengyi Technology (SYTECH)","600183.SS","51836751143","21.3407","China"
"493","Delta Air Lines","DAL","51787812864","78.75","United States"
"494","Coherent Corp.","COHR","51780001792","264.41","United States"
"495","Edwards Lifesciences","EW","51749191680","89.78","United States"
"496","Becton Dickinson","BDX","51105214464","187.62","United States"
"497","Coinbase","COIN","50841374720","192.7","United States"
"498","Siemens Healthineers","SHL.DE","50512982946","45.1332","Germany"
"499","Diageo","DEO","50409082880","90.68","United Kingdom"
"500","Lonza","LONN.SW","50339743326","720.743","Switzerland"
"501","Entergy","ETR","50293542912","107.78","United States"
"502","Emirates Telecom (Etisalat Group)","EAND.AE","50199080152","5.77","United Arab Emirates"
"503","Block","XYZ","50088280064","83.37","United States"
"504","Sandvik","SAND.ST","50018356303","39.8748","Sweden"
"505","Ameriprise Financial","AMP","49915334656","565.08","United States"
"506","Samsung Biologics","207940.KS","49914720752","1078.28","South Korea"
"507","Workday","WDAY","49867718656","206.92","United States"
"508","Fifth Third Bank","FITB","49851883520","54.97","United States"
"509","United Microelectronics","UMC","49807065088","19.86","Taiwan"
"510","PICC Property and Casualty Company Limited","2328.HK","49651624819","2.23226","China"
"511","Autodesk","ADSK","49641680896","237.52","United States"
"512","Holcim Group","HOLN.SW","49414792981","89.3375","Switzerland"
"513","DSV","DSV.VI","49287355331","206.419","Denmark"
"514","Atlassian","TEAM","49281060864","194.68","Australia"
"515","CITIC limited","0267.HK","49240816335","1.69269","China"
"516","Medline","MDLN","49229402112","36.59","United States"
"517","UCB","UCB.VI","49156753949","257.821","Belgium"
"518","Lenovo","0992.HK","49146536532","3.96194","Hong Kong"
"519","Honeywell Aerospace","HONA","49114996736","154.96","United States"
"520","Astera Labs","ALAB","49065058304","282.82","United States"
"521","Infosys","INFY","48968118272","12.09","India"
"522","DNB","DNB.OL","48934026335","34.3133","Norway"
"523","Humana","HUM","48815042560","406.52","United States"
"524","L3Harris Technologies","LHX","48814305280","262.14","United States"
"525","China Pacific Insurance","601601.SS","48806420545","5.07325","China"
"526","Hindustan Unilever","HINDUNILVR.NS","48794900864","20.7674","India"
"527","Endesa","ELE.MC","48772695001","47.9125","Spain"
"528","Walmex","WMMVF","48733253632","2.83","Mexico"
"529","ORLEN","PKN.WA","48729823878","41.9744","Poland"
"530","Carrier Global","CARR","48701124608","59.08","United States"
"531","AMEC","688012.SS","48679410789","50.8219","China"
"532","Sun Pharmaceutical","SUNPHARMA.NS","48659704204","20.2805","India"
"533","PayPal","PYPL","48607285248","56.82","United States"
"534","Maersk","MAERSK-B.CO","48491251299","3363.17","Denmark"
"535","AutoZone","AZO","48454307840","2968.04","United States"
"536","Thomson Reuters","TRI","48417177600","111.76","Canada"
"537","Vistra","VST","48405307392","144.22","United States"
"538","Coca-Cola European Partners","CCEP","48150888448","109.15","United Kingdom"
"539","MS&amp;AD Insurance","8725.T","47990748755","33.4683","Japan"
"540","Hikvision","002415.SZ","47779661895","5.21335","China"
"541","Xcel Energy","XEL","47684579328","76.34","United States"
"542","Swire Pacific","0019.HK","47665220092","13.1384","Hong Kong"
"543","Rockwell Automation","ROK","47656407040","428.28","United States"
"544","Danone","BN.PA","47638571235","73.9621","France"
"545","Orange","ORA.PA","47613692286","17.9149","France"
"546","Nanya Technology","2408.TW","47584014005","15.3565","Taiwan"
"547","Chipotle Mexican Grill","CMG","47541751808","37.57","United States"
"548","Porsche","P911.DE","47462260799","52.0991","Germany"
"549","Wabtec","WAB","47435231232","280.83","United States"
"550","Ventas","VTR","47247491072","92.11","United States"
"551","Natera","NTRA","47231725568","327.67","United States"
"552","Titan Company","TITAN.NS","47213751451","53.2098","India"
"553","CMOC","3993.HK","47211852778","2.20675","China"
"554","eBay","EBAY","47107698688","105.86","United States"
"555","Bank Central Asia","BBCA.JK","47062477867","0.383115","Indonesia"
"556","Galderma Group","GALD.SW","47027644195","201.672","Switzerland"
"557","Danske Bank","DANS.VI","46947519492","58.1928","Denmark"
"558","Heineken","HEIA.AS","46935568261","84.5912","Netherlands"
"559","Ambev","ABEV","46876794880","3.04","Brazil"
"560","Sun Hung Kai Properties","0016.HK","46869609904","16.1743","Hong Kong"
"561","Constellation Software","CSU.TO","46726326671","2204.95","Canada"
"562","Ares Management","ARES","46679896064","141.52","United States"
"563","CoreWeave","CRWV","46637932544","84.56","United States"
"564","KB Financial Group","KB","46472404992","132.36","South Korea"
"565","Guotai Junan Securities","601211.SS","46352134159","2.63648","China"
"566","JBS N.V.","JBS","46248456192","14.06","Brazil"
"567","Unimicron","3037.TW","46159233686","28.9787","Taiwan"
"568","Kuwait Finance House","KFH.KW","46145743579","2494.49","Kuwait"
"569","Skandinaviska Enskilda Banken","SEB-A.ST","46134825035","23.713","Sweden"
"570","Veeva Systems","VEEV","46043639808","284.38","United States"
"571","Shanghai Pudong Development Bank","600000.SS","46014745417","1.38158","China"
"572","Exelon Corporation","EXC","45877207040","44.53","United States"
"573","STMicroelectronics","STM","45738074112","51.28","Switzerland"
"574","HEICO","HEI","45518991360","325.7","United States"
"575","Jiangsu Hengrui Medicine","600276.SS","45463388187","6.84978","China"
"576","Cerebras Systems","CBRS","45241696256","190.44","United States"
"577","Revolution Medicines","RVMD","45197119488","210.87","United States"
"578","Woodside Energy","WDS","45094092800","23.72","Australia"
"579","Banco Santander Brasil","BSBR","45074915328","6.02","Brazil"
"580","Swedbank","SWED-A.ST","45067145365","40.1055","Sweden"
"581","Toyota Tsusho","8015.T","45064304716","48.0593","Japan"
"582","Aena","AENA.MC","45005232393","30.0035","Spain"
"583","Sun Life Financial","SLF","44976971776","80.79","Canada"
"584","Ciena","CIEN","44937392128","317.46","United States"
"585","East Money Information","300059.SZ","44827641039","2.83321","China"
"586","Keurig Dr Pepper","KDP","44743958528","32.88","United States"
"587","ORIX","IX","44740411392","41.19","Japan"
"588","IQVIA","IQV","44708651008","271.62","United States"
"589","Wiwynn","6669.TW","44653829598","80.0933","Taiwan"
"590","Volkswagen","VOW3.DE","44515531990","88.801","Germany"
"591","Paychex","PAYX","44488810496","125.08","United States"
"592","Quanta Computer","2382.TW","44468651595","10.8473","Taiwan"
"593","Kotak Mahindra Bank","KOTAKBANK.NS","44344593302","4.45779","India"
"594","ASM International","ASM.AS","44216027172","903.593","Netherlands"
"595","Japan Post Holdings","6178.T","44108483035","16.131","Japan"
"596","Cameco","CCJ","43823329280","100.62","Canada"
"597","Axon Enterprise","AXON","43717918720","538.15","United States"
"598","Adani Enterprises","ADANIENT.NS","43694587162","30.7065","India"
"599","Reckitt Benckiser","RKT.L","43602479907","68.7081","United Kingdom"
"600","Haleon","HLN","43360575488","9.86","United Kingdom"
"601","Dai-ichi Life Holdings","8750.T","43325965133","12.0277","Japan"
"602","Fomento Económico Mexicano (FEMSA)","FMX","43325208840","121.08","Mexico"
"603","Samsung C&T Corporation","028260.KS","43266421242","264.408","South Korea"
"604","Fujitsu","6702.T","43239851496","24.9793","Japan"
"605","Ferguson Enterprises","FERG","43184451584","223.23","United Kingdom"
"606","CBRE Group","CBRE","43071430656","148.74","United States"
"607","BMW","BMW.DE","42991071188","71.8223","Germany"
"608","Compagnie de Saint-Gobain","SGO.PA","42985483785","87.8009","France"
"609","Gold Fields","GFI","42905575424","48.16","South Africa"
"610","Honda","HMC","42875088896","33.04","Japan"
"611","WEG ON","WEGE3.SA","42846332541","10.2116","Brazil"
"612","Sumitomo Denki Kōgyō","5802.T","42797031340","13.7184","Japan"
"613","Power Corporation of Canada","POW.TO","42787816171","68.163","Canada"
"614","Maruti Suzuki India","MARUTI.NS","42786701799","136.089","India"
"615","Teva Pharmaceutical Industries","TEVA","42673143808","36.62","Israel"
"616","Adani Power","ADANIPOWER.NS","42517163100","2.20471","India"
"617","Prudential Financial","PRU","42503999488","123.2","United States"
"618","Komatsu","6301.T","42436546963","47.7578","Japan"
"619","Agilent Technologies","A","42289233920","149.98","United States"
"620","Waste Connections","WCN","41964265472","166.81","United States"
"621","Jardine Matheson","J36.SI","41868470000","58.07","Hong Kong"
"622","MSCI","MSCI","41777057792","574.65","United States"
"623","Roper Technologies","ROP","41770782720","422.35","United States"
"624","QNB (Qatar National Bank)","QNBK.QA","41750391764","4.58791","Qatar"
"625","Ferrovial","FER.MC","41746918925","57.9253","Spain"
"626","Axis Bank","AXISBANK.BO","41723583345","13.402","India"
"627","IDEXX Laboratories","IDXX","41698058240","529.29","United States"
"628","Yum! Brands","YUM","41628332032","152.54","United States"
"629","Adani Ports & SEZ","ADANIPORTS.NS","41616367211","18.063","India"
"630","Legrand","LR.PA","41594391868","158.681","France"
"631","CTBC Financial Holding","2891.TW","41569308145","2.1127","Taiwan"
"632","Live Nation","LYV","41347985408","177.49","United States"
"633","Grayscale Bitcoin Trust","GBTC","41085235200","59.34","United States"
"634","BeOne Medicines","ONC","41027145728","362.68","United States"
"635","NEC Corp","6701.T","41020337917","30.9274","Japan"
"636","Banca Monte dei Paschi di Siena","BMPS.MI","40903278202","13.462","Italy"
"637","Wuliangye Yibin","000858.SZ","40888868605","10.534","China"
"638","Otsuka Holdings","4578.T","40875430310","77.7997","Japan"
"639","Assa Abloy","ASSA-B.ST","40855310348","36.7809","Sweden"
"640","Rocket Lab","RKLB","40800817152","63.81","United States"
"641","Prysmian Group","PRY.MI","40715740562","139.319","Italy"
"642","Goodman Group","GMG.AX","40683668721","19.7998","Australia"
"643","Archer Daniels Midland (ADM)","ADM","40667750400","84.38","United States"
"644","ABN AMRO","ABN.AS","40628323662","49.8546","Netherlands"
"645","Swisscom","SCMN.SW","40607591587","783.901","Switzerland"
"646","Waters Corporation","WAT","40605741056","413.56","United States"
"647","Poste Italiane","PST.MI","40517880754","31.3757","Italy"
"648","Suzhou TFC Optical Communication","300394.SZ","40450121614","37.0821","China"
"649","D. R. Horton","DHI","40391663616","144.41","United States"
"650","Daimler Truck","DTG.F","40357865720","53.0876","Germany"
"651","Rocket Companies","RKT","40265953280","14.22","United States"
"652","Consolidated Edison","ED","40218865664","108.75","United States"
"653","GigaDevice Semiconductor","603986.SS","40204758416","57.1113","China"
"654","American International Group","AIG","40189571072","76.86","United States"
"655","Take-Two Interactive","TTWO","40038125568","214.13","United States"
"656","Mahindra &amp; Mahindra","M&M.NS","40036000276","33.3422","India"
"657","Flex","FLEX","39854886912","107.89","Singapore"
"658","Shinhan Financial Group","SHG","39773913088","84.47","South Korea"
"659","Microchip Technology","MCHP","39699365888","73.11","United States"
"660","Hanwha Aerospace","012450.KS","39615103645","769.991","South Korea"
"661","Samsung Life Insurance","032830.KS","39534373516","220.155","South Korea"
"662","SABIC","2010.SR","39500384751","13.1668","Saudi Arabia"
"663","EQT","EQT.ST","39496229742","33.8652","Sweden"
"664","Lukoil","LKOH.ME","39463084178","54.89","Russia"
"665","Tesco","TSCO.L","39451847782","6.33386","United Kingdom"
"666","Rosneft","ROSN.ME","39305351680","3.69","Russia"
"667","Sompo Holdings","8630.T","39269208115","44.1838","Japan"
"668","Celestica","CLS","39074267136","309.84","Canada"
"669","ACWA POWER Company","2082.SR","38928290845","50.8136","Saudi Arabia"
"670","Sysco","SYY","38845104128","81.08","United States"
"671","SSE","SSE.L","38749185650","32.1224","United Kingdom"
"672","Old Dominion Freight Line","ODFL","38630109184","185.75","United States"
"673","Bank Leumi","LUMI.TA","38621490795","26.2563","Israel"
"674","PKO Bank Polski","PKO.WA","38614220790","30.8914","Poland"
"675","Talanx","TLX.DE","38588702380","149.436","Germany"
"676","Nutrien","NTR","38525169664","80.73","Canada"
"677","China State Shipbuilding Corporation (CSSC)","600150.SS","38493423187","5.11498","China"
"678","Renesas Electronics","6723.T","38414456756","21.0203","Japan"
"679","Fortescue","FMG.AX","38365091919","12.4604","Australia"
"680","Vodafone","VOD","38316933120","16.58","United Kingdom"
"681","Adyen","ADYEN.AS","38288223458","1212.93","Netherlands"
"682","Telstra","TLS.AX","38229605888","3.43201","Australia"
"683","Viking Holdings","VIK","38223290368","85.58","Bermuda"
"684","3i Group","III.L","38175437610","38.2222","United Kingdom"
"685","The Hartford","HIG","37922078720","140","United States"
"686","Accton Technology","2345.TW","37803355282","67.6379","Taiwan"
"687","Disco Corp.","6146.T","37791692133","348.414","Japan"
"688","HCL Technologies","HCLTECH.NS","37776198258","13.9614","India"
"689","Sandoz Group","SDZ.SW","37701861306","87.1331","Switzerland"
"690","COSCO Shipping","601919.SS","37613768177","2.46956","China"
"691","Sika","SIKA.SW","37611330829","234.427","Switzerland"
"692","Givaudan","GIVN.SW","37519730067","4064.4","Switzerland"
"693","Kinross Gold","KGC","37473345536","31.59","Canada"
"694","JD.com","JD","37462867968","27.74","China"
"695","Dubai Electricity and Water Authority (DEWA)","DEWA.AE","37439415972","0.748788","United Arab Emirates"
"696","Doosan Enerbility","034020.KS","37428012251","58.5606","South Korea"
"697","Hochtief","HOT.F","36979806532","491.452","Germany"
"698","Hannover Rück","HNR1.DE","36940673274","306.315","Germany"
"699","Twilio","TWLO","36931768320","240.48","United States"
"700","Royalty Pharma","RPRX","36912128000","63.88","United Kingdom"
"701","Moore Threads","688795.SS","36789232774","78.2703","China"
"702","PSEG","PEG","36788379648","73.81","United States"
"703","Restaurant Brands International","QSR","36767989760","80.26","Canada"
"704","Banco Bradesco","BBD","36638552064","3.46","Brazil"
"705","OTP Bank","OTP.BD","36625981267","144.625","Hungary"
"706","Daikin","6367.T","36611661462","131.538","Japan"
"707","Estee Lauder","EL","36491001856","100.86","United States"
"708","Kenvue","KVUE","36398657536","18.95","United States"
"709","Expedia Group","EXPE","36383494144","303.14","United States"
"710","NetApp","NTAP","36377911296","185.38","United States"
"711","Kia","000270.KS","36318439318","93.4462","South Korea"
"712","Muyuan Foods","002714.SZ","36205445496","6.27152","China"
"713","Venture Global","VG","36201345024","14.48","United States"
"714","Martin Marietta Materials","MLM","36144607232","508.94","United States"
"715","Wanhua Chemical","600309.SS","36102341332","11.5326","China"
"716","Ubiquiti","UI","36072493056","595.96","United States"
"717","PTT PCL","PTT-R.BK","35954425148","1.26938","Thailand"
"718","Kimberly-Clark","KMB","35901906944","107.95","United States"
"719","TKO Group Holdings","TKO","35851468800","189.42","United States"
"720","Kroger","KR","35845992448","58.51","United States"
"721","Aselsan","ASELS.IS","35813151803","7.85376","Turkey"
"722","Resona Holdings","8308.T","35797094001","16.0283","Japan"
"723","Repsol","REP.MC","35775392471","32.9573","Spain"
"724","Experian","EXPGF","35636146176","40.3","Ireland"
"725","ČEZ Group","CEZ.PR","35624767931","66.3638","Czech Republic"
"726","Yageo","2327.TW","35623711323","17.343","Taiwan"
"727","Henkel","HEN3.DE","35536863228","87.7776","Germany"
"728","Ibiden","4062.T","35459582905","126.148","Japan"
"729","Alnylam Pharmaceuticals","ALNY","35392512000","264.5","United States"
"730","Ecopetrol","EC","35360358400","17.2","Colombia"
"731","Fanuc","6954.T","35350647370","37.8828","Japan"
"732","Naspers","NPSNY","35348774912","9.45","South Africa"
"733","Woolworths Group","WOW.AX","35300030600","28.8966","Australia"
"734","United Airlines Holdings","UAL","35267747840","108.66","United States"
"735","Steel Dynamics","STLD","35263012864","246.03","United States"
"736","The Hershey Company","HSY","35174047744","175.06","United States"
"737","TDK","6762.T","35137694581","18.5115","Japan"
"738","Weichai Power","2338.HK","35135791223","4.06654","China"
"739","Prudential","PUK","35134091264","28.35","United Kingdom"
"740","UltraTech Cement","ULTRACEMCO.NS","35107304532","119.344","India"
"741","CK Hutchison Holdings","0001.HK","35029149630","9.14589","Hong Kong"
"742","ITC","ITC.NS","34880471929","2.78381","India"
"743","Kering","KER.PA","34878997707","284.452","France"
"744","Alcon","ALC","34843471872","72.08","Switzerland"
"745","Fairfax Financial","FFH.TO","34830674119","1677.04","Canada"
"746","Raymond James Financial","RJF","34789310464","181.1","United States"
"747","EQT Corporation","EQT","34784948224","55.61","United States"
"748","WEC Energy Group","WEC","34768125952","106.7","United States"
"749","Bank Hapoalim","POLI.TA","34745949380","26.5888","Israel"
"750","Dollarama","DOL.TO","34725389219","128.242","Canada"
"751","BPER Banca","BPE.MI","34677708291","16.6252","Italy"
"752","Bajaj Auto","BAJAJ-AUTO.NS","34672260637","126.171","India"
"753","M&T Bank","MTB","34668564480","240.06","United States"
"754","Novatek","NVTK.ME","34594380452","11.19","Russia"
"755","Maybank","MLYBY","34472398848","5.7","Malaysia"
"756","Huntington Bancshares","HBAN","34468278272","17.06","United States"
"757","Intact Financial","IFC.TO","34364917239","194.869","Canada"
"758","Ping An Bank","000001.SZ","34359555230","1.77057","China"
"759","Dassault Systèmes","DSY.PA","34351704987","26.1426","France"
"760","Schindler Group","SCHN.SW","34301057779","316.409","Switzerland"
"761","Northern Trust","NTRS","34294122496","187.445","United States"
"762","Iron Mountain","IRM","34229870592","114.98","United States"
"763","Arch Capital","ACGL","34064904192","99.83","Bermuda"
"764","Leonardo","LDO.MI","33973138176","58.8906","Italy"
"765","NTPC Limited","NTPC.NS","33962708475","3.50251","India"
"766","Chunghwa Telecom","CHT","33946585088","43.76","Taiwan"
"767","Bank of Ningbo","002142.SZ","33855987210","5.12691","China"
"768","DexCom","DXCM","33853034496","89.71","United States"
"769","JSW Steel","JSWSTEEL.NS","33795177715","13.8449","India"
"770","HD Hyundai Heavy Industries","329180.KS","33781628730","321.936","South Korea"
"771","SAAB AB","SAAB-B.ST","33765691756","62.6858","Sweden"
"772","Teck Resources","TECK","33763092480","68.82","Canada"
"773","Crown Castle","CCI","33762621440","77.26","United States"
"774","Bajaj Finserv","BAJAJFINSV.NS","33742762788","21.086","India"
"775","Hindustan Aeronautics","HAL.NS","33734999052","50.443","India"
"776","Vulcan Materials","VMC","33720274944","260.23","United States"
"777","Centene","CNC","33601538048","68.02","United States"
"778","Capitec Bank","CPI.JO","33571054100","289.848","South Africa"
"779","FirstRand","FSR.JO","33489994200","5.9891","South Africa"
"780","Illumina","ILMN","33470660608","221.66","United States"
"781","HeidelbergCement","HEI.DE","33447136323","190.255","Germany"
"782","Biogen","BIIB","33172250624","224.51","United States"
"783","Bank of Jiangsu","600919.SS","33148733281","1.80634","China"
"784","China General Nuclear Power Group (CGN)","003816.SZ","33115451031","0.655767","China"
"785","Cheniere Energy
Partners","CQP","33114388480","68.41","United States"
"786","Ericsson","ERIC","33110239232","10.13","Sweden"
"787","ResMed","RMD","33061185536","229.19","United States"
"788","Chaozhou Three-Circle","300408.SZ","33005360769","16.5298","China"
"789","Epiroc","EPI-A.ST","32891585173","27.1845","Sweden"
"790","Elbit Systems","ESLT","32859951104","701.22","Israel"
"791","Daiichi Sankyō","4568.T","32814681817","18.0335","Japan"
"792","Vestas Wind Systems","VWS.CO","32752330227","33.4295","Denmark"
"793","Taishin Financial Holdings","2887.TW","32746909629","1.30388","Taiwan"
"794","Novonesis","NZYM.VI","32738660266","70.2175","Denmark"
"795","Emcor","EME","32699551744","741.32","United States"
"796","Oriental Land","4661.T","32626202687","19.8975","Japan"
"797","Everpure","P","32625543168","98.15","United States"
"798","Victory Giant Technology","300476.SZ","32590074956","33.1609","China"
"799","Banorte","GFNORTEO.MX","32569866007","11.7302","Mexico"
"800","Techtronic Industries","0669.HK","32560996677","17.8198","Hong Kong"
"801","Yankuang Energy (Yanzhou Coal Mining)","600188.SS","32535214184","3.24158","China"
"802","Standard Bank Group","SBK.JO","32482494500","20.0595","South Africa"
"803","Abu Dhabi Commercial Bank (ADCB)","ADCB.AE","32443194324","4.1","United Arab Emirates"
"804","Baidu","BIDU","32419448832","95.58","China"
"805","Gree Electric Appliances","000651.SZ","32341009933","5.77373","China"
"806","Swiss Life","SLHN.SW","32254123005","1154.18","Switzerland"
"807","Carnival Corporation","CCL","32159361024","23.48","United States"
"808","Jabil","JBL","32056467456","305.92","United States"
"809","Bridgestone","5108.T","31816159909","25.6723","Japan"
"810","International Container Terminal Services","ICTEF","31776583680","15.74","Philippines"
"811","Willis Towers Watson","WTW","31767773184","342.06","United Kingdom"
"812","Ajinomoto","2802.T","31710780203","33.263","Japan"
"813","Celltrion","068270.KS","31696426758","138.215","South Korea"
"814","Ahold Delhaize","AD.AS","31652150892","36.2251","Netherlands"
"815","Eternal (Zomato)","ETERNAL.NS","31647650192","3.43795","India"
"816","Bharat Electronics","BEL.NS","31614455921","4.32495","India"
"817","Naturgy","NTGY.MC","31565684280","34.0737","Spain"
"818","BOE Technology","000725.SZ","31524972126","0.851007","China"
"819","Zoetis","ZTS","31524829184","76.29","United States"
"820","Kühne + Nagel","KNIN.SW","31502670595","265.263","Switzerland"
"821","GE HealthCare Technologies","GEHC","31491565568","69.72","United States"
"822","Oil &amp; Natural Gas","ONGC.NS","31425731661","2.49802","India"
"823","Svenska Handelsbanken","SHB-A.ST","31422861492","15.6741","Sweden"
"824","TechnipFMC","FTI","31404525568","80.08","United Kingdom"
"825","Sumitomo Mitsui Trust Holdings","8309.T","31400619052","11.4021","Japan"
"826","Transurban","TCL.AX","31350160681","10.0475","Australia"
"827","KONE","KNEBV.HE","31172963190","60.1465","Finland"
"828","Cboe Global Markets","CBOE","31172659200","298.5","United States"
"829","Fresnillo","FNLPF","31170596864","42.3","Mexico"
"830","Extra Space Storage","EXR","31114643456","140.98","United States"
"831","Advanced Info Service (AIS)","ADVANC.BK","31107576576","10.4591","Thailand"
"832","Copart","CPRT","31088750592","33.58","United States"
"833","Halliburton","HAL","31067432960","37.29","United States"
"834","Nomura Holdings","NMR","31037937664","10.62","Japan"
"835","Denso","6902.T","30983534083","12.3581","Japan"
"836","MongoDB","MDB","30922055680","384.45","United States"
"837","Itaúsa","ITSA3.SA","30875802905","2.75397","Brazil"
"838","Credo Technology","CRDO","30853234688","164.17","United States"
"839","Universal Music Group","UMG.AS","30852361519","16.781","Netherlands"
"840","Grupo ACS","ACS.MC","30761862736","117.107","Spain"
"841","PG&amp;E Corporation","PCG","30745042944","13.96","United States"
"842","Credicorp","BAP","30512109568","384.19","Bermuda"
"843","Mindray","300760.SZ","30281891057","24.9892","China"
"844","Adidas","ADS.DE","30273112619","172.927","Germany"
"845","Kraft Heinz","KHC","30143639552","25.42","United States"
"846","Publicis Groupe","PUB.PA","30129738329","120.654","France"
"847","Yuanta Financial Holding","2885.TW","30078216202","2.16946","Taiwan"
"848","Reddit","RDDT","30011932672","155.99","United States"
"849","7-Eleven","3382.T","30002172331","13.234","Japan"
"850","Ashtead","AHT.L","29917450074","72.3405","United Kingdom"
"851","Sampo","SAMPO.HE","29845938258","11.3339","Finland"
"852","Citizens Financial Group","CFG","29831954432","70.83","United States"
"853","Okta","OKTA","29792983040","170.42","United States"
"854","Largan Precision","3008.TW","29778419942","227.667","Taiwan"
"855","Foshan Haitian Flavouring and Food","603288.SS","29753587218","5.08518","China"
"856","Roblox","RBLX","29653743616","41.51","United States"
"857","China Coal Energy Company Limited","601898.SS","29462815603","2.22216","China"
"858","Ameren","AEE","29458892800","106.41","United States"
"859","Haier Smart Home","600690.SS","29372379695","3.25201","China"
"860","Aviva","AV.L","29313358279","9.80037","United Kingdom"
"861","Ingersoll Rand","IR","29255157760","75.4","Ireland"
"862","Brookfield Infrastructure Partners","BIP","29170831360","36.84","Bermuda"
"863","Cognizant Technology Solutions","CTSH","29116715008","64.64","United States"
"864","Kongsberg Gruppen","KOG.OL","29074923759","33.0544","Norway"
"865","Bank Rakyat Indonesia","BBRI.JK","29056382975","0.19283","Indonesia"
"866","Fresenius","FRE.DE","28967515593","51.4304","Germany"
"867","Dollar General","DG","28958158848","131.26","United States"
"868","Nestlé India","NESTLEIND.NS","28901754526","14.9881","India"
"869","H&amp;M","HM-B.ST","28864082075","18.081","Sweden"
"870","Las Vegas Sands","LVS","28829177856","44.51","United States"
"871","HP","HPQ","28794185728","31.93","United States"
"872","New China Life Insurance","601336.SS","28788516719","9.22843","China"
"873","Kyocera","6971.T","28763852302","22.3486","Japan"
"874","Zscaler","ZS","28751953920","177.8","United States"
"875","ON Semiconductor","ON","28673316864","73.65","United States"
"876","Inpex","1605.T","28643670658","24.6457","Japan"
"877","Zoom","ZM","28635654144","98.14","United States"
"878","Mitsubishi Estate","8802.T","28613309865","23.8308","Japan"
"879","Atmos Energy","ATO","28579344384","169.12","United States"
"880","Banco BPM","BAMI.MI","28535501674","18.9499","Italy"
"881","DTE Energy","DTE","28522633216","137.07","United States"
"882","Tenaris","TS","28426407936","56.31","Luxembourg"
"883","Fortis","FTS","28390713344","55.57","Canada"
"884","LPL Financial","LPLA","28382658560","360.45","United States"
"885","Ryanair","RYAAY","28354738176","54.7","Ireland"
"886","Pembina Pipeline","PBA","28263573504","48.6","Canada"
"887","VICI Properties","VICI","28242636800","25.65","United States"
"888","Lens Technology","300433.SZ","28220103252","5.34599","China"
"889","Teledyne Technologies","TDY","28178223104","607.87","United States"
"890","Circle Internet Group","CRCL","28139890688","103.23","United States"
"891","Chroma ATE Inc.","2360.TW","28116527547","66.3766","Taiwan"
"892","Exor","EXO.AS","28093694318","85.4751","Netherlands"
"893","Samsung Electro-Mechanics","009155.KS","28082407056","371.72","South Korea"
"894","Hansoh Pharma","3692.HK","28073568967","4.63034","China"
"895","Casey's General Stores","CASY","28065265664","758.42","United States"
"896","Fiserv","FISV","28040058880","52.73","United States"
"897","American Water","AWK","27998926848","140.89","United States"
"898","Amadeus IT Group","AMS.MC","27986087982","66.6357","Spain"
"899","China National Nuclear Power","601985.SS","27956567897","1.35923","China"
"900","Hyundai Mobis","012330.KS","27921141687","313.085","South Korea"
"901","Life Insurance Corporation of India (LIC)","LICI.NS","27910999828","4.41281","India"
"902","Neste","NESTE.HE","27902627040","36.3182","Finland"
"903","Coupang","CPNG","27879405568","15.51","United States"
"904","ATI Inc.","ATI","27852290048","204.54","United States"
"905","Gulf Development Public Company","GULF.BK","27821983253","1.86227","Thailand"
"906","Ørsted","ORSTED.CO","27742826958","21.0004","Denmark"
"907","Hapag-Lloyd","HLAG.DE","27736562558","157.809","Germany"
"908","China Resources Land","1109.HK","27706602514","3.88541","Hong Kong"
"909","Hua Hong Semiconductor Limited","1347.HK","27705756103","15.9447","China"
"910","AIB Group (Allied Irish Banks)","A5G.IR","27664814680","13.2108","Ireland"
"911","Insmed","INSM","27664568320","126.68","United States"
"912","Anta Sports","2020.HK","27653435326","9.98139","China"
"913","Corpay","CPAY","27556020224","419.68","United States"
"914","Hexagon AB","HEXA-B.ST","27511434888","10.2487","Sweden"
"915","Coal India","COALINDIA.NS","27400412319","4.44615","India"
"916","Astellas Pharma","4503.T","27398714987","15.2808","Japan"
"917","Sany Heavy Industry","600031.SS","27325870470","2.97182","China"
"918","George Weston","WN.TO","27264812984","72.8609","Canada"
"919","Klabin","KLBN11.SA","27263989267","3.83672","Brazil"
"920","Airports of Thailand","AOT.BK","27255326986","1.90787","Thailand"
"921","First Quantum Minerals","FM.TO","27239580837","32.6533","Canada"
"922","SMC corp","6273.T","27223370895","434.459","Japan"
"923","FirstEnergy","FE","27219222528","47.04","United States"
"924","Otis Worldwide","OTIS","27210246144","71.48","United States"
"925","Mettler Toledo","MTD","27174182912","1356.23","United States"
"926","BT Group","BT-A.L","27094263116","2.74968","United Kingdom"
"927","PT DCI Indonesia Tbk","DCII.JK","27094146963","11.3662","Indonesia"
"928","Veolia","VIE.PA","27087766445","36.9927","France"
"929","Hana Financial Group","086790.KS","27008572912","100.674","South Korea"
"930","China Everbright Bank","601818.SS","26946328280","0.456056","China"
"931","Eversource Energy","ES","26920945664","71.47","United States"
"932","China State Construction Engineering","601668.SS","26911798250","0.651296","China"
"933","Sungrow Power Supply","300274.SZ","26906604461","12.9782","China"
"934","LabCorp","LH","26884651008","331.5","United States"
"935","DSM-Firmenich","DSFIR.AS","26835090068","109.036","Switzerland"
"936","LG Electronics","066570.KS","26823447655","149.352","South Korea"
"937","Cincinnati Financial","CINF","26815684608","174.72","United States"
"938","WuXi Biologics","WXXWY","26752208896","13.03","China"
"939","Helvetia Baloise Holding AG","HBAN.SW","26572164519","268.235","Switzerland"
"940","Aristocrat","ALL.AX","26553551008","44.4757","Australia"
"941","VeriSign","VRSN","26518841344","293.35","United States"
"942","Bending Spoons","BSP","26482292736","41.69","Italy"
"943","Quest Diagnostics","DGX","26423382016","239.4","United States"
"944","PPL","PPL","26421850112","35.11","United States"
"945","Mediobanca","MB.MI","26356102426","32.6782","Italy"
"946","Michelin","ML.PA","26354799935","36.9476","France"
"947","CenterPoint Energy","CNP","26335635456","39.98","United States"
"948","Hindustan Zinc","HINDZINC.NS","26295595002","6.22334","India"
"949","Mitsui Fudosan","8801.T","26274226906","9.75945","Japan"
"950","Williams-Sonoma","WSM","26236487680","222.76","United States"
"951","Aluminum Corporation of China","601600.SS","26234903693","1.46206","China"
"952","Huatai Securities","601688.SS","26234234629","2.90624","China"
"953","OMV","OMV.F","26208383966","80.3582","Austria"
"954","Powergrid Corporation of India","POWERGRID.NS","26147029622","2.81133","India"
"955","EchoStar","ECHO","26083162112","89.79","United States"
"956","Trip.com","TCOM","26069796864","41.4","China"
"957","Bayan Resources","BYAN.JK","26059339311","0.78178","Indonesia"
"958","Shriram Transport Finance","SHRIRAMFIN.NS","26006724657","11.0527","India"
"959","Divis Laboratories","DIVISLAB.NS","25991896422","97.9095","India"
"960","Synchrony Financial","SYF","25980862464","79.85","United States"
"961","DMart","DMART.NS","25979376774","39.8306","India"
"962","Incyte","INCY","25945311232","128","United States"
"963","Regions Financial","RF","25932736512","30.44","United States"
"964","Emaar Properties","EMAAR.AE","25895927585","2.9298","United Arab Emirates"
"965","EnBW Energie","EBK.DE","25880458652","79.7767","Germany"
"966","Pop Mart International Group","9992.HK","25861393871","19.5801","China"
"967","BioNTech","BNTX","25843904512","102.88","Germany"
"968","GF Securities","000776.SZ","25831306958","3.30119","China"
"969","W. R. Berkley","WRB","25800312832","69.5","United States"
"970","Asian Paints","ASIANPAINT.NS","25789789568","26.9024","India"
"971","Imperial Brands","IMB.L","25768747035","34.0565","United Kingdom"
"972","Shandong Gold Mining","600547.SS","25764544668","5.58892","China"
"973","Suzuki Motor","7269.T","25754764671","13.3495","Japan"
"974","ST Engineering","S63.SI","25753130588","8.25605","Singapore"
"975","Dover Corporation","DOV","25733351424","191.07","United States"
"976","East Japan Railway","9020.T","25667729276","22.7335","Japan"
"977","National Bank of Kuwait","NBK.KW","25605470485","2789.3","Kuwait"
"978","Fujifilm","4901.T","25592834835","21.3989","Japan"
"979","MTR Corporation","0066.HK","25492153601","4.10226","Hong Kong"
"980","Philips","PHG","25461985280","26.05","Netherlands"
"981","China Jushi Co., Ltd.","600176.SS","25433883189","6.35349","China"
"982","Fox Corporation","FOX","25423853568","60.47","United States"
"983","Principal Financial Group","PFG","25373540352","118.51","United States"
"984","Texas Pacific Land Corporation","TPL","25279219712","366.5","United States"
"985","ADNOC Drilling Company","ADNOCDRILL.AE","25266825959","1.58","United Arab Emirates"
"986","Aeon","8267.T","25207779241","9.11138","Japan"
"987","Xylem","XYL","25190891520","107.89","United States"
"988","Symbotic","SYM","25183174656","41.6","United States"
"989","S.F. Express","002352.SZ","25150620225","4.77667","China"
"990","Banco do Brasil","BBAS3.SA","25139601808","4.4036","Brazil"
"991","Affirm","AFRM","25070399488","74.3","United States"
"992","Canon","7751.T","25056119932","29.689","Japan"
"993","Yili Group","600887.SS","25038610679","3.95845","China"
"994","Global Unichip Corp.","3443.TW","25016401694","186.674","Taiwan"
"995","J. B. Hunt","JBHT","25007669248","266.28","United States"
"996","CLP Group","0002.HK","24927446589","9.86659","Hong Kong"
"997","AXIA Energia SA","AXIA3.SA","24899245732","10.9354","Brazil"
"998","First Citizens BancShares","FCNCA","24883599360","2203.43","United States"
"999","Supermicro","SMCI","24879278080","37.87","United States"
"1000","Dassault Aviation","AM.PA","24873080341","322.828","France"
"1001","Roivant Sciences","ROIV","24855134208","34.41","United Kingdom"
"1002","Verisk Analytics","VRSK","24807737344","190.6","United States"
"1003","SharkNinja","SN","24795787264","175.21","United States"
"1004","Qnity Electronics","Q","24784936960","118.47","United States"
"1005","Darden Restaurants","DRI","24756643840","218.04","United States"
"1006","International Consolidated Airlines","BABWF","24737198080","5.65","Spain"
"1007","Coterra Energy","CTRA","24724652032","32.56","United States"
"1008","Gazprom","GAZP.ME","24688404398","1.01","Russia"
"1009","PPG Industries","PPG","24619724800","110.75","United States"
"1010","nVent Electric","NVT","24616972288","152.09","United Kingdom"
"1011","Dollar Tree","DLTR","24587073536","131.04","United States"
"1012","QBE Insurance","QBE.AX","24539923244","16.4254","Australia"
"1013","Industrivarden","INDU-A.ST","24460323566","56.6343","Sweden"
"1014","Tapestry","TPR","24445419520","122.6","United States"
"1015","GlobalFoundries","GFS","24433649664","44.53","United States"
"1016","Chocoladefabriken Lindt &amp; Sprüngli","LISP.SW","24356669835","10557.3","Switzerland"
"1017","Expeditors International","EXPD","24325146624","187.13","United States"
"1018","Raiffeisen Bank International","RAW.F","24322718744","74.0784","Austria"
"1019","Tata Steel","TATASTEEL.NS","24321450175","1.94972","India"
"1020","Hubbell","HUBB","24310906880","460.15","United States"
"1021","Formula One Group","FWONK","24303681536","96.94","United States"
"1022","Global Payments","GPN","24284028928","91.77","United States"
"1023","Brown &amp; Brown","BRO","24279326720","72.56","United States"
"1024","Shenzhen Inovance","300124.SZ","24272676944","8.96463","China"
"1025","China International Capital Corporation","601995.SS","24230889772","5.0196","China"
"1026","China Securities (CSC Financial)","601066.SS","24202537593","3.72595","China"
"1027","AST SpaceMobile","ASTS","24178976768","62.13","United States"
"1028","Fair Isaac (FICO)","FICO","24166244352","1118.93","United States"
"1029","Aker BP","AKRBP.OL","24160548968","38.3052","Norway"
"1030","West Pharmaceutical Services","WST","24119885824","342.73","United States"
"1031","Northern Star","NST.AX","24116191972","16.926","Australia"
"1032","Telefónica","TEF.MC","24079947742","4.2784","Spain"
"1033","Amrize","AMRZ","24070195200","44.01","Switzerland"
"1034","Alfa Laval","ALFA.ST","24067371163","58.2285","Sweden"
"1035","NN Group","NN.AS","24065419541","92.5456","Netherlands"
"1036","Grupo Cibest (Bancolombia)","CIB","24058179584","101.87","Colombia"
"1037","HENGTONG Optic-Electric","600487.SS","23999694118","9.73069","China"
"1038","Verbund AG","OEWA.F","23958308593","68.9615","Austria"
"1039","China Merchants Securities","600999.SS","23913277475","2.74975","China"
"1040","SoFi","SOFI","23906967552","18.51","United States"
"1041","PBBank (Public Bank Bhd)","1295.KL","23887864879","1.23065","Malaysia"
"1042","Veralto","VLTO","23862491136","97.88","United States"
"1043","Central Japan Railway","9022.T","23842781536","25.1141","Japan"
"1044","ULTA Beauty","ULTA","23820613632","557.11","United States"
"1045","Geely","0175.HK","23800820498","2.20675","China"
"1046","Grasim Industries","GRASIM.NS","23763077203","35.0357","India"
"1047","Unipol Assicurazioni","UNI.MI","23753956347","33.1201","Italy"
"1048","ZTE","000063.SZ","23740512560","4.96296","China"
"1049","Smurfit Westrock","SW","23739906048","45.26","Ireland"
"1050","Hindalco Industries","HINDALCO.NS","23731522806","10.6907","India"
"1051","PulteGroup","PHM","23679358976","124.31","United States"
"1052","T. Rowe Price","TROW","23652460544","110.88","United States"
"1053","InterContinental Hotels Group","IHG","23638999040","160.77","United Kingdom"
"1054","Coca-Cola FEMSA","KOF","23636465664","112.51","Mexico"
"1055","KeyCorp (KeyBank)","KEY","23604885504","22.12","United States"
"1056","MTN Group","MTN.JO","23539736500","12.8418","South Africa"
"1057","Viper Energy","VNOM","23521675264","44.89","United States"
"1058","Roku","ROKU","23510718464","158.31","United States"
"1059","NRG Energy","NRG","23509940224","111.84","United States"
"1060","Next plc","NXT.L","23475463945","205.651","United Kingdom"
"1061","Bank Mandiri","BMRI.JK","23448375577","0.252205","Indonesia"
"1062","China Minsheng Bank","600016.SS","23425618029","0.535046","China"
"1063","ASUS","2357.TW","23421318285","31.5328","Taiwan"
"1064","MFHC","2886.TW","23386906356","1.57664","Taiwan"
"1065","Church & Dwight","CHD","23385931776","98.59","United States"
"1066","LY Corporation","4689.T","23365486322","3.39367","Japan"
"1067","Naver","035420.KS","23332883459","155.99","South Korea"
"1068","Tower Semiconductor","TSEM","23302520832","206.16","Israel"
"1069","Omnicom Group","OMC","23245332480","84.73","United States"
"1070","Nippon Steel","5401.T","23172230202","4.43378","Japan"
"1071","Carpenter Technology","CRS","23167639552","467.48","United States"
"1072","ENEOS Holdings","5020.T","23154898479","8.69752","Japan"
"1073","Coles Group","COL.AX","23140300177","17.2285","Australia"
"1074","Vinhomes","VHM.VN","23131473122","2.81582","Vietnam"
"1075","Innovent Biologics","1801.HK","23111864442","13.2532","China"
"1076","Bunge Global SA","BG","23077349376","120.12","United States"
"1077","Bandai Namco","7832.T","23066276922","35.9643","Japan"
"1078","E.SUN Bank","2884.TW","23039278094","1.35749","Taiwan"
"1079","Rivian","RIVN","23035461632","15.91","United States"
"1080","AerCap","AER","23024320512","146.48","Ireland"
"1081","Terumo","4543.T","23023467363","15.6081","Japan"
"1082","Hydro One","H.TO","23019041621","38.3589","Canada"
"1083","Nornickel","GMKN.ME","22956005158","1.48","Russia"
"1084","Arxis, Inc.","ARXS","22937194496","53.24","United States"
"1085","Expand Energy","EXE","22930450432","99.05","United States"
"1086","Ems-Chemie","EMSN.SW","22882145351","978.328","Switzerland"
"1087","Formosa Petrochemical","6505.TW","22858939914","2.39965","Taiwan"
"1088","Markel Group","MKL","22834444288","1842.98","United States"
"1089","Sociedad Química y Minera","SQM","22788186112","79.78","Chile"
"1090","Zhejiang Sanhua Intelligent Controls Co.,Ltd","002050.SZ","22765682035","5.41008","China"
"1091","Tradeweb","TW","22756415488","105.34","United States"
"1092","Amundi","AMUN.PA","22718976835","112.804","France"
"1093","Abu Dhabi Islamic Bank (ADIB)","ADIB.AE","22645610583","6.24","United Arab Emirates"
"1094","Geberit","GEBN.SW","22616818393","698.947","Switzerland"
"1095","US Foods","USFD","22587090944","104.41","United States"
"1096","Samsara","IOT","22580015104","38.75","United States"
"1097","Coca-Cola HBC","CCH.L","22537490660","61.8373","Switzerland"
"1098","Evolution Mining","EVN.AX","22515950749","11.0127","Australia"
"1099","Loews Corporation","L","22495225856","110.04","United States"
"1100","SGS","SGSN.SW","22483539880","113.783","Switzerland"
"1101","Constellation Oil Services Holding","QG21.F","22466204822","14.7812","Luxembourg"
"1102","Royal Gold","RGLD","22440173568","264.85","United States"
"1103","Uniper","UN0.DE","22400261448","53.7853","Germany"
"1104","Lite-On Technology","2301.TW","22395529936","9.86977","Taiwan"
"1105","Adani Green Energy","ADANIGREEN.NS","22376141882","13.5845","India"
"1106","Eicher Motors","EICHERMOT.NS","22345296433","81.3972","India"
"1107","First Solar","FSLR","22291384320","207.42","United States"
"1108","EDP Group","EDP.F","22268083399","5.38667","Portugal"
"1109","CNH Industrial","CNH","22256916480","13.84","United Kingdom"
"1110","Coeur Mining","CDE","22254792704","21.65","United States"
"1111","SK Group","034730.KS","22245411779","407.859","South Korea"
"1112","Equifax","EFX","22215219200","189.09","United States"
"1113","F5","FFIV","22206349312","392.15","United States"
"1114","BCE Inc.","BCE","22203439104","23.81","Canada"
"1115","Lundin Mining","LUN.TO","22182394143","26.0559","Canada"
"1116","Fuyao Glass Industry Group","600660.SS","22174088200","8.49665","China"
"1117","Terna","TRN.MI","22142247744","11.0338","Italy"
"1118","VAT Group","VACN.SW","22118004219","738.08","Switzerland"
"1119","Steris","STE","22115950592","226.83","Ireland"
"1120","Nan Ya PCB","8046.TW","22107324867","34.2131","Taiwan"
"1121","Industrias Peñoles","PE&OLES.MX","22103053495","55.6086","Mexico"
"1122","China Unicom","0762.HK","22071524267","0.721339","Hong Kong"
"1123","International Flavors & Fragrances","IFF","22060265472","86.46","United States"
"1124","Constellation Brands","STZ","22049132544","129.09","United States"
"1125","Riyad Bank","1010.SR","21970115522","5.51546","Saudi Arabia"
"1126","Dow","DOW","21930264576","30.36","United States"
"1127","Partners Group","PGHN.SW","21864782652","848.793","Switzerland"
"1128","Snam","SRG.MI","21854205915","6.51239","Italy"
"1129","Bank of Nanjing","601009.SS","21835292960","1.7661","China"
"1130","Kubota","6326.T","21812477093","19.3649","Japan"
"1131","Pan American Silver","PAAS","21808906240","52.6","Canada"
"1132","Fidelity National Information Services","FIS","21804046336","42.28","United States"
"1133","Rongsheng Petrochemical","002493.SZ","21796120996","2.18192","China"
"1134","Bank of Ireland Group","BIRG.IR","21795702516","23.1132","Ireland"
"1135","Traton","8TRA.DE","21793232722","43.5865","Germany"
"1136","Bombardier","BBD-B.TO","21764117174","220.613","Canada"
"1137","Banco de Chile","BCH","21678264320","42.92","Chile"
"1138","Edison International","EIX","21665026048","56.3","United States"
"1139","XPO Logistics","XPO","21637578752","184.8","United States"
"1140","Guardant Health","GH","21610950656","161.04","United States"
"1141","Samsung Fire & Marine Insurance Co., Ltd.","000810.KS","21598387497","488.989","South Korea"
"1142","MTU Aero Engines","MTX.DE","21582076038","400.628","Germany"
"1143","Legal &amp; General","LGEN.L","21528679719","3.95477","United Kingdom"
"1144","CMS Energy","CMS","21508255744","68.59","United States"
"1145","Dr. Sulaiman Al Habib Medical Services Group Company","4013.SR","21457295752","61.3066","Saudi Arabia"
"1146","Kingspan Group","KRX.IR","21389177254","118.851","Ireland"
"1147","CIMB Group","1023.KL","21306858382","1.97103","Malaysia"
"1148","Singapore Exchange","S68.SI","21282480553","19.8745","Singapore"
"1149","Fortum","FORTUM.HE","21265551791","23.7004","Finland"
"1150","Capgemini","CAP.PA","21235309316","127.922","France"
"1151","LS ELECTRIC Co., Ltd.","010120.KS","21222755902","142.64","South Korea"
"1152","Amcor","AMCR","21217044480","45.89","Switzerland"
"1153","Tenet Healthcare","THC","21215950848","263.49","United States"
"1154","Genmab","GMAB","21149157376","34.41","Denmark"
"1155","KEPCO","9503.T","21148270408","18.9831","Japan"
"1156","TVS Motor","TVSMOTOR.NS","21126756205","44.4562","India"
"1157","United Therapeutics","UTHR","21026732032","490.24","United States"
"1158","China Northern Rare Earth (CNREHT)","600111.SS","21023274418","5.81546","China"
"1159","Curtiss-Wright","CW","21005355008","568.72","United States"
"1160","TD Synnex","SNX","20991571968","262.53","United States"
"1161","General Mills","GIS","20989552640","39.26","United States"
"1162","LyondellBasell","LYB","20919939072","64.76","United States"
"1163","Packaging Corporation of America","PKG","20899788800","234.57","United States"
"1164","CK Asset Holdings","1113.HK","20892625467","5.9697","Hong Kong"
"1165","CK Infrastructure","1038.HK","20890723653","8.29125","Hong Kong"
"1166","QNB Finansbank","QNBTR.IS","20879337690","3.79624","Turkey"
"1167","CF Industries","CF","20855906304","137.81","United States"
"1168","TPG Inc.","TPG","20787947520","53.225","United States"
"1169","Mizrahi-Tefahot","MZTF.TA","20763856157","79.7167","Israel"
"1170","Kaspi.kz Joint Stock Company","KKS.F","20743765498","107.222","Kazakhstan"
"1171","Stellantis","STLA","20682606592","5.49","Netherlands"
"1172","Indian Oil","IOC.NS","20597054670","1.45859","India"
"1173","Solar Industries India","SOLARINDS.NS","20593132568","227.573","India"
"1174","JX Advanced Metals","5016.T","20572594450","23.0223","Japan"
"1175","YPF S.A.","YPF","20548655104","52.41","Argentina"
"1176","Rogers Communications","RCI","20528560128","38","Canada"
"1177","Banca Mediolanum","BMED.MI","20513979373","27.6893","Italy"
"1178","Ralph Lauren","RL","20508207104","344.2","United States"
"1179","FTAI Aviation","FTAI","20478767104","199.39","United States"
"1180","Charter Communications","CHTR","20402616320","151.38","United States"
"1181","Broadridge Financial Solutions","BR","20399640576","178.91","United States"
"1182","InterGlobe Aviation (IndiGo)","INDIGO.NS","20382107685","52.7124","India"
"1183","Kaō","4452.T","20376779950","22.5218","Japan"
"1184","China National Uranium","001280.SZ","20359093289","9.84396","China"
"1185","Lennar","LEN","20343592960","84.45","United States"
"1186","Reliance","RS","20331966464","398.24","United States"
"1187","Bank of Shanghai","601229.SS","20329786351","1.43076","China"
"1188","Western Midstream","WES","20324057088","49.19","United States"
"1189","Banco Sabadell","SAB.MC","20318339284","4.29352","Spain"
"1190","SBA Communications","SBAC","20317995008","191.52","United States"
"1191","AVIC Shenyang Aircraft Company Limited","600760.SS","20289030855","7.1568","China"
"1192","Woodward","WWD","20226736128","342.56","United States"
"1193","China Tower","0788.HK","20180245753","1.1544","China"
"1194","China Galaxy Securities","601881.SS","20174955514","1.84509","China"
"1195","Alinma Bank","1150.SR","20133692908","6.71123","Saudi Arabia"
"1196","Norsk Hydro","NHY.OL","20114234670","10.2348","Norway"
"1197","Hengli Petrochemical","600346.SS","20100623527","2.85557","China"
"1198","Exact Sciences","EXAS","20026083328","104.91","United States"
"1199","Cellnex Telecom","CLNX.MC","20002107982","30.2244","Spain"
"1200","NiSource","NI","19978473472","41.66","United States"
"1201","Entegris","ENTG","19970959360","130.7","United States"
"1202","Erste Bank Polska","EBP.WA","19945013116","195.177","Poland"
"1203","Alpha Dhabi","ALPHADHABI.AE","19903070879","1.99","United Arab Emirates"
"1204","Permian Resources","PR","19883603968","23.74","United States"
"1205","Snap-on","SNA","19873044480","384.19","United States"
"1206","SS&C Technologies","SSNC","19858851840","84.63","United States"
"1207","Wistron Corporation","3231.TW","19854645455","6.2435","Taiwan"
"1208","MACOM Technology Solutions","MTSI","19852623872","259.95","United States"
"1209","Bouygues","EN.PA","19837149786","51.413","France"
"1210","Wärtsilä","WRT1V.HE","19834367993","33.6434","Finland"
"1211","Sinopac Financial Holdings","2890.TW","19833548206","1.34172","Taiwan"
"1212","CSG N.V. (The Czechoslovak Group)","CSG.AS","19806953754","19.807","Czech Republic"
"1213","KE Holdings","BEKE","19751487488","17.91","China"
"1214","Torrent Pharmaceuticals","TORNTPHARM.NS","19750141547","51.9238","India"
"1215","Telenor","TEL.OL","19717370751","14.5043","Norway"
"1216","Technoprobe","TPRO.MI","19673494366","30.7245","Italy"
"1217","Toast","TOST","19611539456","33.93","United States"
"1218","Banco Comercial Português (Millennium bcp)","BCP.LS","19581814272","1.33678","Portugal"
"1219","Hanwha Ocean (DSME)","042660.KS","19499563457","63.6496","South Korea"
"1220","Arca Continental","AC.MX","19477460568","11.4695","Mexico"
"1221","Eurobank Ergasias Services and Holdings","EUROB.AT","19474028120","5.42738","Greece"
"1222","Viatris","VTRS","19457130496","16.94","United States"
"1223","Beiersdorf","BEI.DE","19380286690","88.8708","Germany"
"1224","Essity","ESSITY-B.ST","19367256060","28.6423","Sweden"
"1225","Knorr-Bremse","KBX.DE","19308756735","119.781","Germany"
"1226","International Paper","IP","19297525760","36.44","United States"
"1227","KGI Financial Holding","2883.TW","19296290626","1.13676","Taiwan"
"1228","IHH Healthcare","Q0F.SI","19289219451","2.12321","Malaysia"
"1229","Associated British Foods","ABF.L","19287164473","27.5914","United Kingdom"
"1230","Santos","STO.AX","19286867991","5.93849","Australia"
"1231","Sumitomo Realty &amp; Development","8830.T","19284354885","20.8792","Japan"
"1232","ASICS Corporation","7936.T","19281954616","27.1994","Japan"
"1233","Telecom Italia","TIT.MI","19258630869","9.02779","Italy"
"1234","CRRC","1766.HK","19255602729","0.670953","China"
"1235","CDW Corporation","CDW","19242682368","153.92","United States"
"1236","Essex Property Trust","ESS","19208148992","278.65","United States"
"1237","Multiply Group","MULTIPLY.AE","19197831740","0.56","United Arab Emirates"
"1238","Shanghai International Port Group (SIPG)","600018.SS","19152179502","0.82269","China"
"1239","Borouge","BOROUGE.AE","19150238803","0.64","United Arab Emirates"
"1240","Hua Nan Financial Holdings","2880.TW","19147512558","1.36222","Taiwan"
"1241","Julius Bär","BAER.SW","19131595419","92.9783","Switzerland"
"1242","Lasertec","6920.T","19110978777","213.219","Japan"
"1243","POSCO","PKX","19095758848","63.13","South Korea"
"1244","Grupo Carso","GCARSOA1.MX","19082596188","8.47018","Mexico"
"1245","Kazatomprom","0ZQ.F","19061911882","73.4969","Kazakhstan"
"1246","Advantech","2395.TW","19045407166","21.9153","Taiwan"
"1247","Great Wall Motors","601633.SS","19037295912","2.22216","China"
"1248","Resonac Holdings Corporation","4004.T","19019511211","100.257","Japan"
"1249","FedEx Freight","FDXF","19017211904","127.19","United States"
"1250","Telefonica Brasil","VIV","18997880832","11.89","Brazil"
"1251","Genuine Parts Company","GPC","18972260352","137.62","United States"
"1252","Rubrik","RBRK","18965043200","92.14","United States"
"1253","Baosteel","600019.SS","18958728557","0.870382","China"
"1254","KGHM Polska Miedź","KGH.WA","18957907545","94.7895","Poland"
"1255","Vonovia","VNA.DE","18953887563","22.3398","Germany"
"1256","Southwest Airlines","LUV","18947033088","38.73","United States"
"1257","HD Hyundai Electric","267260.KS","18900775559","525.128","South Korea"
"1258","Inspur","000977.SZ","18898454231","12.8694","China"
"1259","Daiwa House","1925.T","18890434949","30.4911","Japan"
"1260","Evergy","EVRG","18890369024","81.93","United States"
"1261","HF Sinclair","DINO","18871756800","106.15","United States"
"1262","Konami Holdings","9766.T","18870174797","139.205","Japan"
"1263","Zimmer Biomet","ZBH","18867773440","98.92","United States"
"1264","Nomura Research Institute","4307.T","18839068861","33.6351","Japan"
"1265","Tenaga Nasional","TNABY","18835415040","12.925","Malaysia"
"1266","Wilmar International","F34.SI","18823356234","3.01512","Singapore"
"1267","Woori Financial Group","WF","18773614592","77.36","South Korea"
"1268","Straumann","STMN.SW","18762866653","117.672","Switzerland"
"1269","Euronext","ENX.PA","18755640734","188.045","Netherlands"
"1270","Gen Digital","GEN","18753730560","31.33","United States"
"1271","The Saudi British Bank","1060.SR","18715271957","9.1081","Saudi Arabia"
"1272","Galaxy Entertainment","0027.HK","18679779511","4.26553","Hong Kong"
"1273","MasTec","MTZ","18653233152","232.28","United States"
"1274","News Corp","NWS","18639683584","34.72","United States"
"1275","Krung Thai Bank","KTB.BK","18590837970","1.33019","Thailand"
"1276","China Overseas Land &amp; Investment","0688.HK","18582145410","1.69779","Hong Kong"
"1277","ageas","AGS.BR","18565030737","88.7312","Belgium"
"1278","Zhongjin Gold","600489.SS","18559318353","3.82879","China"
"1279","Blue Owl Capital","OWL","18555133952","11.84","United States"
"1280","Hyosung Heavy Industries Corporation","298040.KS","18549859194","1992.09","South Korea"
"1281","Brambles","BXB.AX","18549793005","13.9117","Australia"
"1282","Nidec","6594.T","18542609594","16.1759","Japan"
"1283","Unity Software","U","18518943744","42.08","United States"
"1284","Hwatsing Technology","688120.SS","18509684335","37.2967","China"
"1285","Hyundai Motor India","HYUNDAI.NS","18508477984","22.7785","India"
"1286","Bank of Hangzhou","600926.SS","18506849362","2.55302","China"
"1287","Nippon Yūsen","9101.T","18503885706","45.8521","Japan"
"1288","Saudi Electricity","5110.SR","18497727657","4.43953","Saudi Arabia"
"1289","Best Buy","BBY","18440015872","87.49","United States"
"1290","SPEEH Hidroelectrica","H2O.RO","18419841231","40.9509","Romania"
"1291","Nutanix","NTNX","18403420160","68.08","United States"
"1292","Halma","HLMA.L","18348577642","48.5826","United Kingdom"
"1293","Telia Company","TELIA.ST","18335010031","4.66289","Sweden"
"1294","Chery Automobile","9973.HK","18301025993","3.15068","China"
"1295","Pernod Ricard","RI.PA","18291218209","72.6364","France"
"1296","Bank Pekao (Bank Polska Kasa Opieki)","PEO.WA","18288698359","69.6792","Poland"
"1297","ITT","ITT","18280607744","203.48","United States"
"1298","Wolters Kluwer","WKL.AS","18279468229","82.0793","Netherlands"
"1299","Korea Zinc","010130.KS","18244501820","894.635","South Korea"
"1300","Ovintiv","OVV","18230706176","65.91","United States"
"1301","SBI Life Insurance","SBILIFE.NS","18213755703","18.153","India"
"1302","Tyson Foods","TSN","18209245184","51.76","United States"
"1303","Kuaishou Technology","1024.HK","18194921507","4.22216","China"
"1304","Vodacom","VOD.JO","18186025100","9.41421","South Africa"
"1305","PT Amman Mineral Internasional Tbk","AMMN.JK","18139955900","0.250509","Indonesia"
"1306","Mashreqbank","MASQ.AE","18134962335","90.3992","United Arab Emirates"
"1307","National Bank of Greece","ETE.AT","18107272131","20.2058","Greece"
"1308","PTT Exploration and Production","PTTEP.BK","18105740050","4.56066","Thailand"
"1309","Samvardhana Motherson","MOTHERSON.NS","18058315893","1.71474","India"
"1310","Sabesp","SBS","18040700928","5.13","Brazil"
"1311","Tractor Supply","TSCO","18027986944","34.6","United States"
"1312","Plains All American Pipeline","PAA","18009583616","25.525","United States"
"1313","WSP Global","WSP.TO","17990994984","133.448","Canada"
"1314","Zangge Mining Company","000408.SZ","17972009944","11.4551","China"
"1315","Magna International","MGA","17947906048","67.09","Canada"
"1316","Adani Energy Solutions","ADANIENSOL.NS","17937528482","14.6674","India"
"1317","Kasikornbank","KBANK.BK","17937446628","7.57069","Thailand"
"1318","CVC Capital Partners plc","CVC.AS","17926263846","16.4205","Jersey"
"1319","East West Bancorp","EWBC","17895118848","130.61","United States"
"1320","HD Korea Shipbuilding &amp; Offshore Engineering","009540.KS","17863025125","252.607","South Korea"
"1321","DLF","DLF.NS","17859712154","7.21514","India"
"1322","China Steel","2002A.TW","17854887105","1.17144","Taiwan"
"1323","Tourmaline Oil","TOU.TO","17830702398","45.8843","Canada"
"1324","Galp Energia","GZ5.F","17816438982","24.6424","Portugal"
"1325","Carlsberg","CARL-B.CO","17813607528","134.776","Denmark"
"1326","Lundin Gold","LUG.TO","17807955752","73.6439","Canada"
"1327","Wipro","WIT","17806977024","1.8","India"
"1328","Ascendis Pharma","ASND","17783527424","271.12","Denmark"
"1329","KPN","KPN.AS","17779287276","4.71334","Netherlands"
"1330","Flutter Entertainment","FLUT","17759991808","102.34","Ireland"
"1331","Hongkong Land","H78.SI","17751865344","8.33","Hong Kong"
"1332","Swire Properties","1972.HK","17714005063","3.07669","Hong Kong"
"1333","IHI Corporation","7013.T","17710293263","16.7053","Japan"
"1334","Dupont De Nemours","DD","17708185600","131.13","United States"
"1335","SAIC Motor","600104.SS","17694519804","1.53929","China"
"1336","Nordson","NDSN","17683992576","317.49","United States"
"1337","JDE Peet's","JDEP.AS","17677496401","36.4135","Netherlands"
"1338","Bankinter","BKT.MC","17672931318","19.6651","Spain"
"1339","Pidilite","PIDILITIND.NS","17651149857","17.3411","India"
"1340","Alliant Energy","LNT","17631358976","68","United States"
"1341","BE Semiconductor","BESI.AS","17618185008","222.584","Netherlands"
"1342","PharmaEssentia","6446.TW","17611552694","42.5693","Taiwan"
"1343","Air China","601111.SS","17592016014","0.858459","China"
"1344","DWS Group","DWS.F","17548552055","87.7428","Germany"
"1345","Powszechny Zakład Ubezpieczeń","PZU.WA","17546556869","20.3197","Poland"
"1346","Bank of Beijing","601169.SS","17457133773","0.82567","China"
"1347","Sumitomo Metal Mining","5713.T","17408313546","64.8384","Japan"
"1348","ASR Nederland","ASRNL.AS","17396219104","86.3124","Netherlands"
"1349","Sonova","SOON.SW","17391017349","292.755","Switzerland"
"1350","Fortive","FTV","17387122688","57.57","United States"
"1351","Xi'an Eswin Material Technology Co.,Ltd.","688783.SS","17325403944","4.2908","China"
"1352","APi Group","APG","17299376128","40.03","United States"
"1353","SEGRO","SGRO.L","17278385699","12.7705","United Kingdom"
"1354","Jacobs Engineering","J","17267875840","147.54","United States"
"1355","SK Innovation","096770.KS","17235792825","101.78","South Korea"
"1356","Falabella","FALABELLA.SN","17229667696","6.86757","Chile"
"1357","SiTime","SITM","17208397824","574.465","United States"
"1358","Annaly Capital Management","NLY","17207300096","22.83","United States"
"1359","James Hardie Industries","JHX","17200881664","29.63","Ireland"
"1360","Rollins","ROL","17181702144","35.71","United States"
"1361","C. H. Robinson","CHRW","17140326400","146.685","United States"
"1362","Airtel Africa","AAF.L","17132962625","4.7203","United Kingdom"
"1363","Futu Holdings","FUTU","17105130496","122.01","Hong Kong"
"1364","NVR","NVR","17070413824","6373.95","United States"
"1365","Franklin Resources","BEN","17045979136","33.55","United States"
"1366","Carlyle Group","CG","17014891520","47.75","United States"
"1367","Nippon Paint","4612.T","16996093033","7.32761","Japan"
"1368","South32","S32.AX","16994171454","3.79214","Australia"
"1369","SDIC Power Holdings","600886.SS","16987941946","2.1223","China"
"1370","B3","B3SA3.SA","16985273639","3.40323","Brazil"
"1371","Furukawa Electric","5801.T","16936385716","24.0746","Japan"
"1372","Zebra Technologies","ZBRA","16913560576","357.5","United States"
"1373","Invitation Homes","INVH","16900495360","28.45","United States"
"1374","Banco Santander-Chile","BSAC","16894195712","35.86","Chile"
"1375","Guidewire Software","GWRE","16889387008","202.86","United States"
"1376","Hong Kong and China Gas","0003.HK","16887589673","0.905022","Hong Kong"
"1377","Metso","METSO.HE","16881998194","20.3861","Finland"
"1378","MKS Instruments","MKSI","16880722944","249.65","United States"
"1379","Azrieli Group","AZRG.TA","16849877538","135.322","Israel"
"1380","Swedish Orphan Biovitrum","SOBI.ST","16822651130","48.2441","Sweden"
"1381","Clean Harbors","CLH","16820656128","318.65","United States"
"1382","Sieyuan Electric","002028.SZ","16792837877","21.4585","China"
"1383","Computershare","CPU.AX","16792556145","29.0334","Australia"
"1384","Singapore Airlines","C6L.SI","16777082653","5.31986","Singapore"
"1385","Cholamandalam Investment and Finance","CHOLAFIN.NS","16717907491","19.5745","India"
"1386","Reinsurance Group of America","RGA","16711349248","255.91","United States"
"1387","Luzhou Laojiao","000568.SZ","16672058470","11.3269","China"
"1388","ABB India","ABB.NS","16670050082","78.6663","India"
"1389","Jones Lang LaSalle","JLL","16668591104","362.3","United States"
"1390","FinecoBank","FBK.MI","16663339242","27.2357","Italy"
"1391","Ball Corporation","BALL","16657782784","62.93","United States"
"1392","China Tourism Group Duty Free","601888.SS","16635502936","8.00632","China"
"1393","Tata Motors","TATAMOTORS.NS","16633915542","4.51722","India"
"1394","Leidos","LDOS","16610148352","132.36","United States"
"1395","Weyerhaeuser","WY","16605758464","23.04","United States"
"1396","Vodafone Idea","IDEA.NS","16605526169","0.153268","India"
"1397","Jio Financial Services","JIOFIN.NS","16596093424","2.51336","India"
"1398","Amer Sports","AS","16587746304","28.51","Finland"
"1399","Secom","9735.T","16576723857","41.553","Japan"
"1400","EVE Energy","300014.SZ","16567676005","7.62329","China"
"1401","Medpace","MEDP","16562497536","593.39","United States"
"1402","COSCO Shipping Energy","600026.SS","16559299280","3.02994","China"
"1403","First Financial Holding","2892.TW","16550013303","1.15095","Taiwan"
"1404","DiDi","DIDIY","16542585856","3.67","China"
"1405","Daiwa Securities Group","8601.T","16540867844","11.9122","Japan"
"1406","Public Power Corporation","PPC.AT","16530081105","28.1428","Greece"
"1407","Ryan Specialty","RYAN","16512857088","42.34","United States"
"1408","Meritz Financial Group","138040.KS","16491271840","100.084","South Korea"
"1409","WESCO International","WCC","16489736192","338.37","United States"
"1410","Evolution Gaming","EVO.ST","16463749114","88.6642","Sweden"
"1411","IDEX","IEX","16446909440","223.1","United States"
"1412","Saudi Arabian Fertilizer Company","2020.SR","16430315033","34.5149","Saudi Arabia"
"1413","Keppel","BN4.SI","16423891360","9.12427","Singapore"
"1414","IREN (Iris Energy)","IREN","16412544000","41.65","Australia"
"1415","Boliden","BOL.ST","16361975983","57.6202","Sweden"
"1416","Continental","CON.DE","16332620227","81.6607","Germany"
"1417","MiniMax Group","0100.HK","16331168090","46.7627","China"
"1418","Sichuan Biokin Pharmaceutical","688506.SS","16324935341","39.5398","China"
"1419","PMetal (Press Metal Aluminium)","8869.KL","16322135206","1.98093","Malaysia"
"1420","Power Assets","0006.HK","16310330690","7.65346","Hong Kong"
"1421","PTC","PTC","16284620800","150.08","United States"
"1422","Unibail-Rodamco-Westfield","URW.PA","16276899813","112.664","France"
"1423","TransUnion","TRU","16270671872","84.92","United States"
"1424","Al Dar Properties","ALDAR.AE","16269871471","2.07","United Arab Emirates"
"1425","EDP Renováveis","EDPR.LS","16267038499","15.3506","Spain"
"1426","Coloplast","COLO-B.CO","16263372434","72.1636","Denmark"
"1427","Unisplendour","000938.SZ","16253311352","5.68282","China"
"1428","Burlington Stores","BURL","16241497088","258.56","United States"
"1429","Industries Qatar","IQCD.QA","16238599409","2.68407","Qatar"
"1430","Mapfre","MAP.MC","16212180250","5.28201","Spain"
"1431","Henderson Land Development","0012.HK","16204673443","3.34711","Hong Kong"
"1432","LG Chem","051910.KS","16193535214","206.88","South Korea"
"1433","Huaneng Power International","600011.SS","16193449696","1.02389","China"
"1434","Ipsen","IPN.PA","16189323341","196.069","France"
"1435","The Phoenix Holdings","PHOE.TA","16139667199","64.0527","Israel"
"1436","Lattice Semiconductor","LSCC","16138899456","113.63","United States"
"1437","Neurocrine Biosciences","NBIX","16096148480","158.35","United States"
"1438","Millicom","TIGO","16085066752","95.91","Luxembourg"
"1439","Jazz Pharmaceuticals","JAZZ","16070577152","247.565","Ireland"
"1440","mBank","MBK.WA","16051913731","377.463","Poland"
"1441","Kimco Realty","KIM","16045282304","23.92","United States"
"1442","BAWAG Group","0B2.F","16037255947","208.28","Austria"
"1443","Shionogi","4507.T","16021451024","18.8227","Japan"
"1444","W. P. Carey","WPC","16008014848","70.27","United States"
"1445","Zhejiang Century Huatong","002602.SZ","16005310970","2.17148","China"
"1446","Whitecap Resources","WCP.TO","15972935410","13.1367","Canada"
"1447","Rede D'Or Sao Luiz","RDOR3.SA","15964889944","7.3341","Brazil"
"1448","TCL Technology Group Corporation","000100.SZ","15961744919","0.727305","China"
"1449","Bitmine Immersion Technologies","BMNR","15955338240","26.45","United States"
"1450","Evergreen Marine","2603.TW","15941019086","7.36291","Taiwan"
"1451","Banco de Crédito e Inversiones","BCI.SN","15929076697","72.8672","Chile"
"1452","Bharat Heavy Electricals Limited","BHEL.NS","15914845046","4.57052","India"
"1453","Trent Limited","TRENT.NS","15891706450","29.8026","India"
"1454","BB Seguridade Participações","BBSE3.SA","15874667234","8.17756","Brazil"
"1455","Topicus","TOI.V","15867922222","74.4341","Canada"
"1456","ZTO Express","ZTO","15856266240","20.91","China"
"1457","SCREEN Holdings","7735.T","15851449086","83.8311","Japan"
"1458","IonQ","IONQ","15808393216","39.02","United States"
"1459","Ganfeng Lithium","002460.SZ","15786845838","7.5294","China"
"1460","Alamos Gold","AGI","15777202176","37.69","Canada"
"1461","REA Group","REA.AX","15757088848","120.412","Australia"
"1462","Solventum","SOLV","15735481344","92.44","United States"
"1463","MMG Limited","1208.HK","15698363607","1.222","Australia"
"1464","GFL Environmental","GFL","15691511808","43.48","Canada"
"1465","Cemex","CX","15684892672","10.87","Mexico"
"1466","Polyus","PLZL.ME","15672980886","11.4","Russia"
"1467","China Three Gorges Renewables","600905.SS","15636567808","0.546969","China"
"1468","Grupo Financiero Inbursa","GFINBURO.MX","15623250673","2.61039","Mexico"
"1469","Lingyi iTECH","002600.SZ","15612016349","1.92259","China"
"1470","HANMI Semiconductor","042700.KS","15600592416","164.471","South Korea"
"1471","Guosen Securities","002736.SZ","15599895066","1.52317","China"
"1472","Albemarle","ALB","15595548672","132.16","United States"
"1473","Sartorius","SRT.DE","15594782914","225.84","Germany"
"1474","Hyatt Hotels","H","15585813504","165.39","United States"
"1475","Performance Food Group","PFGC","15573735424","99.15","United States"
"1476","Kerry Group","KRZ.IR","15571466342","97.9765","Ireland"
"1477","Türkiye Petrol Rafinerileri","TUPRS.IS","15560404958","8.07579","Turkey"
"1478","Endeavour Mining","EDV.TO","15557091976","64.5454","United Kingdom"
"1479","SITC International","1308.HK","15547423339","5.77836","Hong Kong"
"1480","RBC Bearings","RBC","15537723392","490.78","United States"
"1481","Tyler Technologies","TYL","15531967488","379.27","United States"
"1482","SCB (Siam Commercial Bank)","SCB.BK","15509783125","4.60626","Thailand"
"1483","Admiral Group","ADM.L","15507845929","51.8827","United Kingdom"
"1484","Nexon","3659.T","15507682489","19.9103","Japan"
"1485","CGI","GIB","15497523200","74.84","Canada"
"1486","Corebridge Financial","CRBG","15490458624","34.75","United States"
"1487","APA Corporation","APA","15478530048","44.18","United States"
"1488","ING Bank Slaski","ING.WA","15469419893","118.904","Poland"
"1489","Asahi Group","2502.T","15461993280","10.5711","Japan"
"1490","Warner Music Group","WMG","15457893376","29.55","United States"
"1491","Datang International Power Generation Company","601991.SS","15445933523","0.834613","China"
"1492","Emera","EMA.TO","15433878501","50.2487","Canada"
"1493","Onto Innovation","ONTO","15431223296","252.46","United States"
"1494","Fisher & Paykel Healthcare","FPH.NZ","15431078649","26.2325","New Zealand"
"1495","Informa plc","INF.L","15423654279","12.3458","United Kingdom"
"1496","RB Global","RBA","15421603840","83.27","Canada"
"1497","Korea Electric Power","KEP","15407138816","12","South Korea"
"1498","Lamar Advertising","LAMR","15389854720","151.55","United States"
"1499","Mitsui O.S.K. Lines","9104.T","15378671826","44.7549","Japan"
"1500","Nippon Sanso","4091.T","15372848609","35.5151","Japan"
"1501","Lundbergföretagen","LUND-B.ST","15371820399","61.9831","Sweden"
"1502","Telus","TU","15340499968","9.74","Canada"
"1503","Pinnacle Financial Partners","PNFP","15318288384","101.37","United States"
"1504","Equinox Gold","EQX","15317072896","13.12","Canada"
"1505","Dynatrace","DT","15312474112","52.76","United States"
"1506","Akamai","AKAM","15305819136","106.5","United States"
"1507","Mid-America Apartment Communities","MAA","15293984768","128.56","United States"
"1508","Unum","UNM","15287687168","96.57","United States"
"1509","Host Hotels & Resorts","HST","15277034496","21.99","United States"
"1510","Union Bank of India","UNIONBANK.NS","15271251340","2.00053","India"
"1511","Gjensidige Forsikring","GJF.OL","15267179720","30.5366","Norway"
"1512","INNIO N.V.","INIO","15210000384","20.28","Germany"
"1513","Siemens India","SIEMENS.NS","15190957166","42.6568","India"
"1514","Romgaz","SNG.RO","15186200870","3.94015","Romania"
"1515","Chow Tai Fook","1929.HK","15152658012","1.53579","Hong Kong"
"1516","LATAM Airlines","LTM","15143644160","51.73","Chile"
"1517","Sun Communities","SUI","15143370752","119.85","United States"
"1518","Brookfield Renewable Partners","BEP","15129231360","31.1","Bermuda"
"1519","Shanghai Electric Group","601727.SS","15123924697","0.973218","China"
"1520","T&amp;D Holdings","8795.T","15111099887","31.7166","Japan"
"1521","Aramark","ARMK","15100441600","57.28","United States"
"1522","Hitachi Energy India","POWERINDIA.NS","15097281785","338.714","India"
"1523","UL Solutions","ULS","15067660288","74.63","United States"
"1524","China Satellite Communications","601698.SS","15066180115","3.56648","China"
"1525","Elia Group","ELI.BR","15066129069","138.039","Belgium"
"1526","Lifco","LIFCO-B.ST","15024862481","33.0787","Sweden"
"1527","Omega Healthcare Investors","OHI","15019744256","47.04","United States"
"1528","VeriSilicon Microelectronics","688521.SS","14995917450","28.5139","China"
"1529","Tech Mahindra","TECHM.NS","14984548071","16.9145","India"
"1530","Yangzijiang Shipbuilding (Holdings) Ltd.","BS6.SI","14972603843","3.80441","China"
"1531","Piraeus Financial Holdings","TPEIR.AT","14972010143","12.1526","Greece"
"1532","Doosan","000150.KS","14956217686","836.37","South Korea"
"1533","JD Health","6618.HK","14955776404","4.68902","China"
"1534","Lincoln Electric","LECO","14925309952","273.83","United States"
"1535","CG Power and Industrial Solutions","CGPOWER.NS","14924878573","9.47341","India"
"1536","Healthpeak Properties","DOC","14909161472","21.03","United States"
"1537","HMM","011200.KS","14887445342","15.7833","South Korea"
"1538","Kirin Holdings","2503.T","14884601643","18.6783","Japan"
"1539","Cummins India","CUMMINSIND.NS","14878869144","53.6756","India"
"1540","Yum China","YUMC","14874189824","43.69","China"
"1541","Hua Xia Bank","600015.SS","14871990514","0.934468","China"
"1542","Pan Pacific International Holdings","7532.T","14862127928","4.97148","Japan"
"1543","Anhui Conch Cement","AHCHF","14838046720","2.8","China"
"1544","Huagong Tech","000988.SZ","14832952852","14.7518","China"
"1545","Everest Group","EG","14809881600","386.25","Bermuda"
"1546","Pershing Square Inc.","PS","14803999744","37.01","United States"
"1547","BridgeBio Pharma","BBIO","14742127616","75.41","United States"
"1548","Eurofins Scientific","ERF.PA","14729018837","85.4285","Luxembourg"
"1549","Alteogen","196170.KQ","14724699750","211.674","South Korea"
"1550","UPM-Kymmene","UPM.HE","14723863707","27.9219","Finland"
"1551","Suncorp","SUN.AX","14712756325","13.8793","Australia"
"1552","Grupo Bimbo","BIMBOA.MX","14701891091","3.422","Mexico"
"1553","BWX Technologies","BWXT","14682423296","160.25","United States"
"1554","BOSCH India","BOSCHLTD.NS","14673900142","497.486","India"
"1555","Exelixis","EXEL","14651331584","59.13","United States"
"1556","Nitto Denko","6988.T","14648273566","22.1432","Japan"
"1557","Talen Energy","TLN","14638764032","305.52","United States"
"1558","Tatneft","TATN.ME","14629502570","6.62","Russia"
"1559","Somnigroup International","SGI","14624608256","69.52","United States"
"1560","Tryg","TRYG.CO","14609043272","24.516","Denmark"
"1561","GlobalWafers","6488.TWO","14608905263","30.5553","Taiwan"
"1562","Equitable Holdings","EQH","14603880448","53.54","United States"
"1563","Moncler","MONC.MI","14603751210","53.6923","Italy"
"1564","Telkom Indonesia","TLK","14599837696","14.81","Indonesia"
"1565","Symrise","SY1.DE","14593839881","106.384","Germany"
"1566","Varun Beverages","VBL.NS","14577089300","4.30961","India"
"1567","Revvity","RVTY","14576532480","130.63","United States"
"1568","Stanley Black &amp; Decker","SWK","14573106176","96.5","United States"
"1569","Logitech","LOGI","14563685376","101.71","Switzerland"
"1570","IGM Financial","IGM.TO","14562990788","63.0736","Canada"
"1571","Israel Discount Bank","DSCT.TA","14559478141","11.8993","Israel"
"1572","Kajima","1812.T","14531085951","31.5241","Japan"
"1573","Jiangsu Eastern Shenghong","000301.SZ","14513830278","2.19533","China"
"1574","Power Financial","PWF-PS.TO","14496548604","15.7713","Canada"
"1575","Bharat Petroleum","BPCL.NS","14474101876","3.38767","India"
"1576","Covestro","1COV.F","14464073275","69.6593","Germany"
"1577","Invesco","IVZ","14441457664","32.71","United States"
"1578","CapitaLand Mall Trust","C38U.SI","14429290196","1.83117","Singapore"
"1579","Japan Exchange Group","8697.T","14425559909","14.1644","Japan"
"1580","Penske Automotive Group","PAG","14420879360","219.62","United States"
"1581","Banque Saudi Fransi","1050.SR","14417112859","5.82439","Saudi Arabia"
"1582","Ryohin Keikaku","7453.T","14380311394","27.0903","Japan"
"1583","Ares Capital","ARCC","14367637504","20.01","United States"
"1584","GD Power Development","600795.SS","14354195125","0.804805","China"
"1585","China Communications Construction","601800.SS","14329664422","0.883795","China"
"1586","SK Telecom","SKM","14311420928","37.28","South Korea"
"1587","LTM Limited","LTM.NS","14309215448","48.2667","India"
"1588","H World Group Limited","HTHT","14250653696","46.34","China"
"1589","Hecla Mining","HL","14248208384","21.21","United States"
"1590","Dubai Islamic Bank","DIB.AE","14227526032","1.96863","United Arab Emirates"
"1591","Chubu Electric Power","9502.T","14218551444","18.8227","Japan"
"1592","BSE","BSE.NS","14212261706","34.9944","India"
"1593","Western Mining","601168.SS","14206297888","5.96152","China"
"1594","Banque Cantonale Vaudoise","BCVN.SW","14199216342","165.325","Switzerland"
"1595","Regency Centers","REG","14193906688","75.92","United States"
"1596","Assurant","AIZ","14190941184","287.71","United States"
"1597","Fabrinet","FN","14154771456","395","Cayman Islands"
"1598","Punjab National Bank","PNB.NS","14150401548","1.23123","India"
"1599","McCormick & Company","MKC","14136215552","52.58","United States"
"1600","Charles River Laboratories","CRL","14130002944","293.35","United States"
"1601","Kingdom Holding","4280.SR","14123641641","3.81102","Saudi Arabia"
"1602","OBIC","4684.T","14108784982","32.7689","Japan"
"1603","Sekisui House","1928.T","14100363016","21.7518","Japan"
"1604","Masco","MAS","14083125248","71.42","United States"
"1605","Osaka Gas","9532.T","14079604980","37.1","Japan"
"1606","Bureau Veritas","BVI.PA","14073118195","31.6897","France"
"1607","Sterling Infrastructure","STRL","14071635968","460.03","United States"
"1608","LTIMindtree","LTIM.NS","14069121851","47.4605","India"
"1609","Origin Energy","ORG.AX","14052230577","8.15687","Australia"
"1610","RenaissanceRe","RNR","14043292672","337.97","Bermuda"
"1611","Polycab India","POLYCAB.NS","14043061937","93.2257","India"
"1612","iFLYTEK","002230.SZ","14033641634","5.84229","China"
"1613","Check Point Software","CHKP","14029647872","137.41","Israel"
"1614","Trimble","TRMB","14014107648","60.1","United States"
"1615","Grab Holdings","GRAB","13992252416","3.42","Singapore"
"1616","Qatar Islamic Bank","QIBK.QA","13989335087","5.92033","Qatar"
"1617","Asahi Kasei","3407.T","13988639503","10.4396","Japan"
"1618","CSPC Pharmaceutical Group Limited","1093.HK","13973862663","1.22519","China"
"1619","Investment AB Latour","LATO-B.ST","13973363447","21.8567","Sweden"
"1620","QXO, Inc.","QXO","13964624896","13.46","United States"
"1621","Sunoco","SUN","13940741120","73.99","United States"
"1622","Mueller Industries","MLI","13925579776","62.96","United States"
"1623","CACI International Inc","CACI","13922710528","630","United States"
"1624","Olympus","7733.T","13922538758","13.0992","Japan"
"1625","Emaar Development","EMAARDEV.AE","13919293279","3.47982","United Arab Emirates"
"1626","S-OIL","010950.KS","13918683795","119.555","South Korea"
"1627","Satellite Chemical","002648.SZ","13881849665","4.1209","China"
"1628","lululemon athletica","LULU","13827460096","121.77","Canada"
"1629","LG Corp","003550.KS","13818307076","89.611","South Korea"
"1630","ARC Resources","ARX.TO","13813110184","24.4102","Canada"
"1631","SBI Holdings","8473.T","13803050114","21.354","Japan"
"1632","ADNOC Logistics &amp; Services","ADNOCLS.AE","13798659238","1.87","United Arab Emirates"
"1633","Impala Platinum","IMP.JO","13785226000","15.3483","South Africa"
"1634","Cooper Companies","COO","13776963584","70.64","United States"
"1635","Concordia Financial Group","7186.T","13771426952","12.3902","Japan"
"1636","J.M. Smucker Company","SJM","13727846400","128.51","United States"
"1637","Emirates Integrated Telecommunications Company","DU.AE","13724857635","3.02783","United Arab Emirates"
"1638","Kawasaki Heavy Industries","7012.T","13712956774","15.7043","Japan"
"1639","Carlisle Companies","CSL","13702964224","345.04","United States"
"1640","United Utilities","UU.L","13674501395","18.4078","United Kingdom"
"1641","Summit Therapeutics","SMMT","13665451008","17.13","United Kingdom"
"1642","AEGON","AEG","13661030400","9.2","Netherlands"
"1643","Textron","TXT","13650601984","79.37","United States"
"1644","Abu Dhabi National Oil Company (ADNOC)","ADNOCDIST.AE","13647625551","1.09","United Arab Emirates"
"1645","Insurance Australia Group","IAG.AX","13631324083","5.83045","Australia"
"1646","Metro","MRU.TO","13607346577","65.0238","Canada"
"1647","Globe Life","GL","13565464576","176.52","United States"
"1648","Harel Group","HARL.TA","13559187261","65.9816","Israel"
"1649","Vår Energi","VAR.OL","13558604922","5.43159","Norway"
"1650","True Corporation","TRUE.BK","13551902561","0.392216","Thailand"
"1651","Scentre Group","SCG.AX","13540606707","2.58931","Australia"
"1652","Uni-President Enterprises","1216.TW","13527327722","2.38073","Taiwan"
"1653","Erie Indemnity","ERIE","13510132736","258.37","United States"
"1654","Daifuku","6383.T","13508930563","36.33","Japan"
"1655","Samsung SDS","018260.KS","13492040979","174.428","South Korea"
"1656","Alcoa","AA","13472576512","51.05","United States"
"1657","Tongfu Microelectronics Co.,Ltd","002156.SZ","13464467534","8.87223","China"
"1658","China Southern Airlines","600029.SS","13461106837","0.742847","China"
"1659","Figma","FIG","13442507776","25.22","United States"
"1660","Carrefour","CA.PA","13437985736","18.9906","France"
"1661","Taiwan Cooperative Financial","5880.TW","13430877401","0.83562","Taiwan"
"1662","China Gold International Resources","CGG.TO","13418415786","33.8495","Canada"
"1663","AMH (American Homes 4 Rent)","AMH","13409529856","32.71","United States"
"1664","BorgWarner","BWA","13386989568","65.73","United States"
"1665","SEI Investments","SEIC","13377338368","111.46","United States"
"1666","Tencent Music Entertainment","TME","13364073472","8.2","China"
"1667","UDR Apartments","UDR","13361036288","36.37","United States"
"1668","Lennox","LII","13343184896","386.08","United States"
"1669","Obayashi","1802.T","13338312157","19.4034","Japan"
"1670","Taisei Corporation","1801.T","13320079702","81.7137","Japan"
"1671","CNA Financial","CNA","13302742016","49.16","United States"
"1672","Etihad Etisalat (Mobily)","7020.SR","13285973693","17.3107","Saudi Arabia"
"1673","Wayfair","W","13283163136","96.98","United States"
"1674","Five Below","FIVE","13268673536","239.96","United States"
"1675","Ally Financial","ALLY","13260063744","43.59","United States"
"1676","Pro Medicus","PME.AX","13239333567","126.729","Australia"
"1677","KT&amp;G (Korea Tobacco)","033780.KS","13230309180","127.447","South Korea"
"1678","Apollo Hospitals","APOLLOHOSP.NS","13228645237","92.0032","India"
"1679","Allegion","ALLE","13228321792","155.56","Ireland"
"1680","Baxter","BAX","13219587072","25.57","United States"
"1681","U-Haul","UHAL","13217363968","67.61","United States"
"1682","LONGi Green Energy Technology","601012.SS","13214213336","1.74374","China"
"1683","RPM International","RPM","13202115584","103.43","United States"
"1684","Chifeng Jilong Gold Mining","600988.SS","13198675921","6.94517","China"
"1685","Samsung Heavy Industries","010140.KS","13166362640","15.4146","South Korea"
"1686","Bank of Baroda","BANKBARODA.NS","13161178707","2.54501","India"
"1687","Bajaj Holdings &amp; Investment","BAJAJHLDNG.NS","13152601972","118.179","India"
"1688","Coca-Cola Consolidated","COKE","13139791872","197.4","United States"
"1689","GoDaddy","GDDY","13124501504","103.63","United States"
"1690","Hasbro","HAS","13117134848","93","United States"
"1691","DT Midstream","DTM","13117126656","128.58","United States"
"1692","Avery Dennison","AVY","13113622528","173.03","United States"
"1693","iA Financial","IAG.TO","13100038464","148.216","Canada"
"1694","Embraer","EMBJ","13099505664","73.61","Brazil"
"1695","Jerónimo Martins","JEM.F","13089030257","20.828","Portugal"
"1696","Formosa Plastics","1301.TW","13087576462","2.05594","Taiwan"
"1697","Britannia Industries","BRITANNIA.NS","13079166966","54.3001","India"
"1698","Delivery Hero","DHER.F","13071988201","42.6561","Germany"
"1699","Elm Company","7203.SR","13070920738","163.387","Saudi Arabia"
"1700","Toll Brothers","TOL","13066444800","141.8","United States"
"1701","HubSpot","HUBS","13059773440","255.12","United States"
"1702","Prada","1913.HK","13055907335","5.10231","Italy"
"1703","Tōkyō Gas","9531.T","13053860963","39.7372","Japan"
"1704","Lodha Group","LODHA.NS","13047641704","13.0617","India"
"1705","Orion Corporation","ORNAV.HE","13039821335","92.5689","Finland"
"1706","Watsco","WSO","13010116608","315.38","United States"
"1707","Eastroc Beverage Group","605499.SS","12997733351","17.7033","China"
"1708","Sage Group","SGE.L","12989191699","14.472","United Kingdom"
"1709","Diploma plc","DPLM.L","12985813729","96.8405","United Kingdom"
"1710","Harmony Gold","HMY","12974531584","20.76","South Africa"
"1711","Bolloré","BOL.PA","12972254483","4.61682","France"
"1712","Manhattan Associates","MANH","12964111360","222.35","United States"
"1713","Tongling Nonferrous Metals Group Co.,Ltd.","000630.SZ","12950411820","0.965766","China"
"1714","Ebara Corporation","6361.T","12941555464","28.4185","Japan"
"1715","Wise PLC","WISE.L","12929943569","13.1438","United Kingdom"
"1716","Orient Overseas Container Line","0316.HK","12921755276","19.5673","Hong Kong"
"1717","Shanghai United Imaging Healthcare","688271.SS","12907063093","15.6609","China"
"1718","Mitsubishi HC Capital","8593.T","12902899699","8.9991","Japan"
"1719","SKF (Svenska Kullagerfabriken)","SKF-B.ST","12894255177","28.3172","Sweden"
"1720","Madison Air Solutions","MAIR","12884237312","25.68","United States"
"1721","DigitalOcean","DOCN","12863203328","109.4","United States"
"1722","BioMarin Pharmaceutical","BMRN","12859105280","66.43","United States"
"1723","CoStar Group","CSGP","12836660224","31.68","United States"
"1724","Nextpower","NXT","12828802048","83.5","United States"
"1725","“K” Line","9107.T","12821876750","21.4053","Japan"
"1726","Brown Forman","BF-A","12811490304","27.92","United States"
"1727","BELIMO Holding","BEAN.SW","12795013710","1040.25","Switzerland"
"1728","Link REIT","0823.HK","12775323979","4.91097","Hong Kong"
"1729","MOL Group","MOL.BD","12771490558","16.1534","Hungary"
"1730","Chime Financial","CHYM","12739389440","33.65","United States"
"1731","Aker ASA","AKER.OL","12723966359","172.589","Norway"
"1732","Sino Land","0083.HK","12716973826","1.3266","Hong Kong"
"1733","Sino Biopharmaceutical","1177.HK","12705759395","0.713047","China"
"1734","Strabag","XD4.F","12700173431","110.013","Austria"
"1735","Seres Group","601127.SS","12695510804","7.28796","China"
"1736","Gaming and Leisure Properties","GLPI","12686871552","42.36","United States"
"1737","Yara International","YAR.OL","12684506499","49.7967","Norway"
"1738","Fidelity National Financial","FNF","12680157184","47.28","United States"
"1739","Indian Bank","INDIANB.NS","12671228164","9.40725","India"
"1740","Dongfang Electric Corporation","600875.SS","12669195117","3.66335","China"
"1741","Aurora Innovation","AUR","12666261504","6.32","United States"
"1742","Penumbra","PEN","12649520128","321.14","United States"
"1743","Modon Holding PSC","MODON.AE","12640412610","0.77","United Arab Emirates"
"1744","AGNC Investment","AGNC","12637232128","10.66","United States"
"1745","Semtech","SMTC","12636289024","135.4","United States"
"1746","Formosa Chemicals &amp; Fibre","1326.TW","12633860596","2.16","Taiwan"
"1747","ICON plc","ICLR","12620884992","163.58","Ireland"
"1748","Graco","GGG","12612963328","77.88","United States"
"1749","Klépierre","LI.PA","12607033372","43.9586","France"
"1750","DocuSign","DOCU","12596616192","65.97","United States"
"1751","Samsung SDI","006405.KS","12594603110","160.046","South Korea"
"1752","Acciona","ANA.MC","12572565811","236.307","Spain"
"1753","Crown Holdings","CCK","12571627520","115.59","United States"
"1754","Halozyme Therapeutics","HALO","12571038720","110.76","United States"
"1755","Webster Financial","WBS","12568934400","77.57","United States"
"1756","Almarai","2280.SR","12558241823","12.6342","Saudi Arabia"
"1757","IES Holdings","IESC","12555930624","315.09","United States"
"1758","Equity LifeStyle Properties","ELS","12553988096","62.61","United States"
"1759","Madrigal Pharmaceuticals","MDGL","12536529920","542.61","United States"
"1760","Dick's Sporting Goods","DKS","12509769728","139.77","United States"
"1761","Li Auto","LI","12473758720","12.06","China"
"1762","YTL Power International","6742.KL","12473264267","1.43865","Malaysia"
"1763","Alpha Services and Holdings","ALPHA.AT","12463257770","5.5239","Greece"
"1764","CP All","CPALL.BK","12463078390","1.3986","Thailand"
"1765","Kokusai Electric","6525.T","12447217837","53.3337","Japan"
"1766","Tele2","TEL2-B.ST","12446404771","17.8765","Sweden"
"1767","Recordati","REC.MI","12445034405","60.7629","Italy"
"1768","Keyera","KEY.TO","12438932140","42.3898","Canada"
"1769","Muthoot Finance","MUTHOOTFIN.NS","12436068552","30.9765","India"
"1770","Stifel","SF","12424422400","82.28","United States"
"1771","Texas Roadhouse","TXRH","12410074112","189.06","United States"
"1772","Grupo Aeroportuario del Pacífico","PAC","12393633792","208.29","Mexico"
"1773","Swiss Prime Site","SPSN.SW","12390273116","154.427","Switzerland"
"1774","Paramount Skydance","PSKY","12386280448","11.04","United States"
"1775","Shizuoka Financial Group","5831.T","12378212211","23.3174","Japan"
"1776","Aéroports de Paris","ADP.PA","12368845899","125.015","France"
"1777","Tata Power","TATAPOWER.NS","12368729661","3.87087","India"
"1778","Eiffage","FGR.PA","12344147957","127.05","France"
"1779","Gartner","IT","12343099392","195.46","United States"
"1780","BXP, Inc.","BXP","12341267456","68.23","United States"
"1781","Schroders","SDR.L","12337735109","7.91225","United Kingdom"
"1782","Jindal Steel &amp; Power","JINDALSTEL.NS","12331557794","12.1196","India"
"1783","China Resources Power Holdings","0836.HK","12309361852","2.37768","Hong Kong"
"1784","China Railway Construction","601186.SS","12305112203","0.906151","China"
"1785","Hudbay Minerals","HBM","12298369024","27.69","Canada"
"1786","Allegro.eu","ALE.WA","12295721018","12.1353","Poland"
"1787","Innolux","3481.TW","12293836147","1.54038","Taiwan"
"1788","Fuji Electric","6504.T","12276075476","84.0878","Japan"
"1789","Accor","AC.PA","12272205973","53.2271","France"
"1790","HDFC Life","HDFCLIFE.NS","12265554942","5.647","India"
"1791","Bank of Chengdu","601838.SS","12254741971","2.89134","China"
"1792","Zhejiang NHU Co., Ltd.","002001.SZ","12239268044","3.98229","China"
"1793","POSCO Future M","003670.KS","12234643003","137.551","South Korea"
"1794","Pershing Square Holdings","PSHZF","12225084416","56.685","United States"
"1795","Camden Property Trust","CPT","12221360128","105.6","United States"
"1796","Arrowhead Pharmaceuticals","ARWR","12217098240","86.49","United States"
"1797","Severn Trent","SVT.L","12206516407","40.4133","United Kingdom"
"1798","Antero Resources","AR","12202253312","39.69","United States"
"1799","Elanco","ELAN","12196558848","24.42","United States"
"1800","Corcept Therapeutics","CORT","12193500160","112.8","United States"
"1801","Industrial Bank of Korea (IBK)","024110.KS","12174350617","15.2671","South Korea"
"1802","Washington H. Soul Pattinson and Company (Soul Patts)","SOL.AX","12171440340","32.0369","Australia"
"1803","GAIL","GAIL.NS","12156328505","1.84885","India"
"1804","TTM Technologies","TTMI","12156205056","115.39","United States"
"1805","American Healthcare REIT","AHR","12155611136","55.76","United States"
"1806","BrightSpring Health Services","BTSG","12154800128","61.43","United States"
"1807","Rexel","RXL.PA","12146200028","41.3071","France"
"1808","Intertek","ITRK.L","12134622010","79.0549","United Kingdom"
"1809","(HLBank) Hong Leong Bank","5819.KL","12124452604","5.91309","Malaysia"
"1810","J&amp;T Global Express","1519.HK","12109563781","1.25644","China"
"1811","Arab National Bank","1080.SR","12105914657","6.0987","Saudi Arabia"
"1812","AkzoNobel","AKZA.AS","12099058397","70.5896","Netherlands"
"1813","Encompass Health","EHC","12093918208","122.59","United States"
"1814","GEA Group","G1A.F","12088482581","74.2528","Germany"
"1815","Rentokil Initial","RTO","12088016896","24.02","United Kingdom"
"1816","Wharf REIC","1997.HK","12083577900","3.9798","Hong Kong"
"1817","Canara Bank","CANBK.NS","12078200019","1.33157","India"
"1818","Power Finance Corp","PFC.NS","12068643798","3.65705","India"
"1819","Zydus Lifesciences","ZYDUSLIFE.NS","12068238685","12.0984","India"
"1820","Nitori Holdings","9843.T","12066242027","21.354","Japan"
"1821","Ivanhoe Mines","IVN.TO","12057585064","8.45332","Canada"
"1822","Puig Brands","PUIG.MC","12046681851","21.3862","Spain"
"1823","The Magnum Ice Cream Company","MICC","12031367168","19.74","Netherlands"
"1824","Chiba Bank","CHBAY","12021093376","86.95","Japan"
"1825","Anker Innovations","300866.SZ","12021033666","20.442","China"
"1826","HD Hyundai","267250.KS","12013831545","170.003","South Korea"
"1827","Sichuan Road and Bridge Group (SRBG)","600039.SS","12013671524","1.38158","China"
"1828","DraftKings","DKNG","12009224192","24.19","United States"
"1829","Smith & Nephew","SNN","12007011328","28.69","United Kingdom"
"1830","Indra Sistemas","IDR.MC","11988048652","68.4963","Spain"
"1831","Japan Post Insurance","7181.T","11984099682","11.0588","Japan"
"1832","Instacart (Maplebear Inc.)","CART","11973183488","51.72","United States"
"1833","American Financial Group","AFG","11968883712","144.34","United States"
"1834","Subaru","7270.T","11968624088","16.9844","Japan"
"1835","Fresenius Medical Care","FMS","11958968320","22.47","Germany"
"1836","Iamgold","IAG","11956740096","20.94","Canada"
"1837","LG Electronics India Ltd.","LGEINDIA.NS","11943090763","17.5951","India"
"1838","Rohm","6963.T","11939050489","30.9274","Japan"
"1839","Hormel Foods","HRL","11931604992","21.68","United States"
"1840","Cipla","CIPLA.NS","11926119037","14.7626","India"
"1841","Pinnacle West Capital","PNW","11877328896","98","United States"
"1842","Essential Utilities","WTRG","11875713024","41.87","United States"
"1843","Watts Water Technologies","WTS","11868676096","355.53","United States"
"1844","Mowi","MNHVF","11852212224","22.42","Norway"
"1845","Power Construction Corporation of China","601669.SS","11835491834","0.687065","China"
"1846","Applied Industrial Technologies","AIT","11833912320","322.46","United States"
"1847","First Horizon Corporation","FHN","11825477632","24.96","United States"
"1848","Zensho Holdings","7550.T","11821330509","75.5539","Japan"
"1849","AltaGas","ALA.TO","11812120987","37.8587","Canada"
"1850","Pinterest","PINS","11807627264","20.85","United States"
"1851","Jack Henry &amp; Associates","JKHY","11804859392","168.37","United States"
"1852","Yamaha Motor","7272.T","11790849450","12.1464","Japan"
"1853","Swatch","UHR.SW","11780399009","226.563","Switzerland"
"1854","Ooredoo","ORDS.AE","11774546544","3.68","United Arab Emirates"
"1855","Pharmaron Beijing","300759.SZ","11774475189","6.40863","China"
"1856","BJ's Wholesale Club","BJ","11771266048","93.19","United States"
"1857","Hong Kong Telecom","6823.HK","11758439854","1.5511","Hong Kong"
"1858","Toray Industries","3402.T","11734687870","8.05587","Japan"
"1859","Crane Company","CR","11729425408","202.93","United States"
"1860","Getlink","GET.PA","11722386206","21.6072","France"
"1861","Far EasTone","4904.TW","11717390878","3.24788","Taiwan"
"1862","Skanska","SKA-B.ST","11699529207","28.2542","Sweden"
"1863","Orient Securities Company Limited (DFZQ)","600958.SS","11688157440","1.37562","China"
"1864","Kakao","035720.KS","11684529213","26.5145","South Korea"
"1865","Pilbara Minerals","PLS.AX","11667170477","3.61927","Australia"
"1866","Tempus AI","TEM","11666911232","64.66","United States"
"1867","Amkor Technology","AMKR","11662359552","46.94","United States"
"1868","Aditya Birla Capital","ABCAPITAL.NS","11648371256","4.25509","India"
"1869","Bunzl","BNZL.L","11604955166","36.1394","United Kingdom"
"1870","Saputo","SAP.TO","11597389382","29.2169","Canada"
"1871","DaVita","DVA","11589908480","181.66","United States"
"1872","Haisco Pharmaceutical Group","002653.SZ","11564167016","10.1361","China"
"1873","Lotus Bakeries","LOTB.BR","11552781368","14211","Belgium"
"1874","National Silicon Industry Group","688126.SS","11541007405","3.49196","China"
"1875","Toromont","TIH.TO","11535417392","141.43","Canada"
"1876","Deckers Brands","DECK","11507366912","84.5","United States"
"1877","Realtek","2379.TW","11482128350","22.3883","Taiwan"
"1878","Domino's Pizza","DPZ","11480354816","347.03","United States"
"1879","Hyundai Glovis","086280.KS","11477955424","153.039","South Korea"
"1880","PayPay Corporation","PAYP","11464033280","16.93","Japan"
"1881","AIER Eye Hospital","300015.SZ","11462122610","1.23254","China"
"1882","Sichuan Chuantou Energy","600674.SS","11456927600","2.35033","China"
"1883","Huntington Ingalls Industries","HII","11456099328","290.73","United States"
"1884","M&G plc","MNG.L","11447896862","4.75005","United Kingdom"
"1885","Indian Railway Finance","IRFC.NS","11432781918","0.874835","India"
"1886","CCL Industries","CCL-B.TO","11431642501","67.6193","Canada"
"1887","Eldorado Gold","EGO","11420884992","43.79","Canada"
"1888","Evercore","EVR","11418498048","296.91","United States"
"1889","G Mining Ventures","GMIN.TO","11413248452","38.5184","Canada"
"1890","Clorox","CLX","11402585088","94.29","United States"
"1891","Astra International","ASII.JK","11399927579","0.285569","Indonesia"
"1892","GarantiBank","GARAN.IS","11398642141","2.71396","Turkey"
"1893","Idemitsu Kosan","5019.T","11397849590","9.5092","Japan"
"1894","HDFC Asset Management Company Limited","HDFCAMC.NS","11396216333","26.5763","India"
"1895","Ternium","TX","11381918720","57.98","Luxembourg"
"1896","Capcom","9697.T","11364330770","27.1673","Japan"
"1897","Bio-Techne","TECH","11361480704","72.45","United States"
"1898","Align Technology","ALGN","11356076032","159.855","United States"
"1899","Marico","MARICO.NS","11351748968","8.75787","India"
"1900","Koç Holding","KCHOL.IS","11330393254","4.46957","Turkey"
"1901","Knight-Swift Transportation","KNX","11322935296","69.57","United States"
"1902","Menora Mivtachim Holdings","MMHD.TA","11316574529","181.117","Israel"
"1903","SCSK Corporation","9719.T","11306209179","36.1482","Japan"
"1904","Seven Group Holdings
 (SGH)","SGH.AX","11300619179","27.7658","Australia"
"1905","China Resources Microelectronics","688396.SS","11299203186","8.50709","China"
"1906","China Eastern Airlines","600115.SS","11291256224","0.5112","China"
"1907","Service Corporation International","SCI","11282216960","82.78","United States"
"1908","Suzano","SUZ","11268780032","9.15","Brazil"
"1909","Avidity Biosciences","RNAM","11249150976","72.82","United States"
"1910","Hero MotoCorp","HEROMOTOCO.NS","11245827945","56.1895","India"
"1911","Nova Ltd.","NVMI","11218032640","352.7","Israel"
"1912","SG Micro","300661.SZ","11214757106","16.3584","China"
"1913","Indian Hotels Company","INDHOTEL.NS","11208418838","7.74808","India"
"1914","Bangkok Bank","BBL.BK","11201176609","5.86805","Thailand"
"1915","Taiwan Mobile","3045.TW","11181762760","3.68934","Taiwan"
"1916","Vedanta","VEDL.NS","11180194828","2.86319","India"
"1917","Dayforce","DAY","11180042240","69.86","United States"
"1918","Sanlam","SLM.JO","11173283200","5.3467","South Africa"
"1919","JFrog","FROG","11172331520","90.61","United States"
"1920","United Spirits","UNITDSPR.BO","11151571949","15.7052","India"
"1921","Goldwind Science&amp;Technology","002202.SZ","11142235741","2.63797","China"
"1922","Confluent","CFLT","11133729792","30.99","United States"
"1923","Ooredoo Qatar","ORDS.QA","11131999328","3.47527","Qatar"
"1924","FactSet","FDS","11130592256","312.96","United States"
"1925","Lynas","LYC.AX","11127784140","11.0559","Australia"
"1926","Cathay Pacific","0293.HK","11123460825","1.82918","Hong Kong"
"1927","Paytm","PAYTM.NS","11109128761","17.3273","India"
"1928","Jefferies Financial Group","JEF","11036049408","54.26","United States"
"1929","APR Co., Ltd.","278470.KS","11031038045","294.647","South Korea"
"1930","Vienna Insurance Group","WSV2.F","11000348907","85.9402","Austria"
"1931","SailPoint","SAIL","10997677056","19.39","United States"
"1932","Krystal Biotech","KRYS","10995079168","371.47","United States"
"1933","Advanced Energy","AEIS","10985835520","274.3","United States"
"1934","Hensoldt","HAG.F","10973775398","95.011","Germany"
"1935","SM Investments Corporation","SVTMF","10928959488","9","Philippines"
"1936","Akeso","9926.HK","10927397414","11.8629","China"
"1937","Popular, Inc. (Banco Popular de Puerto Rico)","BPOP","10927170560","171.33","United States"
"1938","Hikari Tsushin","9435.T","10921161591","249.921","Japan"
"1939","TFI International","TFII","10916056064","132.81","Canada"
"1940","Mitsubishi Chemical Holdings","4188.T","10914906090","8.03342","Japan"
"1941","Axsome Therapeutics","AXSM","10913543168","208.35","United States"
"1942","Salik Company","SALIK.AE","10905081858","1.45401","United Arab Emirates"
"1943","Zhejiang Huayou Cobalt","603799.SS","10901675639","5.75734","China"
"1944","UMB Financial","UMBF","10894272512","143.44","United States"
"1945","Guangdong HAID Group","002311.SZ","10884773237","6.57108","China"
"1946","Unicaja Banco","UNI.MC","10877295045","4.23538","Spain"
"1947","BIDV  (Commercial Bank for Investment and Development of Vietnam)","BID.VN","10876496579","1.39832","Vietnam"
"1948","Discovery Limited","DSY.JO","10861435900","16.2288","South Africa"
"1949","Hut 8","HUT","10857926656","88.09","Canada"
"1950","Verisure plc","VSURE.ST","10853056766","10.4966","Switzerland"
"1951","Jonhon Optronic Technology","002179.SZ","10842888392","5.16267","China"
"1952","Paycom","PAYC","10840626176","240.52","United States"
"1953","Enlight Renewable Energy","ENLT","10831176704","77.46","Israel"
"1954","GMR Airports","GMRAIRPORT.NS","10826652815","1.02535","India"
"1955","Regal Rexnord","RRX","10824878080","162.61","United States"
"1956","SSAB","SSAB-B.ST","10824375303","10.8497","Sweden"
"1957","New York Times","NYT","10815676416","67.06","United States"
"1958","Marks &amp; Spencer","MKS.L","10815437373","5.22749","United Kingdom"
"1959","TMX Group","X.TO","10813333130","39.2652","Canada"
"1960","Sime Darby Plantation","5285.KL","10805536493","1.56246","Malaysia"
"1961","Generac","GNRC","10799344640","183.02","United States"
"1962","Alchip Technologies","3661.TW","10794338214","131.492","Taiwan"
"1963","Shinkin Central Bank","8421.T","10784072098","1238.38","Japan"
"1964","Lufthansa","LHA.DE","10775242769","8.96383","Germany"
"1965","Skyworks Solutions","SWKS","10758804480","71.5","United States"
"1966","Bentley Systems","BSY","10751485952","35.59","United States"
"1967","Petro Rabigh","2380.SR","10738407633","4.88695","Saudi Arabia"
"1968","Arrow Electronics","ARW","10734426112","210.87","United States"
"1969","Brookfield Property Partners","BPYPP","10725319680","16.23","Bermuda"
"1970","Unicharm","8113.T","10717943599","6.22846","Japan"
"1971","Laurus Labs","LAURUSLABS.NS","10686142519","19.7777","India"
"1972","Tata Consumer Products","TATACONSUM.NS","10676814521","10.788","India"
"1973","EastGroup Properties","EGP","10672390144","198.47","United States"
"1974","D'Ieteren Group","DIE.BR","10665329783","202.814","Belgium"
"1975","Antero Midstream","AM","10661177344","22.46","United States"
"1976","XPeng","XPEV","10656452608","11.14","China"
"1977","Ambuja Cements","AMBUJACEM.NS","10652034664","4.28685","India"
"1978","Owens Corning","OC","10648648704","134.71","United States"
"1979","Glaukos","GKOS","10637753344","180.35","United States"
"1980","Globalstar","GSAT","10621606912","81.98","United States"
"1981","Allison Transmission","ALSN","10606323712","128.44","United States"
"1982","Molina Healthcare","MOH","10591901696","202.91","United States"
"1983","LIG Defense & Aerospace","079550.KS","10569295241","483.826","South Korea"
"1984","Mazagon Dock Shipbuilders Limited","MAZDOCK.NS","10563240059","26.1868","India"
"1985","CPFL Energia","CPFE3.SA","10561747844","9.16616","Brazil"
"1986","Shoprite","SHP.JO","10555885400","19.5196","South Africa"
"1987","Kikkoman","2801.T","10554333407","11.3764","Japan"
"1988","AES","AES","10544623616","14.78","United States"
"1989","First Majestic Silver","AG","10543266816","21.39","Canada"
"1990","Ashok Leyland","ASHOKLEY.NS","10529105843","1.79254","India"
"1991","MGM Resorts","MGM","10523161600","41.13","United States"
"1992","ENKA","ENKAI.IS","10522747707","1.79485","Turkey"
"1993","Littelfuse","LFUS","10521177088","414.24","United States"
"1994","Rakuten","4755.T","10514480030","4.81877","Japan"
"1995","Donaldson Company","DCI","10501541888","90.6","United States"
"1996","Globus Medical","GMED","10488541184","78.12","United States"
"1997","Sanmina","SANM","10488466432","195.69","United States"
"1998","Subsea 7","SUBC.OL","10477263866","35.3785","Luxembourg"
"1999","Beazley","BEZ.L","10475992219","17.5895","United Kingdom"
"2000","Aritzia","ATZ.TO","10473334616","91.406","Canada"
"2001","IDBI Bank","IDBI.NS","10467303261","0.973485","India"
"2002","Indus Towers","INDUSTOWER.NS","10466463207","3.96878","India"
"2003","JSW Energy","JSWENERGY.NS","10463775867","5.71051","India"
"2004","Insulet","PODD","10443355136","150.58","United States"
"2005","Edison","EDNR.MI","10442700584","2.20491","Italy"
"2006","Zhaojin Mining Industry Company","1818.HK","10437954158","2.94658","China"
"2007","Phoenix Group","PHNX.L","10432668584","10.4178","United Kingdom"
"2008","Chongqing Changan","000625.SZ","10430438773","1.05221","China"
"2009","Freedom Holding","FRHC","10425455616","163.44","Kazakhstan"
"2010","Shimizu Corporation","1803.T","10415606449","15.3354","Japan"
"2011","LPP SA","LPP.WA","10415087536","5603.4","Poland"
"2012","China Railway Group","0390.HK","10404447753","0.424129","China"
"2013","bioMérieux","BIM.PA","10395061184","88.3242","France"
"2014","Shimano","7309.T","10391478450","122.266","Japan"
"2015","South State Corp","SSB","10386942976","107.11","United States"
"2016","Trelleborg AB","TREL-B.ST","10377047269","46.7338","Sweden"
"2017","Darling Ingredients","DAR","10375541760","65.75","United States"
"2018","Focus Media Information Technology","002027.SZ","10374741672","0.718363","China"
"2019","Bio-Rad Laboratories","BIO","10371738624","387.9","United States"
"2020","CapitaLand Investment Limited","9CI.SI","10365829985","2.07585","Singapore"
"2021","APA Group","APA.AX","10363856074","7.82916","Australia"
"2022","Wintrust Financial","WTFC","10355756032","153.52","United States"
"2023","Ackermans &amp; Van Haaren","ACKB.BR","10355024082","317.014","Belgium"
"2024","Bank Albilad","1140.SR","10354470763","6.90298","Saudi Arabia"
"2025","Tianqi Lithium","002466.SZ","10328173381","6.99286","China"
"2026","San’an Optoelectronics","600703.SS","10327953616","2.07014","China"
"2027","Lupin Limited","LUPIN.NS","10319034779","22.5668","India"
"2028","Tsingtao","600600.SS","10316297503","7.56219","China"
"2029","Qantas Airways","QAN.AX","10288534101","6.79919","Australia"
"2030","Thyssenkrupp","TKA.F","10283827561","16.5194","Germany"
"2031","Cytokinetics","CYTK","10280781824","73.95","United States"
"2032","Old Republic International","ORI","10277799936","42.57","United States"
"2033","Sofina","SOF.VI","10276674208","289.801","Belgium"
"2034","Avantor","AVTR","10273890304","15.19","United States"
"2035","Brenntag","BNR.DE","10272702770","71.1478","Germany"
"2036","Powerchip Semiconductor Manufacturing","6770.TW","10266659021","2.15684","Taiwan"
"2037","Wan Hai Lines","2615.TW","10264339336","3.65781","Taiwan"
"2038","BDO Unibank","BDOUY","10260624384","19.23","Philippines"
"2039","Max Healthcare Institute","MAXHEALTH.NS","10249408111","10.5308","India"
"2040","Federal Realty Investment Trust","FRT","10241932288","117.16","United States"
"2041","GBL","GBLB.VI","10233457573","86.231","Belgium"
"2042","Cognex","CGNX","10226327552","60.79","United States"
"2043","Apogee Therapeutics","APGE","10223142912","135.07","United States"
"2044","Boubyan Bank","BOUBYAN.KW","10196565159","2160.81","Kuwait"
"2045","Dillard's","DDS","10183410688","652.07","United States"
"2046","WH Group","0288.HK","10179608437","0.793409","Hong Kong"
"2047","Evonik Industries","EVK.DE","10177322748","21.8397","Germany"
"2048","Advanced Drainage Systems","WMS","10166902784","134.83","United States"
"2049","Hyundai Rotem Company","064350.KS","10158687395","93.0775","South Korea"
"2050","XP Inc.","XP","10148859904","20","Brazil"
"2051","Kesko","KESKOA.HE","10145011791","25.4681","Finland"
"2052","Ayvens","AYV.PA","10135177866","12.9783","France"
"2053","Nykaa","NYKAA.NS","10135094873","3.53744","India"
"2054","Aisin Seiki","7259.T","10132330999","14.4435","Japan"
"2055","Nordex","NDX1.F","10126082260","42.7492","Germany"
"2056","Henry Schein","HSIC","10126032896","90.86","United States"
"2057","Citic Pacific Special Steel Group","000708.SZ","10124857412","2.00605","China"
"2058","Quebecor","QBR-B.TO","10119498064","44.9055","Canada"
"2059","Xero","XRO.AX","10116941817","57.2674","New Zealand"
"2060","Zions Bancorporation","ZION","10116027392","69.31","United States"
"2061","Cullen/Frost Bankers","CFR","10113471488","162.73","United States"
"2062","Frontline","FRO","10111532032","45.42","Bermuda"
"2063","Sanrio Company","8136.T","10109484713","8.3382","Japan"
"2064","BİM Birleşik Mağazalar","BIMAS.IS","10108801742","8.52502","Turkey"
"2065","Elastic NV","ESTC","10092811264","96.13","United States"
"2066","China Taiping Insurance","0966.HK","10085783189","2.80627","Hong Kong"
"2067","Novatek Microelectronics","3034.TW","10073749080","16.5547","Taiwan"
"2068","Mebuki Financial Group","7167.T","10072114866","10.7315","Japan"
"2069","Banca Transilvania","TLV.RO","10070148605","8.07951","Romania"
"2070","Dongfeng Motor","0489.HK","10055763756","1.2185","China"
"2071","Chart Industries","GTLS","10047718400","209.9","United States"
"2072","BlueScope Steel","BSL.AX","10046374025","22.9329","Australia"
"2073","Mankind Pharma","MANKIND.NS","10044113335","25.0733","India"
"2074","Sirius XM","SIRI","10034481152","29.77","United States"
"2075","The Ensign Group","ENSG","10029824000","172.09","United States"
"2076","Bharat Forge","BHARATFORG.NS","10024806402","20.9685","India"
"2077","Dr. Reddy's Laboratories","RDY","10020847616","12.03","India"
"2078","MIXUE Group","2097.HK","10004253897","26.3534","China"
"2079","Komerční banka","KOMB.PR","9997473590","52.937","Czech Republic"
"2080","Canadian Utilities","CU.TO","9986283935","36.6697","Canada"
"2081","AtkinsRéalis","ATRL.TO","9977909843","62.3487","Canada"
"2082","Universal Health Services","UHS","9972647936","169.21","United States"
"2083","Porsche SE","PAH3.DE","9972089283","32.5619","Germany"
"2084","Aurobindo Pharma","AUROPHARMA.NS","9971593736","17.3305","India"
"2085","OPC Energy","OPCE.TA","9967276369","32.1294","Israel"
"2086","Chang Hwa Commercial Bank","2801.TW","9963649300","0.82616","Taiwan"
"2087","Bangkok Dusit Medical Services (BDMS)","BDMS.BK","9953641340","0.62633","Thailand"
"2088","Oscar Health","OSCR","9950714880","32.24","United States"
"2089","Abivax","ABVX","9949987840","114.035","France"
"2090","Saipem","SPM.MI","9943977215","5.12501","Italy"
"2091","Gildan","GIL","9941098496","53.68","Canada"
"2092","Old National Bank","ONB","9939168256","25.98","United States"
"2093","TopBuild","BLD","9935550464","354.53","United States"
"2094","Sodexo","SW.PA","9919678203","67.973","France"
"2095","Italgas","IG.MI","9919061945","9.74765","Italy"
"2096","Praxis Precision Medicines","PRAX","9915783168","355.15","United States"
"2097","Sainsbury's","SBRY.L","9915546236","4.55123","United Kingdom"
"2098","Modine Manufacturing","MOD","9912424448","186.63","United States"
"2099","Range Resources","RRC","9901000704","42.37","United States"
"2100","Match Group","MTCH","9897498624","42.43","United States"
"2101","Isuzu","7202.T","9893014782","14.3953","Japan"
"2102","Smiths Group","SMIN.L","9889687244","34.3811","United Kingdom"
"2103","Leonardo DRS","DRS","9880324096","37.02","United States"
"2104","ViaSat","VSAT","9879846912","71.72","United States"
"2105","Zhejiang Zheneng Electric","600023.SS","9852162112","0.734757","China"
"2106","Niterra","5334.T","9840601624","50.5553","Japan"
"2107","Acuity Brands","AYI","9832929280","328.47","United States"
"2108","Chandra Asri Petrochemical","TPIA.JK","9827733377","0.113662","Indonesia"
"2109","Flowserve","FLS","9811835904","77.19","United States"
"2110","Chewy","CHWY","9809803264","23.96","United States"
"2111","Dundee Precious Metals","DPM.TO","9809516363","44.717","Canada"
"2112","Nuvalent","NUVL","9808736256","123.96","United States"
"2113","Pandora","PNDORA.CO","9764825097","130.545","Denmark"
"2114","LG Innotek","011070.KS","9756509239","412.284","South Korea"
"2115","Luckin Coffee","LKNCY","9753854976","34.07","China"
"2116","Solstice Advanced Materials","SOLS","9748463616","61.37","United States"
"2117","Hyundai Engineering and Construction","000720.KS","9733296659","86.5871","South Korea"
"2118","SPX Technologies","SPXC","9712650240","193.92","United States"
"2119","Gerdau","GGB","9712525312","4.95","Brazil"
"2120","FirstCash","FCFS","9711813632","223.92","United States"
"2121","Janus Living","JAN","9708998656","31.29","United States"
"2122","Renault","RNO.PA","9708597733","33.5504","France"
"2123","New Oriental","EDU","9705979904","58.22","China"
"2124","IMI plc","IMI.L","9694702602","40.9814","United Kingdom"
"2125","Pearson","PSO","9694047232","16.13","United Kingdom"
"2126","Shenzhen Transsion Holdings","688036.SS","9686852739","8.41468","China"
"2127","OGE Energy","OGE","9686595584","46.89","United States"
"2128","Syensqo","SYENS.BR","9676088501","94.8948","Belgium"
"2129","Sunny Optical","2382.HK","9673559839","9.00557","China"
"2130","Genscript Biotech","1548.HK","9673283971","4.40074","China"
"2131","NIO","NIO","9671874560","3.86","China"
"2132","Aptiv","APTV","9661178880","46.53","Ireland"
"2133","Ionis Pharmaceuticals","IONS","9660295168","58.13","United States"
"2134","Oshkosh Corporation","OSK","9653626880","156.36","United States"
"2135","Kymera Therapeutics","KYMR","9647169536","117.28","United States"
"2136","Snap","SNAP","9639826432","5.7","United States"
"2137","Demant","DEMANT.CO","9638716252","45.7031","Denmark"
"2138","Life Time Group","LTH","9628975104","43.09","United States"
"2139","Protagonist Therapeutics","PTGX","9628593152","148.8","United States"
"2140","Financière de Tubize","TUB.BR","9628263331","216.304","Belgium"
"2141","Jyske Bank","JYSK.CO","9622190674","170.803","Denmark"
"2142","Prio SA (Petro Rio)","PRIO3.SA","9620357227","12.0633","Brazil"
"2143","Lineage","LINE","9611165696","38.33","United States"
"2144","Murphy USA","MUSA","9600055296","522.3","United States"
"2145","Equatorial Energia","EQTL3.SA","9590855840","7.63422","Brazil"
"2146","Pentair","PNR","9579192320","60.02","United Kingdom"
"2147","MP Materials","MP","9578302464","53.78","United States"
"2148","Repligen","RGEN","9572045824","169.61","United States"
"2149","Orkla","ORK.OL","9572006197","9.95289","Norway"
"2150","Houlihan Lokey","HLI","9564665856","136.86","United States"
"2151","Brinker International","EAT","9559175168","228.88","United States"
"2152","Barito Pacific","BRPT.JK","9538629992","0.101787","Indonesia"
"2153","Merlin Properties","MRL.MC","9533644254","15.3971","Spain"
"2154","Westlake Corporation","WLK","9533622272","74.6","United States"
"2155","Godrej","GODREJCP.NS","9531710686","9.31463","India"
"2156","Indutrade","INDT.ST","9529479402","26.1567","Sweden"
"2157","Andritz","AZ2.F","9527501921","97.2206","Austria"
"2158","Voya Financial","VOYA","9499933696","104.86","United States"
"2159","Sibanye-Stillwater","SBSW","9490618368","13.12","South Africa"
"2160","Fukuoka Financial Group","8354.T","9488527440","50.2089","Japan"
"2161","Budweiser APAC","1876.HK","9484079630","0.716874","Hong Kong"
"2162","Mitsui Mining &amp; Smelting","5706.T","9483037267","165.737","Japan"
"2163","On Holding","ONON","9478328320","28.36","Switzerland"
"2164","Ryder","R","9470526464","246.97","United States"
"2165","Affiliated Managers Group","AMG","9469389824","366.18","United States"
"2166","Dino Polska","DNP.WA","9456759573","9.64582","Poland"
"2167","The Weir Group","WEIR.L","9445417677","36.3828","United Kingdom"
"2168","KT Corporation","KT","9444307968","19.83","South Korea"
"2169","UiPath","PATH","9440150528","18.22","United States"
"2170","Jackson Financial","JXN","9438001152","139.35","United States"
"2171","Enel Américas","ENELAM.SN","9435962734","0.0916213","Chile"
"2172","Wynn Resorts","WYNN","9428288512","91.56","United States"
"2173","Chongqing Rural Commercial Bank","3618.HK","9416371926","0.829125","China"
"2174","Hanwha Systems","272210.KS","9405794723","50.3002","South Korea"
"2175","Bid Corp","BID.JO","9401754500","27.9827","South Africa"
"2176","Empresas Copec","COPEC.SN","9401678854","7.23287","Chile"
"2177","Stora Enso","STEAV.HE","9400342651","11.92","Finland"
"2178","Addtech AB","ADDT-B.ST","9388598844","34.7777","Sweden"
"2179","Ascendas Reit","A17U.SI","9383645920","1.87853","Singapore"
"2180","Mallplaza","MALLPLAZA.SN","9379393544","4.28283","Chile"
"2181","Nordnet AB","SAVE.ST","9377656531","37.7353","Sweden"
"2182","NIBE Industrier","NIBE-B.ST","9375331633","4.65031","Sweden"
"2183","CareTrust REIT","CTRE","9359574016","39.61","United States"
"2184","Persistent Systems","PERSISTENT.NS","9354844991","59.8783","India"
"2185","Bank of the Philippine Islands","BPHLY","9332192256","35.24","Philippines"
"2186","Red Eléctrica","RED.MC","9331074689","17.2927","Spain"
"2187","NGK Insulators","5333.T","9326845705","33.1346","Japan"
"2188","Madison Square Garden Sports","MSGS","9320622080","387.07","United States"
"2189","Forgent Power Solutions","FPS","9315524608","30.6","United States"
"2190","Dixon Technologies","DIXON.NS","9296462976","152.898","India"
"2191","Tetra Tech","TTEK","9291852800","36.29","United States"
"2192","360 Security Technology","601360.SS","9274046612","1.32495","China"
"2193","Centrica","CNA.L","9265638748","2.00579","United Kingdom"
"2194","Medibank","MPL.AX","9263321555","3.36358","Australia"
"2195","CSPC Innovation Pharmaceutical","300765.SZ","9261098156","6.59344","China"
"2196","Sagax","SAGA-B.ST","9256156994","18.7103","Sweden"
"2197","OTE Group","OTE.F","9249781664","22.5026","Greece"
"2198","Coforge","COFORGE.NS","9244251299","20.8711","India"
"2199","Hotai Motor","2207.TW","9240250712","16.5863","Taiwan"
"2200","Banca Popolare di Sondrio","BPSO.MI","9223399404","20.5062","Italy"
"2201","Procore","PCOR","9206974464","60.59","United States"
"2202","Storebrand","STB.OL","9204455770","22.0578","Norway"
"2203","Saia","SAIA","9200312320","345.81","United States"
"2204","Companhia Paranaense de Energia (COPEL)","ELPC","9198368768","12.39","Brazil"
"2205","JSC Halyk Bank","H4L1.F","9197915391","33.7249","Kazakhstan"
"2206","Kinetik","KNTK","9192629248","54.33","United States"
"2207","China Merchants Shekou Industrial Zone","001979.SZ","9177683142","1.01793","China"
"2208","Valmont Industries","VMI","9172123648","475.12","United States"
"2209","Primerica","PRI","9166417920","297.83","United States"
"2210","Autoliv","ALV","9158313984","125.05","Sweden"
"2211","Siam Cement","SCC.BK","9157799360","7.6315","Thailand"
"2212","Rambus","RMBS","9147651072","84.34","United States"
"2213","PB Fintech","POLICYBZR.NS","9145473162","19.7936","India"
"2214","Shree Cement","SHREECEM.NS","9131417693","253.083","India"
"2215","Info Edge","NAUKRI.NS","9118719768","14.0778","India"
"2216","Bank of Ayudhya","BAY.BK","9113629809","1.23898","Thailand"
"2217","Toppan","7911.T","9103711537","32.416","Japan"
"2218","Vaxcyte","PCVX","9102418944","61.17","United States"
"2219","China Rare Earth Resources And Technology","000831.SZ","9073764016","8.55031","China"
"2220","Agree Realty","ADC","9071389696","72.73","United States"
"2221","HELLA","HLE.F","9070821617","81.6374","Germany"
"2222","Alexandria Real Estate Equities","ARE","9067700224","52.69","United States"
"2223","Qiagen","QGEN","9056871424","43.86","Netherlands"
"2224","Securitas AB","SECU-B.ST","9053560108","15.8157","Sweden"
"2225","Bruker","BRKR","9051666432","59.41","United States"
"2226","ASMPT
 (ASM Pacific Technology)","0522.HK","9040873435","21.5572","Hong Kong"
"2227","InPost","INPST.AS","9040310014","18.0835","Luxembourg"
"2228","Korea Aerospace Industries","047810.KS","9029600118","92.6349","South Korea"
"2229","Kratos Defense &amp; Security Solutions","KTOS","9029395456","48.1","United States"
"2230","WiseTech Global","WTC.AX","9028879831","26.8475","Australia"
"2231","Crinetics Pharmaceuticals","CRNX","9012787200","84.95","United States"
"2232","AL Sydbank A/S","ALSYDB.CO","9010518717","106.169","Denmark"
"2233","Federal Bank","FEDERALBNK.NS","9008468063","3.64753","India"
"2234","CubeSmart","CUBE","8997689344","39.75","United States"
"2235","Liberty Live Holdings","LLYVA","8989845504","97.71","United States"
"2236","Tingyi (master kang)","0322.HK","8988649839","1.59447","China"
"2237","Voestalpine","VAS.F","8988247848","52.4247","Austria"
"2238","Brixmor Property Group","BRX","8982153216","29.27","United States"
"2239","Full Truck Alliance","YMM","8973771776","8.58","China"
"2240","Gaztransport & Technigaz","GTT.PA","8969075982","241.889","France"
"2241","RHB Bank","1066.KL","8949200005","2.05027","Malaysia"
"2242","Suntory","2587.T","8945879988","28.9511","Japan"
"2243","SM Energy","SM","8943312896","37.6","United States"
"2244","PBF Energy","PBF","8929381376","75.33","United States"
"2245","Thai Beverage","Y92.SI","8926365406","0.355184","Thailand"
"2246","Mohawk Industries","MHK","8921113600","131.7","United States"
"2247","Qingdao Port International","601298.SS","8919615673","1.37413","China"
"2248","Dycom Industries","DY","8914371584","295.56","United States"
"2249","Hainan Airlines","900945.SS","8902420480","0.206","China"
"2250","CarMax","KMX","8889311232","62.64","United States"
"2251","Booz Allen Hamilton","BAH","8886653952","73.88","United States"
"2252","Nemetschek","NEM.F","8884825515","76.9857","Germany"
"2253","TIM S.A.","TIMB","8883492864","18.7","Brazil"
"2254","ServiceTitan","TTAN","8881514496","93.1","United States"
"2255","Fosun Pharma","600196.SS","8867336534","3.32057","China"
"2256","Kyoto Financial Group","5844.T","8858312228","31.4407","Japan"
"2257","Qorvo","QRVO","8855687168","100.38","United States"
"2258","Vanguard International Semiconductor","5347.TWO","8854784207","4.71416","Taiwan"
"2259","ENN Natural Gas Co.,Ltd.","600803.SS","8852348533","2.86004","China"
"2260","West Japan Railway","9021.T","8838931782","19.4226","Japan"
"2261","Banca Generali","BGN.MI","8838615714","77.3346","Italy"
"2262","Western Alliance Bancorporation","WAL","8837170176","81","United States"
"2263","DB Insurance","005830.KS","8833570400","145.664","South Korea"
"2264","Buenaventura Mining Company","BVN","8831123456","34.77","Peru"
"2265","Accelleron Industries","ACLN.SW","8828118893","93.87","Switzerland"
"2266","Otsuka","4768.T","8824970022","23.2725","Japan"
"2267","China Merchants Port","0144.HK","8824847250","2.10215","Hong Kong"
"2268","Mineral Resources","MIN.AX","8822924838","44.4396","Australia"
"2269","AGCO","AGCO","8811392000","125.82","United States"
"2270","The Toro Company","TTC","8796352512","92.37","United States"
"2271","SBI Shinsei Bank","8303.T","8793223229","9.91344","Japan"
"2272","Aurubis","NDA.F","8783594320","201.186","Germany"
"2273","VZ Holding","VZN.SW","8778934556","222.91","Switzerland"
"2274","Shanghai Airport (AVINEX)","600009.SS","8770675770","3.52475","China"
"2275","Central Pattana","CPN.BK","8767224519","1.95348","Thailand"
"2276","AirTAC International","1590.TW","8766121621","43.8306","Taiwan"
"2277","Mengniu Dairy","2319.HK","8750606503","2.26415","China"
"2278","Lincoln National Corporation","LNC","8741484544","45.66","United States"
"2279","Rural Electrification Corp","RECLTD.NS","8740714912","3.3194","India"
"2280","Makita","6586.T","8739027111","33.9174","Japan"
"2281","Shiseido","4911.T","8738713411","21.8673","Japan"
"2282","Food &amp; Life Companies","3563.T","8724813046","38.3897","Japan"
"2283","Lear Corporation","LEA","8724623360","131.05","United States"
"2284","Kinsale Capital Group","KNSL","8723681280","382.98","United States"
"2285","GS Holdings Corp.","078930.KS","8714366860","92.0449","South Korea"
"2286","Prosperity Bancshares","PB","8703201280","72.42","United States"
"2287","JD Logistics","2618.HK","8702048601","1.42227","China"
"2288","Alstom","ALO.PA","8701958335","18.8103","France"
"2289","YANGHE","002304.SZ","8700052935","5.77522","China"
"2290","Sangfor Technologies","300454.SZ","8692668817","20.1425","China"
"2291","TG Therapeutics","TGTX","8681369600","56.71","United States"
"2292","YTO Express","600233.SS","8680346082","2.53514","China"
"2293","ImmunityBio","IBRX","8680058880","8.19","United States"
"2294","Smithfield Foods","SFD","8674696192","22.03","United States"
"2295","InterDigital","IDCC","8668495872","335.91","United States"
"2296","Infratil","IFT.NZ","8653888506","8.65984","New Zealand"
"2297","Auckland Airport","AIA.AX","8632080557","5.07779","New Zealand"
"2298","Hulic","3003.T","8631014175","11.3668","Japan"
"2299","GameStop","GME","8628332544","19.23","United States"
"2300","Columbia Banking System","COLB","8614374400","30.45","United States"
"2301","Sembcorp","U96.SI","8614341831","4.83839","Singapore"
"2302","Steel Authority of India","SAIL.NS","8613003126","2.08521","India"
"2303","PetGas (Petronas Gas)","6033.KL","8603821539","4.34815","Malaysia"
"2304","Ramsay Health Care","RHC.AX","8603747234","37.2731","Australia"
"2305","AECOM","ACM","8600781824","66.83","United States"
"2306","NNN REIT","NNN","8595412992","45.18","United States"
"2307","SK Innovation","096775.KS","8592916691","50.7427","South Korea"
"2308","MISC Berhad","3816.KL","8588165869","1.92398","Malaysia"
"2309","American Airlines","AAL","8585750016","12.97","United States"
"2310","MinebeaMitsumi","6479.T","8567941099","21.3348","Japan"
"2311","Eisai","4523.T","8558588124","30.3242","Japan"
"2312","Paylocity","PCTY","8550171136","154.43","United States"
"2313","Multi Commodity Exchange","MCX.NS","8540466444","33.556","India"
"2314","Nedbank","NED.JO","8533703200","18.6772","South Africa"
"2315","Finning","FTT.TO","8524833453","65.2921","Canada"
"2316","Element Solutions","ESI","8524307968","34.98","United States"
"2317","Applied Optoelectronics","AAOI","8522892800","100.38","United States"
"2318","Vicinity Centres","VCX.AX","8522657701","1.83665","Australia"
"2319","Toho Co.","9602.T","8516055261","10.2375","Japan"
"2320","Nippon Express","9147.T","8513957759","35.8296","Japan"
"2321","Core &amp; Main","CNM","8511890432","43.98","United States"
"2322","KBC Ancora","KBCA.BR","8508111050","110.478","Belgium"
"2323","SPIE","SPIE.PA","8502237846","50.3314","France"
"2324","PhosAgro","PHOR.ME","8501149667","63.92","Russia"
"2325","AU Small Finance Bank","AUBANK.NS","8498888282","11.3469","India"
"2326","Zain (Mobile Telecommunications Company)","ZAIN.KW","8494873402","1963.2","Kuwait"
"2327","Compass","COMP","8490149888","11.06","United States"
"2328","OUTsurance Group","OUT.JO","8486338500","5.48168","South Africa"
"2329","China Zheshang Bank","2016.HK","8478048383","0.30869","China"
"2330","Kunlun Tech","300418.SZ","8476628430","6.59642","China"
"2331","Jardine Cycle &amp; Carriage","C07.SI","8475922605","21.4452","Singapore"
"2332","Hualu Hengsheng","600426.SS","8475613236","3.08211","China"
"2333","Tokyo Century","8439.T","8473808343","17.3373","Japan"
"2334","Rexford Industrial","REXR","8461761024","37.01","United States"
"2335","First Industrial Realty Trust","FR","8455440896","61.71","United States"
"2336","Founder Securities","601901.SS","8453310099","1.02687","China"
"2337","Zabka Group","ZAB.WA","8453195482","8.47508","Poland"
"2338","Oil India","OIL.NS","8436494679","5.18656","India"
"2339","Capstone Copper","CS.TO","8435155692","11.0415","Canada"
"2340","ENGIE Brasil","EGIE3.SA","8434778140","5.95516","Brazil"
"2341","Ryman Hospitality Properties","RHP","8433329152","122.25","United States"
"2342","Taesa (Transmissora Aliança de Energia Elétrica)","TAEE11.SA","8423123490","8.15009","Brazil"
"2343","PChem (Petronas Chemicals Group)","5183.KL","8418967788","1.05237","Malaysia"
"2344","Svenska Cellulosa Aktiebolaget (SCA)","SCA-B.ST","8400988104","11.9614","Sweden"
"2345","Yuntianhua","600096.SS","8400803869","4.60825","China"
"2346","Abu Dhabi Ports","ADPORTS.AE","8398333550","1.65","United Arab Emirates"
"2347","Timken Company","TKR","8391154176","121.09","United States"
"2348","CITIC Metal","601061.SS","8390985239","1.71245","China"
"2349","Dai Nippon Printing","7912.T","8388108487","19.5446","Japan"
"2350","StoneX Group","SNEX","8387687936","69.54","United States"
"2351","Melrose Industries","MRO.L","8381361203","6.72609","United Kingdom"
"2352","Commerce Bancshares","CBSH","8372135936","58.37","United States"
"2353","BOK Financial","BOKF","8346329600","137.35","United States"
"2354","Bank Negara Indonesia","BBNI.JK","8342961146","0.223931","Indonesia"
"2355","Meridian Energy","MEZ.AX","8336481309","3.14751","New Zealand"
"2356","Lithia Motors","LAD","8331161600","378.98","United States"
"2357","Kunlun Energy Company","0135.HK","8330841731","0.966249","Hong Kong"
"2358","ANA Holdings","9202.T","8329289287","19.2494","Japan"
"2359","Sunway","5211.KL","8319745138","1.23065","Malaysia"
"2360","VIAVI Solutions","VIAV","8298196992","33.63","United States"
"2361","Huadian Power International","600027.SS","8289550072","0.713892","China"
"2362","Commercial International Bank","CIN.F","8287522943","2.51192","Egypt"
"2363","IndusInd Bank","INDUSINDBK.NS","8286641124","10.6356","India"
"2364","Pirelli","PIRC.MI","8282648851","7.63461","Italy"
"2365","NewMarket Corp","NEU","8278145024","900.15","United States"
"2366","PSP Swiss Property","PSPN.SW","8276101103","180.433","Switzerland"
"2367","Japan Airlines","9201.T","8273926675","19.2494","Japan"
"2368","Turkish Airlines","THYAO.IS","8262107661","6.0207","Turkey"
"2369","Vista Energy","VIST","8253165056","74.61","Mexico"
"2370","A2A","A2A.MI","8247637077","2.63635","Italy"
"2371","Cinda Securities","601059.SS","8245611641","2.54259","China"
"2372","Vicor","VICR","8242039296","178.76","United States"
"2373","Ecopro","086520.KQ","8239537156","60.847","South Korea"
"2374","10x Genomics","TXG","8237007872","63.22","United States"
"2375","Buzzi Unicem","BZU.MI","8229273193","46.6217","Italy"
"2376","A. O. Smith","AOS","8226546176","60.53","United States"
"2377","Hess Midstream","HESM","8216207872","39.85","United States"
"2378","GitLab","GTLB","8215786496","49.31","United States"
"2379","TMBThanachart Bank (ttb)","TTB.BK","8211379500","0.090605","Thailand"
"2380","SRF Limited","SRF.NS","8210579823","27.7004","India"
"2381","Stantec","STN","8209674240","73.04","Canada"
"2382","VPBank (Vietnam Prosperity Joint Stock Commercial Bank)","VPB.VN","8202679349","1.03387","Vietnam"
"2383","BKW AG","BKW.SW","8188406124","155.17","Switzerland"
"2384","Credito Emiliano","CE.MI","8178804366","24.0493","Italy"
"2385","HealthEquity","HQY","8170616832","98.78","United States"
"2386","Korea Investment Holdings","071050.KS","8166054240","139.837","South Korea"
"2387","Games Workshop Group","GAW.L","8161182359","246.97","United Kingdom"
"2388","AptarGroup","ATR","8158094336","128.31","United States"
"2389","StandardAero","SARO","8153854464","24.64","United States"
"2390","Zeta Global","ZETA","8145738752","32.68","United States"
"2391","CTP N.V.","CTPNV.AS","8140302252","16.6066","Netherlands"
"2392","Hindustan Petroleum","HINDPETRO.NS","8138541207","3.82482","India"
"2393","First International Bank of Israel","FIBI.TA","8135452147","81.1134","Israel"
"2394","NHPC Limited","NHPC.NS","8128529929","0.809209","India"
"2395","ALS Global","ALQ.AX","8124555932","16.0076","Australia"
"2396","Hitachi Construction Machinery","6305.T","8123936788","38.2165","Japan"
"2397","Rational AG","RAA.F","8111983973","713.455","Germany"
"2398","Dutch Bros","BROS","8110331392","46.24","United States"
"2399","Fortune Electric Co., Ltd.","1519.TW","8107940788","23.3343","Taiwan"
"2400","UGI Corporation","UGI","8107909120","37.8","United States"
"2401","The Mosaic Company","MOS","8103159808","25.49","United States"
"2402","TeraWulf","WULF","8098261504","16.23","United States"
"2403","Hiscox","HSX.L","8098167079","25.468","Bermuda"
"2404","Chord Energy","CHRD","8095285248","148","United States"
"2405","Morningstar","MORN","8093927936","215.76","United States"
"2406","Acciona Energías Renovables","ANE.MC","8092034091","24.9331","Spain"
"2407","Eastman Chemical","EMN","8090894848","70.77","United States"
"2408","Konecranes","KCR.HE","8080794979","34.004","Finland"
"2409","Immunovant","IMVT","8080340992","39.12","United States"
"2410","SalMar ASA","SALM.OL","8079397155","59.6098","Norway"
"2411","MBME GROUP","MBME.AE","8073257081","2.94","United Arab Emirates"
"2412","kyowa Kirin","4151.T","8071380658","15.4156","Japan"
"2413","Twist Bioscience","TWST","8071072768","128.71","United States"
"2414","Hanover Insurance Group","THG","8067148288","231.68","United States"
"2415","Wuhan Guide Infrared","002414.SZ","8058112676","1.88682","China"
"2416","Hyundai Autoever Corporation","307950.KS","8049798770","293.541","South Korea"
"2417","ICICI Lombard","ICICIGI.NS","8046987813","16.1069","India"
"2418","Quiñenco","QUINENCO.SN","8041633126","4.83632","Chile"
"2419","Zhejiang Chint Electrics","601877.SS","8035773522","3.73936","China"
"2420","Desay SV","002920.SZ","8033714442","13.4611","China"
"2421","Deutsche Wohnen","DWNI.DE","8031937949","20.2349","Germany"
"2422","The Lottery Corporation","TLC.AX","8023616258","3.60487","Australia"
"2423","Schaeffler","SHA0.DE","8021465736","8.48936","Germany"
"2424","Edenred","EDEN.PA","8019860489","34.8878","France"
"2425","Choice Properties REIT","CHP-UN.TO","8018203136","11.0778","Canada"
"2426","Metlen Energy &amp; Metals","MTLN.AT","8013504996","56.2624","Greece"
"2427","Indoritel","DNET.JK","8000757740","0.564069","Indonesia"
"2428","Celsius Holdings","CELH","7998437888","31.61","United States"
"2429","Silicon Motion","SIMO","7992056832","235.7","Hong Kong"
"2430","Pure Health Holding","PUREHEALTH.AE","7986640389","0.72","United Arab Emirates"
"2431","IDFC FIRST Bank","IDFCFIRSTB.NS","7985176907","0.926171","India"
"2432","Investec","INVR.L","7978939614","9.04733","United Kingdom"
"2433","Havells India","HAVELLS.NS","7971145716","12.7018","India"
"2434","Bharti Hexacom","BHARTIHEXA.NS","7968245414","15.9365","India"
"2435","Levi Strauss &amp; Co.","LEVI","7966406656","20.7","United States"
"2436","Localiza","RENT3.SA","7962691681","7.20857","Brazil"
"2437","Bank Muscat","BKMB.OM","7954831369","1.05974","Oman"
"2438","Davide Campari-Milano","CPR.MI","7950185857","6.62868","Italy"
"2439","Zillow","Z","7947081216","35.34","United States"
"2440","Canadian Tire","CTC.TO","7940107308","152.247","Canada"
"2441","National Fuel Gas","NFG","7939116544","83.53","United States"
"2442","Dahua Technology","002236.SZ","7937207514","2.42783","China"
"2443","Riot Platforms","RIOT","7932974080","21.14","United States"
"2444","Motor Oil (Hellas) Corinth Refineries","MOH.AT","7932940763","73.0317","Greece"
"2445","Primo Brands","PRMB","7930186752","21.91","United States"
"2446","SSR Mining","SSRM","7930033152","38.89","Canada"
"2447","Smoore International Holdings","6969.HK","7926127933","1.2794","China"
"2448","AppFolio","APPF","7918177280","223.57","United States"
"2449","Sasol","SSL","7916815872","12.35","South Africa"
"2450","PJT Partners","PJT","7915412992","185.82","United States"
"2451","NTPC Green Energy","NTPCGREEN.NS","7913927013","0.93919","India"
"2452","Celcomdigi","6947.KL","7901375512","0.673517","Malaysia"
"2453","Zurn Elkay Water Solutions","ZWS","7898447872","47.62","United States"
"2454","Yealink Network Technology","300628.SZ","7896407455","6.23277","China"
"2455","Randstad","RAND.AS","7892117114","44.982","Netherlands"
"2456","Lion Finance Group PLC","BGEO.L","7887558459","183.131","United Kingdom"
"2457","Galaxy Digital Holdings","7LX.F","7887111260","22.3715","United States"
"2458","CAE Inc.","CAE","7882083840","24.49","Canada"
"2459","Stockland","SGP.AX","7881301347","3.24114","Australia"
"2460","Idacorp","IDA","7873458688","136.12","United States"
"2461","Discovery Silver Corp.","DSV.TO","7867661764","9.66404","Canada"
"2462","Alkermes","ALKS","7864741888","46.88","Ireland"
"2463","Zurich Airport","FHZN.SW","7861719057","256.099","Switzerland"
"2464","The Hachijuni Bank","8359.T","7859665849","17.2699","Japan"
"2465","Waaree Energies Limited (WEL)","WAAREEENER.NS","7855111443","27.3078","India"
"2466","Hai Di Lao Hot Pot","6862.HK","7854235717","1.45033","China"
"2467","St. James's Place","STJ.L","7852206110","15.696","United Kingdom"
"2468","Swissquote","SQN.SW","7847750175","52.3591","Switzerland"
"2469","Apar Industries","APARINDS.NS","7846603382","187.393","India"
"2470","A1 Telekom Austria","TA1.F","7846380074","11.8153","Austria"
"2471","Commercial Bank of Dubai","CBD.AE","7843789188","2.62757","United Arab Emirates"
"2472","Gap Inc.","GAP","7840349696","22.32","United States"
"2473","National Mineral Development Corporation","NMDC.NS","7834698340","0.891135","India"
"2474","ASX","ASX.AX","7833142959","40.0857","Australia"
"2475","Central Bancompany","CBC","7827027968","32.68","United States"
"2476","Avolta AG","AVOL.SW","7815835615","55.2322","Switzerland"
"2477","China Resources Beer","0291.HK","7812489860","2.40829","Hong Kong"
"2478","First American Financial Corporation","FAF","7811671040","76.51","United States"
"2479","Pegatron","4938.TW","7804466614","2.91678","Taiwan"
"2480","NKT A/S","NKT.CO","7803319356","145.992","Denmark"
"2481","South Bow","SOBO","7794938368","37.37","Canada"
"2482","Omron","6645.T","7792049588","39.6281","Japan"
"2483","GAC (Guangzhou Automobile Group)","601238.SS","7781119131","0.763074","China"
"2484","Petrovietnam Gas","GAS.VN","7775646521","3.22247","Vietnam"
"2485","Meiji Holdings","2269.T","7774019818","28.6688","Japan"
"2486","Samyang Foods","003230.KS","7767140461","1031.08","South Korea"
"2487","Brother Industries","6448.T","7765007456","31.3958","Japan"
"2488","Dropbox","DBX","7762701824","35.7","United States"
"2489","Clearway Energy","CWEN","7761634816","31.47","United States"
"2490","Empire Company","EMP-A.TO","7759826033","34.6688","Canada"
"2491","UNO Minda","UNOMINDA.NS","7756611475","13.4321","India"
"2492","Ecopro BM","247540.KQ","7756068954","79.2855","South Korea"
"2493","Silan Microelectronics","600460.SS","7745348037","4.65446","China"
"2494","Grupo Aeroportuario del Sureste
(ASUR)","ASR","7719142400","257.03","Mexico"
"2495","Sojitz Corporation","2768.T","7719037347","37.1","Japan"
"2496","Axalta","AXTA","7698299904","35.97","United States"
"2497","Spyre Therapeutics","SYRE","7693160448","87.25","United States"
"2498","Oracle Corp Japan","4716.T","7690324952","60.0068","Japan"
"2499","Fluor Corporation","FLR","7690110976","57.5","United States"
"2500","Akbank","AKBNK.IS","7684604226","1.47781","Turkey"
"2501","Valley Bank","VLY","7681212928","13.9","United States"
"2502","KakaoBank","323410.KS","7661000619","16.0784","South Korea"
"2503","NOV","NOV","7660714496","21.49","United States"
"2504","Ultrapar Participacoes","UGP","7629839360","7.16","Brazil"
"2505","Giant Network Group","002558.SZ","7625248072","4.0121","China"
"2506","AGC","5201.T","7623602694","35.8937","Japan"
"2507","Computacenter","CCC.L","7622458428","72.6304","United Kingdom"
"2508","Industrial Securities","601377.SS","7619572020","0.882305","China"
"2509","SM Prime Holdings","SPHXF","7613118976","0.2672","Philippines"
"2510","M3, Inc","2413.T","7607937870","11.3989","Japan"
"2511","Changjiang Securities","000783.SZ","7607280418","1.37562","China"
"2512","Commercial Metals Company","CMC","7605423104","68.75","United States"
"2513","ICICI Prulife","ICICIPRULI.NS","7596718200","5.24001","India"
"2514","Intermediate Capital Group (ICG)","ICG.L","7595084959","26.2254","United Kingdom"
"2515","Yokogawa Electric Corporation","6841.T","7581982336","30.2986","Japan"
"2516","JFE Holdings","5411.T","7579805778","11.9154","Japan"
"2517","Sailun Group","601058.SS","7571299326","2.30264","China"
"2518","Tongwei Co.,Ltd","600438.SS","7568513800","1.68115","China"
"2519","Kirby Corporation","KEX","7564656128","143.27","United States"
"2520","Molson Coors","TAP","7564435968","40.57","United States"
"2521","Galicia Financial Group","GGAL","7562707456","44.63","Argentina"
"2522","Yaskawa","6506.T","7560578397","29.15","Japan"
"2523","Element Fleet Management","EFN.TO","7559034172","19.0888","Canada"
"2524","FormFactor","FORM","7558961664","96.76","United States"
"2525","Empyrean Technology","301269.SZ","7550555913","13.7815","China"
"2526","Kingboard Holdings","0148.HK","7548096999","6.72867","Hong Kong"
"2527","Etsy","ETSY","7528856576","82.03","United States"
"2528","Wharf Holdings","0004.HK","7527420000","2.46314","Hong Kong"
"2529","Kanzhun","BZ","7525574144","16.84","China"
"2530","ICL Group","ICL","7524887552","5.83","Israel"
"2531","B2Gold","BTG","7516892672","5.69","Canada"
"2532","Yes Bank","YESBANK.NS","7488671029","0.238582","India"
"2533","Taiyo Yuden","6976.T","7487984143","59.8336","Japan"
"2534","AeroVironment","AVAV","7481597440","147.21","United States"
"2535","Baycurrent","6532.T","7477984425","50.8762","Japan"
"2536","Conagra Brands","CAG","7475194880","15.62","United States"
"2537","Swiggy","SWIGGY.NS","7468287755","2.85049","India"
"2538","Wallenius Wilhelmsen","WAWI.OL","7466623011","17.657","Norway"
"2539","Richter Gedeon","RIG2.F","7461913861","40.9117","Hungary"
"2540","Avnet","AVT","7453867520","90.82","United States"
"2541","Shanghai Allist Pharmaceuticals","688578.SS","7449811176","16.5551","China"
"2542","Noble Corporation","NE","7437731328","46.59","United Kingdom"
"2543","Orica","ORI.AX","7435244013","16.04","Australia"
"2544","OneMain Financial","OMF","7429378560","64.58","United States"
"2545","Phoenix Mills","PHOENIXLTD.NS","7420467111","20.7462","India"
"2546","STAG Industrial","STAG","7419649536","37.7","United States"
"2547","Kinden Corporation","1944.T","7416235954","45.0885","Japan"
"2548","Oklo","OKLO","7410942976","39.84","United States"
"2549","Duolingo","DUOL","7399919104","158.82","United States"
"2550","AXIS Capital","AXS","7398785024","101.4","Bermuda"
"2551","Migdal Insurance and Financial Holdings","MGDL.TA","7397880654","6.98061","Israel"
"2552","IOI Corporation Berhad","1961.KL","7392521150","1.17618","Malaysia"
"2553","Matador Resources","MTDR","7390601728","59.72","United States"
"2554","Aura Minerals","AUGO","7386864128","88.11","United States"
"2555","Shandong Hi-Speed","600350.SS","7385479125","1.52764","China"
"2556","Sysmex","6869.T","7380226035","12.2587","Japan"
"2557","Sprouts Farmers Market","SFM","7378684416","79.13","United States"
"2558","Yunnan Energy New Material","002812.SZ","7375574420","7.51598","China"
"2559","PGE Polska","PGE.WA","7374485868","3.28673","Poland"
"2560","Ono Pharmaceutical","4528.T","7369013568","15.6818","Japan"
"2561","Applied Digital","APLD","7366311424","25.91","United States"
"2562","Silicon Labs","SLAB","7364377600","220.71","United States"
"2563","Prestige Group","PRESTIGE.NS","7364016318","17.0966","India"
"2564","Barry Callebaut","BARN.SW","7360059241","1342.41","Switzerland"
"2565","Glenmark Pharmaceuticals","GLENMARK.NS","7345757804","26.028","India"
"2566","Beijer Ref","BEIJ-B.ST","7343285046","14.4837","Sweden"
"2567","Halkbank","HALKB.IS","7336692668","1.02114","Turkey"
"2568","Fortis Healthcare","FORTIS.NS","7331824424","9.71156","India"
"2569","Clearwater Analytics","CWAN","7330872320","24.56","United States"
"2570","Hinge Health","HNGE","7323825152","90.76","United States"
"2571","Oberoi Realty","OBEROIRLTY.NS","7320153154","20.1323","India"
"2572","DCC plc","DCC.L","7319329572","85.6822","Ireland"
"2573","Telekom Malaysia","4863.KL","7317218543","1.90665","Malaysia"
"2574","Technology One","TNE.AX","7312975430","22.3387","Australia"
"2575","Bajaj Housing Finance Limited (BHFL)","BAJAJHFL.NS","7312648857","0.87801","India"
"2576","NH Investment & Securities Co., Ltd.","005940.KS","7306331883","19.5079","South Korea"
"2577","Simpson Manufacturing Company","SSD","7298551808","178.08","United States"
"2578","Bachem","BANB.SW","7284754979","97.2136","Switzerland"
"2579","Air Lease Corporation","AL","7282301440","65","United States"
"2580","Compagnie du Cambodge","CBDG.PA","7271740901","119.781","France"
"2581","National Aluminum &amp; Alloy","NATIONALUM.NS","7270709978","3.95872","India"
"2582","Pilgrim's Pride","PPC","7264691200","30.51","United States"
"2583","Rakuten Bank","5838.T","7257041954","41.5851","Japan"
"2584","Kandenko","1942.T","7248061551","36.4199","Japan"
"2585","Reece Group","REH.AX","7245627735","11.7797","Australia"
"2586","Shimadzu","7701.T","7245334125","25.0756","Japan"
"2587","MSA Safety","MSA","7241530880","187.71","United States"
"2588","Amorepacific","090430.KS","7239074563","105.026","South Korea"
"2589","Vornado Realty Trust","VNO","7236704256","36.54","United States"
"2590","Luzerner Kantonalbank","LUKN.SW","7223995955","145.882","Switzerland"
"2591","Sumco Corporation","3436.T","7223583687","20.6546","Japan"
"2592","Rhythm Pharmaceuticals","RYTM","7221894656","104.89","United States"
"2593","Bezeq","BEZQ.TA","7221765191","2.62363","Israel"
"2594","ALK-Abelló","ALK-B.CO","7220574807","32.5428","Denmark"
"2595","Armstrong World Industries","AWI","7220180480","170.84","United States"
"2596","Cipher Mining","CIFR","7209083904","17.37","United States"
"2597","VinFast Auto","VFS","7205771264","3.08","Vietnam"
"2598","CAVA Group","CAVA","7203438080","61.67","United States"
"2599","Krafton","259960.KS","7200987835","159.677","South Korea"
"2600","Super Group","SGHC","7199448064","14.17","Guernsey"
"2601","EVA Air","2618.TW","7194802839","1.33226","Taiwan"
"2602","Huadong Medicine (HD Medicine)","000963.SZ","7177311834","4.09258","China"
"2603","Iyogin Holdings","5830.T","7177050936","24.9986","Japan"
"2604","Terex","TEX","7173467648","62.76","United States"
"2605","Terreno Realty","TRNO","7170246656","65.8","United States"
"2606","The Yokohama Rubber Company","5101.T","7166240475","45.4286","Japan"
"2607","Genesis Minerals Limited","GMD.AX","7164887796","6.10055","Australia"
"2608","Norwegian Cruise Line","NCLH","7158738432","15.59","United States"
"2609","Ampol","ALD.AX","7158159960","30.0382","Australia"
"2610","SenseTime","0020.HK","7157960813","0.176667","China"
"2611","Caris Life Sciences","CAI","7157475328","25.32","United States"
"2612","Scor","SCR.PA","7155677247","40.0512","France"
"2613","NexGen Energy","NXE","7154300416","10.67","Canada"
"2614","Federal Signal","FSS","7151635456","117.16","United States"
"2615","Dabur","DABUR.NS","7148404088","4.02964","India"
"2616","Adani Total Gas","ATGL.NS","7148328477","6.4996","India"
"2617","Arcosa","ACA","7144058368","145.48","United States"
"2618","Lumen Technologies","LUMN","7127287296","6.91","United States"
"2619","HK Electric Investments","2638.HK","7117796492","0.805527","Hong Kong"
"2620","Triple Flag Precious Metals","TFPM","7117404160","34.55","Canada"
"2621","Hanwha Corporation","000880.KS","7107815794","98.8303","South Korea"
"2622","Isetan Mitsukoshi Holdings","3099.T","7103029472","20.4172","Japan"
"2623","Capital Power","CPX.TO","7097035981","45.181","Canada"
"2624","ESCO Technologies","ESE","7095305728","273.87","United States"
"2625","The Trade Desk","TTD","7090492416","15.09","United States"
"2626","President Chain Store (PSCS)","2912.TW","7080957983","6.81109","Taiwan"
"2627","Mobileye","MBLY","7073560576","8.32","Israel"
"2628","99 Speed Mart Retail","5326.KL","7071933196","0.841897","Malaysia"
"2629","Gotion High-tech Co.,Ltd.","002074.SZ","7069901489","3.89585","China"
"2630","Nissan","7201.T","7066843780","2.02119","Japan"
"2631","OR Royalties","OR","7064844288","37.68","Canada"
"2632","CAR Group (Carsales)","CAR.AX","7060471360","18.6258","Australia"
"2633","ENN Energy","2688.HK","7048733485","6.33962","China"
"2634","Navan","NAVN","7047519232","27.71","United States"
"2635","Shanghai Commercial and Savings Bank","5876.TW","7044036249","1.4379","Taiwan"
"2636","Hankyu Hanshin Holdings","9042.T","7043133347","30.0932","Japan"
"2637","Hanjin Kal","180640.KS","7042627228","104.657","South Korea"
"2638","Nexans","NEX.PA","7040163163","161.182","France"
"2639","CSN Mineração","CMIN3.SA","7031076476","1.30637","Brazil"
"2640","Light &amp; Wonder","LNW","7028988928","86.22","United States"
"2641","Bank of Maharashtra","MAHABANK.NS","7027626389","0.913681","India"
"2642","Posco International","047050.KS","7014590390","41.1547","South Korea"
"2643","Nippon Building Fund","8951.T","7013583717","795.642","Japan"
"2644","McDonald's Japan","2702.T","7012686349","52.7434","Japan"
"2645","Cleveland-Cliffs","CLF","7006231552","12.28","United States"
"2646","Hexcel","HXL","6989876224","92.43","United States"
"2647","CPI Property Group","O5G.DE","6989803298","0.854751","Luxembourg"
"2648","Bank of India","BANKINDIA.NS","6987423113","1.5348","India"
"2649","Victory Capital","VCTR","6978875904","113.46","United States"
"2650","Getinge","GETI-B.ST","6975741129","25.6113","Sweden"
"2651","RaiaDrogasil","RADL3.SA","6952164546","3.97599","Brazil"
"2652","HD Hyundai Marine Solution","443060.KS","6943623234","154.883","South Korea"
"2653","Ralliant Corporation","RAL","6941554176","62.74","United States"
"2654","Lamb Weston","LW","6934649856","50.44","United States"
"2655","NEXTDC","NXT.AX","6928968043","9.11121","Australia"
"2656","Biocon","BIOCON.NS","6928543031","4.25509","India"
"2657","Gamuda Berhad","5398.KL","6919681872","1.15637","Malaysia"
"2658","Descartes Systems Group","DSGX","6919534080","80.75","Canada"
"2659","Daito Trust Construction","1878.T","6916708818","21.2385","Japan"
"2660","The Gunma Bank","8334.T","6914311493","18.2677","Japan"
"2661","Maxis Berhad","6012.KL","6912756655","0.881515","Malaysia"
"2662","Builders FirstSource","BLDR","6905540608","64.18","United States"
"2663","Urban Outfitters","URBN","6901708800","80.58","United States"
"2664","Shin Kong Financial Holding","2888.TW","6901126407","0.389619","Taiwan"
"2665","Sonic Healthcare","SHL.AX","6898827011","13.9585","Australia"
"2666","Kimberly-Clark de México","KIMBERA.MX","6898355579","2.3101","Mexico"
"2667","Weatherford International","WFRD","6895912448","96.43","United States"
"2668","SentinelOne","S","6891372544","19.8","United States"
"2669","Belite Bio","BLTE","6890161152","171.09","United States"
"2670","De' Longhi","DLG.MI","6886170782","46.424","Italy"
"2671","Melisron","MLSR.TA","6884932575","144.335","Israel"
"2672","Arabian Internet and Communications Services","7202.SR","6881651471","57.7912","Saudi Arabia"
"2673","Torrent Power","TORNTPOWER.NS","6876770457","13.647","India"
"2674","Sinotrans Limited","601598.SS","6874706462","0.958314","China"
"2675","Ather Energy","ATHERENERG.NS","6871656603","17.3474","India"
"2676","YTL Corporation Berhad","1773.T","6870027627","0.590315","Malaysia"
"2677","Fannie Mae","FNMA","6867459072","5.93","United States"
"2678","Chemed","CHE","6854541312","524.45","United States"
"2679","Cochlear","COH.AX","6854073843","104.804","Australia"
"2680","Shanghai Lujiazui Finance & Trade Zone Development Co.,Ltd.","600663.SS","6851417433","1.36072","China"
"2681","AutoNation","AN","6849537536","207.18","United States"
"2682","Lundbeck","HLUN-B.CO","6849486497","6.90369","Denmark"
"2683","Oberbank","OBS.VI","6847603767","96.988","Austria"
"2684","Spirax-Sarco Engineering","SPX.L","6846999584","92.7829","United Kingdom"
"2685","Nissan Chemical","4021.T","6833011849","51.2227","Japan"
"2686","Bank Millennium","MIL.WA","6824401620","5.63032","Poland"
"2687","OceanaGold","OGC.TO","6823375418","30.6741","Canada"
"2688","PACS Group","PACS","6819514880","43.07","United States"
"2689","Scholar Rock Holding","SRRK","6812668416","55.94","United States"
"2690","Enact Holdings","ACT","6806815744","49.51","United States"
"2691","Macerich","MAC","6803400192","23.06","United States"
"2692","Fonterra","FCG.NZ","6799018354","2.82552","New Zealand"
"2693","easyJet","EZJ.L","6798266927","9.09435","United Kingdom"
"2694","Shanghai Zhangjiang Hi-Tech Park Development","600895.SS","6797458310","4.38917","China"
"2695","Joby Aviation","JOBY","6795283456","6.87","United States"
"2696","Uniqa Insurance Group","UN9.F","6791660667","21.9328","Austria"
"2697","Indian Overseas Bank","IOB.NS","6773183689","0.351733","India"
"2698","Square Enix","9684.T","6754175550","18.7265","Japan"
"2699","JAC Motors","600418.SS","6752758636","2.99566","China"
"2700","China National Chemical Engineering (CNCEC)","601117.SS","6751905213","1.10586","China"
"2701","ISS A/S","ISS.CO","6749499612","43.6186","Denmark"
"2702","Tsuruha Holdings","3391.T","6733190439","14.8605","Japan"
"2703","Transocean","RIG","6723618304","6.02","Switzerland"
"2704","AT&amp;S Austria Technologie &amp; Systemtechnik","ATS.VI","6722735071","173.043","Austria"
"2705","MiniMed Group","MMED","6707382272","23.84","United States"
"2706","RBL Bank","RBLBANK.NS","6699532947","4.31966","India"
"2707","Suzlon","SUZLON.NS","6697203549","0.487219","India"
"2708","Ringkjøbing Landbobank","RILBA.CO","6691198778","282.961","Denmark"
"2709","Copenhagen Airport","KBHL.CO","6690169752","852.461","Denmark"
"2710","POOLCORP","POOL","6689241600","184.07","United States"
"2711","Türkiye Is Bankasi","ISCTR.IS","6686799026","0.267472","Turkey"
"2712","Healthcare Realty Trust","HR","6686647808","19.27","United States"
"2713","Seiko Epson Corporation","6724.T","6679990088","20.8471","Japan"
"2714","Strathcona Resources","SCR.TO","6675545232","31.1598","Canada"
"2715","Elisa","ELISA.HE","6673953659","41.563","Finland"
"2716","Taylor Morrison","TMHC","6665396224","72.45","United States"
"2717","Fraport","FRA.DE","6661746993","72.0433","Germany"
"2718","Sekisui Chemical","4204.T","6661399359","16.4967","Japan"
"2719","SBI Card","SBICARD.NS","6658228097","6.99656","India"
"2720","Remgro Limited","REM.JO","6656859600","11.9707","South Africa"
"2721","Zhongtai Securities","600918.SS","6655951972","0.840574","China"
"2722","TAL Education Group","TAL","6650867712","11.99","China"
"2723","IMCD","IMCD.AS","6646763893","112.571","Netherlands"
"2724","Matson","MATX","6646641664","222.27","United States"
"2725","WEX","WEX","6645914112","195","United States"
"2726","KION Group","KGX.DE","6643918985","50.6687","Germany"
"2727","Land Securities Group","LAND.L","6641658741","8.91311","United Kingdom"
"2728","LandBridge","LB","6636282368","86.09","United States"
"2729","Allegro MicroSystems","ALGM","6628456960","35.56","United States"
"2730","Ypsomed","YPSN.SW","6623133048","503.777","Switzerland"
"2731","Avanza Bank","AZA.ST","6617835314","41.9304","Sweden"
"2732","General Insurance Corporation of India","GICRE.NS","6613702463","3.76978","India"
"2733","Amdocs","DOX","6607380992","63.28","United States"
"2734","Babcock International Group","BAB.L","6603618143","13.4305","United Kingdom"
"2735","Magnolia Oil &amp; Gas","MGY","6598209024","27.21","United States"
"2736","Campbell's","CPB","6597813248","22.125","United States"
"2737","Sulzer","SUN.SW","6591262871","194.675","Switzerland"
"2738","Lantheus Holdings","LNTH","6591203840","100.98","United States"
"2739","CG Oncology","CGON","6588639232","74.33","United States"
"2740","Samsung Epis Holdings","0126Z0.KS","6588448716","264.777","South Korea"
"2741","Umm Al Qura for development and construction","4325.SR","6586154560","4.57802","Saudi Arabia"
"2742","Ingram Micro Holding Corporation","INGM","6585397248","28.55","United States"
"2743","MSC Industrial Direct","MSM","6583719936","117.89","United States"
"2744","Rainbow Robotics","277810.KQ","6581752140","339.268","South Korea"
"2745","F.N.B. Corporation","FNB","6574653440","18.47","United States"
"2746","Alkem Laboratories","ALKEM.NS","6572120139","54.9669","India"
"2747","StepStone Group","STEP","6571663360","50.91","United States"
"2748","MatsukiyoCocokara","3088.T","6570509573","16.7053","Japan"
"2749","Qube Holdings","QUB.AX","6566344143","3.6805","Australia"
"2750","Aedifica","AED.BR","6561868588","78.6138","Belgium"
"2751","NextVision Stabilized Systems","NXSN.TA","6558684936","70.8703","Israel"
"2752","Samsung E&A","028050.KS","6555692026","33.4474","South Korea"
"2753","Mobility Global, Inc.","MBGL","6547199488","20.46","United States"
"2754","Kyushu Electric Power Company","9508.T","6546434137","13.8467","Japan"
"2755","Lottomatica Group","LTMC.MI","6542258494","28.1428","Italy"
"2756","CTS Eventim","EVD.F","6541563046","68.1475","Germany"
"2757","Lyft","LYFT","6541175808","17.28","United States"
"2758","Planet Labs","PL","6539986432","18.35","United States"
"2759","Rush Street Interactive","RSI","6538492928","26.77","United States"
"2760","Schaeffler India","SCHAEFFLER.NS","6536049846","41.8164","India"
"2761","Loar Holdings","LOAR","6533833728","69.74","United States"
"2762","Fastighets AB Balder","BALD-B.ST","6526992467","5.57743","Sweden"
"2763","Kingfisher","KGF.L","6524991349","4.0251","United Kingdom"
"2764","INWIT","INW.MI","6522828216","7.22758","Italy"
"2765","Brunello Cucinelli","BC.MI","6519269998","95.8716","Italy"
"2766","Rockwool","ROCK-B.CO","6504522695","31.4228","Denmark"
"2767","Zoomlion","1157.HK","6503288084","0.751953","China"
"2768","Umicore","UMI.VI","6493177587","26.9799","Belgium"
"2769","EnerSys","ENS","6491379712","179.99","United States"
"2770","Hims &amp; Hers Health","HIMS","6490779136","27.82","United States"
"2771","Vontobel","VONN.SW","6489715677","115.294","Switzerland"
"2772","Bilibili","BILI","6486839296","15.5","China"
"2773","Perseus Mining","PRU.AX","6485585765","4.88692","Australia"
"2774","Andersen Group","ANDG","6485380096","57.45","United States"
"2775","Camtek","CAMT","6482209280","138.9","Israel"
"2776","Zalando","ZAL.DE","6481172768","26.538","Germany"
"2777","United Bankshares","UBSI","6480489472","47.59","United States"
"2778","Bausch + Lomb","BLCO","6478977536","18.14","Canada"
"2779","Yang Ming","2609.TW","6474812483","1.85413","Taiwan"
"2780","Qatar Gas Transport Company","QGTS.QA","6468714152","1.16758","Qatar"
"2781","Radico Khaitan","RADICO.NS","6465474908","48.2562","India"
"2782","Compagnie de l'Odet","ODET.PA","6459412619","1532.74","France"
"2783","Charter Hall Group","CHC.AX","6455846692","13.6488","Australia"
"2784","MGIC Investment","MTG","6455278080","31.47","United States"
"2785","Motilal Oswal Financial Services","MOTILALOFS.NS","6455191011","10.7203","India"
"2786","Plexus","PLXS","6451674112","242.07","United States"
"2787","SFS Group","SFSN.SW","6451157480","165.944","Switzerland"
"2788","Plains GP","PAGP","6449452032","27.68","United States"
"2789","Porto Seguro","PSSA3.SA","6442487701","10.0508","Brazil"
"2790","Essential Properties Realty Trust","EPRT","6440320000","29.7","United States"
"2791","Jindal Stainless","JSL.NS","6439847366","7.81582","India"
"2792","Global-e","GLBE","6431471616","38.29","Israel"
"2793","Aaon","AAON","6429734912","77.98","United States"
"2794","BOC Aviation","2588.HK","6427012814","9.26069","Singapore"
"2795","Southwest Gas","SWX","6425223168","88.69","United States"
"2796","Definity Financial","DFY.TO","6413595034","53.3951","Canada"
"2797","Ingredion","INGR","6412345344","101.68","United States"
"2798","Azimut Holding","AZM.MI","6409012860","45.296","Italy"
"2799","ZOZO","3092.T","6407721477","7.31798","Japan"
"2800","Ormat Technologies","ORA","6407366144","104.19","United States"
"2801","Genpact","G","6398750208","38.08","Bermuda"
"2802","Kalyan Jewellers India","KALYANKJIL.NS","6398191512","6.19529","India"
"2803","SIG Combibloc","SIGN.SW","6392733684","16.7307","Switzerland"
"2804","National Storage Affiliates Trust","NSA","6391416320","43.41","United States"
"2805","LKQ Corporation","LKQ","6388302336","25.25","United States"
"2806","Bosideng","3998.HK","6382591357","0.547222","Hong Kong"
"2807","Sumitomo Chemical","4005.T","6381768886","3.86335","Japan"
"2808","Godrej Properties","GODREJPROP.NS","6381633917","21.1855","India"
"2809","Powell Industries","POWL","6381528064","175.16","United States"
"2810","Abercrombie &amp; Fitch","ANF","6377727488","143.54","United States"
"2811","Gates Industrial Corp","GTES","6376878080","25.19","United States"
"2812","RingCentral","RNG","6376530432","76.36","United States"
"2813","GPT Group","GPT.AX","6360423814","3.32037","Australia"
"2814","Hoa Phat Group","HPG.VN","6360151385","0.828634","Vietnam"
"2815","Zheshang Securities","601878.SS","6360119038","1.40245","China"
"2816","Vopak","VPK.AS","6358714919","55.7972","Netherlands"
"2817","NICE","NICE","6346661376","108.31","Israel"
"2818","APL Apollo","APLAPOLLO.NS","6346393272","22.8568","India"
"2819","e.l.f. Beauty","ELF","6338049024","107.41","United States"
"2820","Severstal","CHMF.ME","6336614618","7.42","Russia"
"2821","Spring Airlines","601021.SS","6335392987","6.4757","China"
"2822","GUANGHUI ENERGY","600256.SS","6335129879","0.991102","China"
"2823","Toyo Suisan","2875.T","6334530940","65.8971","Japan"
"2824","Grupo Aval","AVAL","6327635968","5.33","Colombia"
"2825","Ozon","OZON.ME","6324362433","27.51","United States"
"2826","Tokyo Ohka Kogyo Co., Ltd.","4186.T","6320234455","52.6792","Japan"
"2827","Installed Building Products","IBP","6317870080","237.7","United States"
"2828","Bupa Arabia for Cooperative Insurance Company","8210.SR","6311752884","42.0783","Saudi Arabia"
"2829","H&amp;R Block","HRB","6298888192","51.1","United States"
"2830","Churchill Downs","CHDN","6292537344","90.28","United States"
"2831","Hera Group","HER.MI","6288673509","4.26561","Italy"
"2832","Onex","ONEX.TO","6283371970","82.3655","Canada"
"2833","Mycronic","MYCR.ST","6283148406","32.1767","Sweden"
"2834","Croda International","CRDA.L","6280134211","45.066","United Kingdom"
"2835","Grupo Catalana Occidente","GCO.MC","6280031254","53.2104","Spain"
"2836","Kiniksa Pharmaceuticals","KNSA","6278592512","80.47","Bermuda"
"2837","Covivio","COV.PA","6275660052","56.7043","France"
"2838","International Games System","3293.TWO","6273512930","22.2622","Taiwan"
"2839","Travere Therapeutics","TVTX","6272132096","66.54","United States"
"2840","Centessa Pharmaceuticals","CNTA","6266618368","40.5","United Kingdom"
"2841","Soochow Securities","601555.SS","6264844628","1.26086","China"
"2842","D-Wave Quantum","QBTS","6264439808","16.82","Canada"
"2843","Yapı Kredi","YKBNK.IS","6263369781","0.741486","Turkey"
"2844","Surgutneftegas","SNGS.ME","6262576080","0.17","Russia"
"2845","GATX","GATX","6259939328","177.31","United States"
"2846","Essent Group","ESNT","6258100224","69.63","Bermuda"
"2847","CD Projekt","CDR.WA","6257179591","62.6278","Poland"
"2848","Alibaba Health Information Technology","0241.HK","6251750230","0.3865","Hong Kong"
"2849","EnPro Industries","NPO","6250180608","295.27","United States"
"2850","Credit Acceptance","CACC","6244749312","601.58","United States"
"2851","Dentsu","4324.T","6242767336","24.0489","Japan"
"2852","FirstService","FSV","6240846848","142.91","Canada"
"2853","Glanbia plc","GL9.IR","6239733120","25.817","Ireland"
"2854","Kodiak Gas Services","KGS","6238118912","61.7","United States"
"2855","GDS Holdings","GDS","6235751424","31.12","China"
"2856","Valaris","VAL","6231169024","89.74","United Kingdom"
"2857","Amneal Pharmaceuticals","AMRX","6224050176","17.87","United States"
"2858","Vipshop","VIPS","6219539968","13.08","China"
"2859","Fertiglobe","FERTIGLB.AE","6215592095","0.75","United Arab Emirates"
"2860","Intercorp Financial Services","IFS","6214286848","56.29","Peru"
"2861","MISUMI Group","9962.T","6213412822","23.6447","Japan"
"2862","TOTO","5332.T","6213041512","37.7802","Japan"
"2863","Sinopharm","1099.HK","6205812546","1.98862","China"
"2864","Pegasystems","PEGA","6201354752","37.72","United States"
"2865","EPAM Systems","EPAM","6184246784","119.88","United States"
"2866","Scout24 (ImmoScout24)","G24.F","6179264843","88.7312","Germany"
"2867","BIG Shopping Centers","BIG.TA","6176670863","238.518","Israel"
"2868","Kuala Lumpur Kepong","2445.KL","6171523632","5.54166","Malaysia"
"2869","Bank of East Asia","0023.HK","6171493168","2.33431","Hong Kong"
"2870","Capital Securities Corporation","601136.SS","6167589276","2.25643","China"
"2871","LS Corp.","006260.KS","6167357894","222.368","South Korea"
"2872","SDIC Capital","600061.SS","6165671823","0.964276","China"
"2873","Chailease Holding","5871.TW","6165066377","3.53167","Taiwan"
"2874","Codan Limited","CDA.AX","6164069743","33.8087","Australia"
"2875","Luberef (Saudi Aramco Base Oil Company)","2223.SR","6157025771","36.5922","Saudi Arabia"
"2876","China Resources Sanjiu Medical &amp; Pharmaceutical","000999.SZ","6156144993","3.69912","China"
"2877","TKMS","TKMS.DE","6153645789","96.8717","Germany"
"2878","Cemig","CIG","6150466560","2.15","Brazil"
"2879","Pepco Group","PCO.WA","6144142027","11.2523","United Kingdom"
"2880","Liquidia Corporation","LQDA","6142994944","68.63","United States"
"2881","Australian Foundation Investment Company","AFI.AX","6141827391","4.97695","Australia"
"2882","Castellum","CAST.ST","6139094096","13.996","Sweden"
"2883","Mirum Pharmaceuticals","MIRM","6136540672","100.63","United States"
"2884","HORIBA","6856.T","6134081163","145.975","Japan"
"2885","Terns Pharmaceuticals","TERN","6116845568","52.95","United States"
"2886","PrairieSky Royalty","PSK.TO","6115502242","26.3097","Canada"
"2887","Sensata Technologies","ST","6115416576","42.02","United States"
"2888","Ricoh Company","7752.T","6111000232","10.8727","Japan"
"2889","Albertsons","ACI","6110250496","12.59","United States"
"2890","Casella Waste Systems","CWST","6106898944","95.96","United States"
"2891","Valmet","VALMT.HE","6106136190","33.1434","Finland"
"2892","JBT Marel Corporation","JBTM","6102788608","117.64","United States"
"2893","PTT Global Chemical","PTTGC.BK","6100449757","1.35299","Thailand"
"2894","Tritax Big Box REIT","BBOX.L","6098497329","2.08288","United Kingdom"
"2895","Temenos","TEMN.SW","6081974731","90.3406","Switzerland"
"2896","Rayonier","RYN","6080750592","20.32","United States"
"2897","Technip Energies","TE.PA","6070958295","35.0506","France"
"2898","IG Group","IGG.L","6067848378","18.4078","United Kingdom"
"2899","Hancock Whitney","HWC","6064862720","75.6","United States"
"2900","Berger Paints","BERGEPAINT.NS","6064819118","5.20138","India"
"2901","Cogent Biosciences","COGT","6064697856","34.95","United States"
"2902","Fomento de Construcciones y Contratas","FCC.MC","6061003500","12.8154","Spain"
"2903","Warehouses De Pauw","WDP.BR","6059052315","25.189","Belgium"
"2904","Enel Chile","ENIC","6058990592","4.38","Chile"
"2905","CLEAR Secure","YOU","6054790656","44.59","United States"
"2906","OPAP (Organization of Football Prognostics)","OPAP.AT","6052397365","16.8777","Greece"
"2907","Caesars Entertainment","CZR","6048112128","29.68","United States"
"2908","Tokyu Fudosan Holdings","3289.T","6040881518","8.46974","Japan"
"2909","ChinaLin Securities","002945.SZ","6040061240","2.23706","China"
"2910","Glacier Bancorp","GBCI","6036625920","46.36","United States"
"2911","37 Interactive Entertainment","002555.SZ","6033644700","2.72739","China"
"2912","Qualys","QLYS","6031638528","174.35","United States"
"2913","Starwood Property Trust","STWD","6030731264","15.88","United States"
"2914","OpenText","OTEX","6030159872","24.85","Canada"
"2915","Bank of Suzhou","002966.SZ","6030000257","1.34879","China"
"2916","SOL S.p.A.","SOL.MI","6022758607","66.4031","Italy"
"2917","abrdn","ABDN.L","6021809510","3.36237","United Kingdom"
"2918","Coromandel","COROMANDEL.NS","6021140474","20.4424","India"
"2919","JCDecaux","DEC.PA","6013123551","28.2591","France"
"2920","TBS Holdings","9401.T","6013032009","38.255","Japan"
"2921","City Developments","C09.SI","6007958562","6.72481","Singapore"
"2922","Ithaca Energy","ITH.L","6005347618","3.63828","United Kingdom"
"2923","Monotaro","3064.T","6003229089","12.2073","Japan"
"2924","Home BancShares","HOMB","6001488896","30","United States"
"2925","Bank of Changsha","601577.SS","5993641291","1.49038","China"
"2926","Korean Air Lines","003495.KS","5992721027","16.2259","South Korea"
"2927","TXNM Energy","TXNM","5991100928","58.14","United States"
"2928","BBB Foods","TBBB","5989558784","49.68","Mexico"
"2929","Cencosud","CENCOSUD.SN","5975910506","2.16989","Chile"
"2930","Convatec Group","CTEC.L","5974018641","3.07563","United Kingdom"
"2931","UOL Group","U14.SI","5972786371","7.04842","Singapore"
"2932","Schneider National","SNDR","5968995328","34.05","United States"
"2933","Ezdan Holding Group","ERES.QA","5968117701","0.225","Qatar"
"2934","PTC Therapeutics","PTCT","5959101440","71.4","United States"
"2935","EVN Group","EVN.F","5941423902","33.3178","Austria"
"2936","Eagle Materials","EXP","5938129408","193.58","United States"
"2937","Asahi Intecc","7747.T","5936425252","22.3742","Japan"
"2938","Teleflex","TFX","5930440704","139.96","United States"
"2939","ISU Petasys","007660.KS","5923154436","80.6868","South Korea"
"2940","Landstar System","LSTR","5916224000","174.33","United States"
"2941","Tokyu","9005.T","5914335883","10.4973","Japan"
"2942","Klaviyo","KVYO","5913768960","19.76","United States"
"2943","Macy's","M","5910462464","22.47","United States"
"2944","Shenzhen New Industries Biomedical Engineering","300832.SZ","5892568737","7.49959","China"
"2945","Hankook Tire","161390.KS","5884135801","48.2351","South Korea"
"2946","RLI Corp.","RLI","5877140992","64.04","United States"
"2947","Sectra AB","SECT-B.ST","5876096692","30.4986","Sweden"
"2948","Mercury General","MCY","5873964032","106.05","United States"
"2949","RadNet","RDNT","5872427008","74.62","United States"
"2950","Corporación Financiera Alba","ALB.MC","5871019284","97.9515","Spain"
"2951","Gecina","GFC.PA","5865235992","79.1953","France"
"2952","ATCO","ACO-X.TO","5860755025","52.0829","Canada"
"2953","Madras Rubber Factory","MRF.NS","5858815135","1381.42","India"
"2954","Genting Singapore","G13.SI","5855905940","0.485418","Singapore"
"2955","Westports","5246.KL","5854374959","1.7036","Malaysia"
"2956","PT Bumi Resources Minerals Tbk","BRMS.JK","5852880846","0.0412803","Indonesia"
"2957","Rush Enterprises","RUSHA","5849325568","50.11","United States"
"2958","Xenon Pharmaceuticals","XENE","5849162240","60.4","Canada"
"2959","Brookfield Renewable","BEPC","5847752192","31.5","United States"
"2960","Elis","ELIS.PA","5842155801","27.2357","France"
"2961","Associated Banc-Corp","ASB","5837343232","30.91","United States"
"2962","Air Canada","AC.TO","5835563708","20.8288","Canada"
"2963","Abbott India","ABBOTINDIA.NS","5835545433","274.623","India"
"2964","LondonMetric Property","LMP.L","5832297623","2.49134","United Kingdom"
"2965","Shanghai BOCHU Electronic Technology","688188.SS","5831583225","14.3792","China"
"2966","Construction Partners","ROAD","5827660288","102.68","United States"
"2967","Atlantic Union Bankshares","AUB","5822563328","40.77","United States"
"2968","Red Rock Resorts","RRR","5822479360","57.09","United States"
"2969","Yancoal","YAL.AX","5820433063","4.40795","Australia"
"2970","EFG International","EFGN.SW","5819790153","19.3437","Switzerland"
"2971","China State Construction International","3311.HK","5814784493","1.10082","Hong Kong"
"2972","Volvo Car","VOLCAR-B.ST","5814382941","1.96123","Sweden"
"2973","Enova International","ENVA","5805553152","233.17","United States"
"2974","Nexi","NEXI.MI","5803249398","4.94011","Italy"
"2975","Sensient Technologies","SXT","5801311232","136.3","United States"
"2976","iSoftStone Information Technology","301236.SZ","5801021182","5.60383","China"
"2977","Dolby","DLB","5799971328","61.92","United States"
"2978","Netskope","NTSK","5792265216","14.34","United States"
"2979","Altius Telecom Infrastructure Trust","ALTIUSINVIT.BO","5789979269","1.89997","India"
"2980","Taiwan Cement","1101.TW","5788886878","0.772554","Taiwan"
"2981","Portland General Electric","POR","5782772736","49.17","United States"
"2982","Seatrium","5E2.SI","5777400755","1.70488","Singapore"
"2983","BGC Group","BGC","5776918016","12.15","United States"
"2984","Ligand Pharmaceuticals","LGND","5776142848","289.74","United States"
"2985","Argan","AGX","5772705280","411.77","United States"
"2986","USS Co., Ltd.","4732.T","5764035240","12.695","Japan"
"2987","Ameris Bancorp","ABCB","5759814656","85.83","United States"
"2988","Vallourec","VK.PA","5758532310","21.6595","France"
"2989","AutoStore Holdings","AUTO.OL","5757274741","1.71297","Norway"
"2990","Linde India","LINDEINDIA.NS","5753017936","67.457","India"
"2991","Core Scientific","CORZ","5751993856","17.9","United States"
"2992","MarketAxess","MKTX","5748406784","163.34","United States"
"2993","British Land","BLND.L","5747383013","5.60755","United Kingdom"
"2994","Barratt Redrow","BTRW.L","5744015776","4.14142","United Kingdom"
"2995","Greatland Resources","GGP.L","5739636811","8.50736","Australia"
"2996","Montage Gold Corp.","MAU.TO","5729635161","14.1734","Canada"
"2997","RTL Group","RRTL.F","5720188577","37.9114","Luxembourg"
"2998","Presight AI","PRESIGHT.AE","5711300053","1.02","United Arab Emirates"
"2999","Archrock","AROC","5709011968","32.56","United States"
"3000","Hamilton Lane","HLNE","5706192896","103.4","United States"
"3001","Howden Joinery","HWDN.L","5705582882","10.455","United Kingdom"
"3002","Cenergy Holdings","CENER.BR","5704317113","26.8636","Belgium"
"3003","Tokyo Electric Power Company","9501.T","5702303590","3.55793","Japan"
"3004","Versant Media Group","VSNT","5701798400","40.97","United States"
"3005","Remitly","RELY","5698534400","26.92","United States"
"3006","Frontdoor","FTDR","5698165760","82.71","United States"
"3007","Samsung Securities","016360.KS","5697085250","63.7971","South Korea"
"3008","Uranium Energy","UEC","5695981056","11.51","United States"
"3009","Erasca","ERAS","5687131136","16.26","United States"
"3010","VSE Corporation","VSEC","5685402112","202.58","United States"
"3011","Commvault","CVLT","5682878464","137.12","United States"
"3012","The 77 Bank","8341.T","5674476787","25.4349","Japan"
"3013","Georg Fischer","GF.SW","5673348009","69.226","Switzerland"
"3014","Cirrus Logic","CRUS","5669799424","113.13","United States"
"3015","Virtu Financial","VIRT","5668020736","64.19","United States"
"3016","Jabal Omar Development","4250.SR","5659861755","4.7964","Saudi Arabia"
"3017","Galaxycore","688728.SS","5658757875","2.17595","China"
"3018","EXL Service","EXLS","5658178560","37.32","United States"
"3019","Seibu Holdings","9024.T","5656042488","22.2523","Japan"
"3020","SG Holdings","9143.T","5655354534","9.47712","Japan"
"3021","Boyd Gaming","BYD","5651865088","77.79","United States"
"3022","Blue Owl Capital Corporation","OBDC","5647955456","11.38","United States"
"3023","LB Group (LomonBillions)","002601.SZ","5617980403","2.35629","China"
"3024","Mercury NZ","MCY.AX","5614357113","3.93979","New Zealand"
"3025","AUTO1","AG1.F","5612096975","25.4913","Germany"
"3026","Rithm Capital","RITM","5611991040","10.05","United States"
"3027","Stevanato Group","STVN","5610012160","20.54","Italy"
"3028","Birkenstock","BIRK","5606034944","33.95","Germany"
"3029","Tube Investments of India","TIINDIA.NS","5604633261","28.9537","India"
"3030","SmartSens Technology","688213.SS","5595972118","13.9097","China"
"3031","Flagstar Bank","FLG","5595451392","13.48","United States"
"3032","Black Hills","BKH","5589355520","73.3","United States"
"3033","CNX Resources","CNX","5587831296","37.77","United States"
"3034","WPP","WPP","5586757120","25.9","United Kingdom"
"3035","Telecom Argentina","TEO","5586667008","12.97","Argentina"
"3036","Max Financial Services","MFSL.NS","5585077554","16.2689","India"
"3037","AAK","AAK.ST","5584036776","21.4581","Sweden"
"3038","China Longyuan Power Group","0916.HK","5577056732","0.667127","China"
"3039","Tokyo Metro","9023.T","5576895012","9.60545","Japan"
"3040","Dar Al Arkan Real Estate Development Company","4300.SR","5574155990","5.16126","Saudi Arabia"
"3041","Hisense Visual Technology","600060.SS","5570205234","4.26845","China"
"3042","Novanta","NOVT","5568288256","147.24","United States"
"3043","Crocs","CROX","5562108416","116.01","United States"
"3044","Emmi AG","EMMN.SW","5558502129","1039.01","Switzerland"
"3045","Selective Insurance","SIGI","5551841792","93.2","United States"
"3046","Leapmotor","9863.HK","5542461736","4.7477","China"
"3047","Phillips Edison &amp; Company","PECO","5541875712","39.18","United States"
"3048","Taiwan Business Bank","2834.TW","5541315039","0.532905","Taiwan"
"3049","HELLENiQ ENERGY","ELPE.AT","5539282703","18.1416","Greece"
"3050","National Marine Dredging","NMDC.AE","5522217085","6.54","United Arab Emirates"
"3051","HYBE","352820.KS","5521950721","129.733","South Korea"
"3052","Balfour Beatty","BBY.L","5514234163","11.7128","United Kingdom"
"3053","Axfood","AXFO.ST","5510957145","25.5274","Sweden"
"3054","SWI Capital Holding","SWICH.AS","5507818431","12.7922","Singapore"
"3055","Axos Financial","AX","5505472000","97.04","United States"
"3056","Americana Restaurants International","AMR.AE","5504443228","0.65","United Arab Emirates"
"3057","Contact Energy","CEN.NZ","5498631754","5.1359","New Zealand"
"3058","Piper Sandler","PIPR","5494615040","77.75","United States"
"3059","Charoen Pokphand Foods","CPF.BK","5493856182","0.714503","Thailand"
"3060","Bullish","BLSH","5492703744","36.22","Cayman Islands"
"3061","eMemory Technology","3529.TWO","5487361962","73.4715","Taiwan"
"3062","ADT","ADT","5486499840","7.51","United States"
"3063","Nestle Malaysia","4707.KL","5486086884","23.3948","Malaysia"
"3064","Colruyt","COLR.BR","5483874288","46.1216","Belgium"
"3065","Ford Otosan","FROTO.IS","5482935872","1.56249","Turkey"
"3066","Bank of Qingdao (BQD)","002948.SZ","5482307616","0.94192","China"
"3067","Japan Real Estate Investment","8952.T","5481998190","752.652","Japan"
"3068","Nissin Foods","2897.T","5481519230","19.1275","Japan"
"3069","The Fertilisers And Chemicals Travancore Limited","FACT.NS","5480677785","8.46997","India"
"3070","Wacker Chemie","WCH.F","5479656347","110.304","Germany"
"3071","Balchem","BCPC","5474731520","171.74","United States"
"3072","Nexstar Media Group","NXST","5473710592","177.67","United States"
"3073","Bank OZK","OZK","5470416896","50.17","United States"
"3074","Ramelius Resources","RMS.AX","5469772056","2.89542","Australia"
"3075","CRISPR Therapeutics","CRSP","5462168064","56.49","Switzerland"
"3076","Gujarat Fluorochemicals","FLUOROCHEM.NS","5458606426","49.6915","India"
"3077","Warrior Met Coal","HCC","5452871680","103.27","United States"
"3078","New Jersey Resources","NJR","5450857984","53.72","United States"
"3079","United Internet","UTDI.F","5447018505","31.5153","Germany"
"3080","Klarna","KLAR","5444833792","14.4","Sweden"
"3081","Marex Group","MRX","5441570816","75.65","United Kingdom"
"3082","TIS","3626.T","5439588115","25.7814","Japan"
"3083","Hangzhou Greatstar Industrial","002444.SZ","5438590171","4.55311","China"
"3084","Softcat","SCT.L","5438420960","27.6996","United Kingdom"
"3085","Sotera Health","SHC","5430682112","19.03","United States"
"3086","Main Street Capital","MAIN","5430036480","58.07","United States"
"3087","Kingnet Network","002517.SZ","5428909505","2.5411","China"
"3088","Capricorn Metals","CMM.AX","5426473316","11.877","Australia"
"3089","CMB.TECH","CMBT","5426174976","18.7","Belgium"
"3090","Harbour Energy","HBR.L","5426130286","3.47057","United Kingdom"
"3091","The Company for Cooperative Insurance","8010.SR","5425662490","36.2193","Saudi Arabia"
"3092","GXO Logistics","GXO","5410818560","47.18","United States"
"3093","Bechtle","BC8.F","5409838219","42.9352","Germany"
"3094","DEME Group","DEME.BR","5409405350","214.676","Belgium"
"3095","Logista (Compañía de Distribución Integral Logista)","LOG.MC","5406954014","40.9117","Spain"
"3096","TPG Telecom","TPG.AX","5401017136","2.75137","Australia"
"3097","Open House Group","3288.T","5398198617","49.0154","Japan"
"3098","Webull","BULL","5396204032","10","United States"
"3099","RAKBANK (The National Bank of Ras Al Khaimah)","RAKBANK.AE","5394581956","2.68","United Arab Emirates"
"3100","Navitas Petroleum","NVPT.TA","5393635256","44.4311","Israel"
"3101","MaxLinear","MXL","5391710208","59.45","United States"
"3102","Rumo","RAIL3.SA","5391287394","2.905","Brazil"
"3103","KEI Industries","KEI.NS","5390467020","56.3853","India"
"3104","Saigon Thuong Tin Commercial Bank","STB.VN","5387983899","2.85802","Vietnam"
"3105","Seiko Group","8050.T","5387500853","65.8971","Japan"
"3106","Auto Trader Group","AUTO.L","5384563871","6.92761","United Kingdom"
"3107","IONOS Group","IOS.DE","5382752651","39.8884","Germany"
"3108","Kurita Water Industries Ltd.","6370.T","5374851924","49.9073","Japan"
"3109","MakeMyTrip","MMYT","5373571584","57.13","India"
"3110","DKSH Holding","DKSH.SW","5371926794","82.6006","Switzerland"
"3111","Whitbread","WTB.L","5368983519","32.1224","United Kingdom"
"3112","Grifols","GRFS","5362974208","7.88","Spain"
"3113","Fuchs Petrolub","FPE.F","5362484024","40.935","Germany"
"3114","PriceSmart","PSMT","5361090048","173.72","United States"
"3115","Kite Realty","KRG","5353577472","26.09","United States"
"3116","Delek Group","DLEKG.TA","5351228941","29.4722","Israel"
"3117","Impinj","PI","5350383104","175.11","United States"
"3118","Solaris Energy Infrastructure","SEI","5350303232","53.17","United States"
"3119","Murphy Oil","MUR","5349806080","37.32","United States"
"3120","Hong Leong Financial Group","1082.KL","5347598770","4.71462","Malaysia"
"3121","Sabra Health Care REIT","SBRA","5346835456","20.93","United States"
"3122","Vishal Mega Mart Limited","VMM.NS","5345566449","1.14104","India"
"3123","K92 Mining","KNT.TO","5342324514","21.7423","Canada"
"3124","Varonis Systems","VRNS","5342160896","46.51","United States"
"3125","ACI Worldwide","ACIW","5341541888","52.91","United States"
"3126","First National of Nebraska","FINN","5337042432","19750","United States"
"3127","Rotork","ROR.L","5333602086","6.54891","United Kingdom"
"3128","Xometry","XMTR","5333385216","93.04","United States"
"3129","The Cheesecake Factory","CAKE","5333344768","107.18","United States"
"3130","JB Hi-Fi","JBH.AX","5329677508","48.7468","Australia"
"3131","JD Sports Fashion","JD.L","5328694057","1.11772","United Kingdom"
"3132","Beijing Wantai Biological Pharmacy Enterprise","603392.SS","5327270444","4.2133","China"
"3133","Colgate-Palmolive India","COLPAL.NS","5325995481","19.5819","India"
"3134","Burberry","BRBY.L","5314827274","14.8372","United Kingdom"
"3135","Granite Construction","GVA","5308125184","119.48","United States"
"3136","Golar LNG","GLNG","5308023296","51.99","Bermuda"
"3137","Fosun","0656.HK","5307589581","0.653095","China"
"3138","Hindustan Copper","HINDCOPPER.NS","5307244797","5.48822","India"
"3139","Mirvac Group","MGR.AX","5300366946","1.34327","Australia"
"3140","SAIC (Science Applications International Corp)","SAIC","5300050944","126.5","United States"
"3141","LG CNS","064400.KS","5294978243","54.6517","South Korea"
"3142","Viohalco","VIO.BR","5292908827","20.421","Belgium"
"3143","Merit Medical","MMSI","5288551936","88.57","United States"
"3144","Copa Holdings","CPA","5282441728","129.41","Panama"
"3145","Xinjiang Daqo New Energy Co.,Ltd.","688303.SS","5269371415","2.47105","China"
"3146","Wyndham Hotels &amp; Resorts","WH","5268247040","70.99","United States"
"3147","Millrose Properties","MRP","5267039744","31.72","United States"
"3148","UBTECH Robotics","9880.HK","5265442986","10.4597","China"
"3149","Floor &amp; Decor","FND","5258474496","49.38","United States"
"3150","Tosoh Corporation","4042.T","5256991073","17.0742","Japan"
"3151","Ipca Laboratories","IPCALAB.NS","5252932985","20.7049","India"
"3152","Silergy","6415.TW","5248043861","13.496","China"
"3153","Gek Terna","GEKTERNA.AT","5247823175","51.913","Greece"
"3154","CNO Financial Group","CNO","5247812096","56.72","United States"
"3155","PCCW","0008.HK","5247802619","0.677331","Hong Kong"
"3156","Acerinox","ACX.MC","5247430199","21.0606","Spain"
"3157","West Fraser Timber","WFG","5247139328","67.01","Canada"
"3158","Hirose Electric","6806.T","5247033406","160.348","Japan"
"3159","Perimeter Solutions","PRM","5246166016","32.05","United States"
"3160","ADES Holding Company","2382.SR","5240071113","4.7458","Saudi Arabia"
"3161","Arkema","AKE.PA","5237610564","69.3104","France"
"3162","UPL","UPL.NS","5237227583","6.19582","India"
"3163","Shenzhen Salubris Pharmaceuticals","002294.SZ","5228739843","4.69022","China"
"3164","HD Bank (Ho Chi Minh City Development Joint Stock Commercial Bank)","HDB.VN","5222829981","1.04346","Vietnam"
"3165","Aalberts","AALB.AS","5222170778","49.029","Netherlands"
"3166","Shapir Civil and Marine Engineering","SPEN.TA","5220368153","14.5432","Israel"
"3167","Kiwoom Securities","039490.KS","5210014709","198.767","South Korea"
"3168","Sonoco","SON","5209723392","52.69","United States"
"3169","Jarir","4190.SR","5209193214","4.34099","Saudi Arabia"
"3170","Japan Metropolitan Fund Investment","8953.T","5196762745","722.494","Japan"
"3171","Reply","REY.MI","5192162302","142.924","Italy"
"3172","Yakult","2267.T","5191973561","18.1009","Japan"
"3173","Central Retail Corporation","CRC.BK","5180169078","0.858924","Thailand"
"3174","Outfront Media","OUT","5178376192","29.4","United States"
"3175","Liberty Broadband","LBRDA","5177567232","35.99","United States"
"3176","New Hope Liuhe","000876.SZ","5176831864","1.04327","China"
"3177","Longfor Group","0960.HK","5176734348","0.751953","China"
"3178","Argo Investments","ARG.AX","5175622811","6.87842","Australia"
"3179","Mitsui Chemicals","4183.T","5175455103","14.3151","Japan"
"3180","Mapletree Commercial Trust","N2IU.SI","5175338144","0.978728","Singapore"
"3181","Flughafen Wien (Vienna Airport)","FLU.VI","5169622156","61.6351","Austria"
"3182","VF Corporation","VFC","5165788160","13.14","United States"
"3183","Oceaneering International","OII","5153645056","51.78","United States"
"3184","Colliers International","CIGI","5150754304","100.79","Canada"
"3185","Kobe Steel","5406.T","5149676603","13.0222","Japan"
"3186","APT Medical","688617.SS","5147589023","36.3712","China"
"3187","Vault Minerals","VAU.AX","5141533360","4.96975","Australia"
"3188","X-Energy, Inc.","XE","5139761664","17.88","United States"
"3189","Sphere Entertainment","SPHR","5135645696","143","United States"
"3190","Soitec","SOI.PA","5132983700","143.621","France"
"3191","Coway","021240.KS","5130904395","73.1639","South Korea"
"3192","Sumitomo Forestry","1911.T","5128569965","8.36387","Japan"
"3193","Galenica","GALE.SW","5127438077","102.91","Switzerland"
"3194","Moelis &amp; Company","MC","5121953280","69.14","United States"
"3195","HASI (HA Sustainable Infrastructure Capita)","HASI","5119272448","39.84","United States"
"3196","Tata Communications","TATACOMM.NS","5119018603","17.9561","India"
"3197","Holmen","HOLM-B.ST","5118167553","34.0226","Sweden"
"3198","Beijing Roborock Technology","688169.SS","5116140774","19.7115","China"
"3199","Mirae Asset Securities Co., Ltd.","006805.KS","5114822249","8.79147","South Korea"
"3200","Definium Therapeutics","DFTX","5105944064","38","United States"
"3201","Daewoo Engineering &amp; Construction","047040.KS","5103267001","12.4202","South Korea"
"3202","Zhuzhou CRRC Times Electric","3898.HK","5099033240","3.83183","Hong Kong"
"3203","Garrett Motion","GTX","5096864768","27.33","Switzerland"
"3204","Fincantieri","FCT.MI","5094161846","14.1819","Italy"
"3205","Mercury Systems","MRCY","5094131712","84.71","United States"
"3206","Nomura Real Estate Holdings","3231.T","5089113970","5.95769","Japan"
"3207","Xinyi Glass Holdings","0868.HK","5088417044","1.14929","Hong Kong"
"3208","Adecco Group","ADEN.SW","5086972641","29.3498","Switzerland"
"3209","Novolipetsk Steel","NLMK.ME","5086001893","0.82","Russia"
"3210","Middleby","MIDD","5082992128","112.4","United States"
"3211","Erdemir","EREGL.IS","5078584858","0.755531","Turkey"
"3212","Gland Pharma","GLAND.NS","5077602764","30.7796","India"
"3213","Yanbu National Petrochemical","2290.SR","5075368257","9.02288","Saudi Arabia"
"3214","Oil &amp; Gas Development Company","OGDC.PK","5069892356","1.17879","Pakistan"
"3215","Hanwha Solutions","009830.KS","5069653035","22.5318","South Korea"
"3216","RENK Group","R3NK.DE","5068031329","50.6803","Germany"
"3217","Rigetti Computing","RGTI","5066609664","15.18","United States"
"3218","International Seaways","INSW","5064081408","102.24","United States"
"3219","Banco Macro","BMA","5062692352","79.18","Argentina"
"3220","ONE Gas","OGS","5062444032","80.54","United States"
"3221","Hoshizaki Corporation","6465.T","5062291765","36.144","Japan"
"3222","AAR","AIR","5058926080","125.66","United States"
"3223","Fervo Energy Company","FRVO","5058136576","17.16","United States"
"3224","Acushnet Holdings","GOLF","5057292800","86.59","United States"
"3225","Yonyou","600588.SS","5051882103","1.47846","China"
"3226","Eastern Bankshares","EBC","5045535232","22.08","United States"
"3227","BETA Technologies","BETA","5045229056","20.81","United States"
"3228","Mondi","MNDI.L","5041369226","11.4369","United Kingdom"
"3229","White Mountains Insurance Group","WTM","5041303552","2112.23","Bermuda"
"3230","ACEA","ACE.MI","5037476855","23.7004","Italy"
"3231","Fortune Brands Innovations","FBIN","5035375104","42.21","United States"
"3232","Parabilis Medicines","PBLS","5033979392","40.75","United States"
"3233","St. Galler Kantonalbank","SGKN.SW","5029206360","840.867","Switzerland"
"3234","Asseco","ACP.WA","5022684705","62.3856","Poland"
"3235","Marfrig Global Foods","MBRF3.SA","5020909976","3.6033","Brazil"
"3236","Chartwell Retirement Residences","CSH-UN.TO","5015139177","15.2102","Canada"
"3237","Materion","MTRN","5011760640","240.56","United States"
"3238","Whitehaven Coal","WHC.AX","5007741088","6.08974","Australia"
"3239","INFICON","IFCN.SW","5001492419","204.582","Switzerland"
"3240","Waystar","WAY","5000798720","26.08","United States"
"3241","United Tractors","UNTR.JK","4997470523","1.43067","Indonesia"
"3242","Beijing Enterprises Holdings","0392.HK","4996973242","3.97215","Hong Kong"
"3243","Cactus Inc","WHD","4995684352","71.64","United States"
"3244","Masraf Al Rayan","MARK.QA","4994917131","0.537088","Qatar"
"3245","SOLV Energy","MWH","4994904064","24.68","United States"
"3246","Enagás","ENG.MC","4994671059","19.1883","Spain"
"3247","Mphasis","MPHASIS.NS","4990833030","26.1551","India"
"3248","SK Biopharmaceuticals","326030.KS","4990386115","63.7234","South Korea"
"3249","Dave Inc.","DAVE","4985617408","390.86","United States"
"3250","360 One Wam","360ONE.NS","4982662447","12.2255","India"
"3251","Sweco","SWEC-A.ST","4982056214","13.7915","Sweden"
"3252","SLM Corporation (Sallie Mae)","SLM","4980120064","26.49","United States"
"3253","Persimmon","PSN.L","4979620165","15.5067","United Kingdom"
"3254","CSW Industrials","CSW","4978801152","305.57","United States"
"3255","Iridium Communications","IRDM","4975834112","46.95","United States"
"3256","UniFirst","UNF","4974956032","275.1","United States"
"3257","Rightmove","RMV.L","4970454356","6.80048","United Kingdom"
"3258","ARCHION Corporation","543A.T","4970193856","1.80303","Japan"
"3259","DFI Retail Group","D01.SI","4969444352","3.67","Hong Kong"
"3260","XTB S.A.","XTB.WA","4968144497","42.3189","Poland"
"3261","HD Construction Equipment","267270.KS","4961891058","103.993","South Korea"
"3262","Teleperformance","TEP.PA","4961025770","83.0794","France"
"3263","Celanese","CE","4960651776","45.2","United States"
"3264","Capstone Infrastructure","CSE-PA.TO","4957771926","16.2759","Canada"
"3265","Global Business Travel Group","GBTG","4957323776","9.49","United States"
"3266","Laureate Education","LAUR","4952089600","35.95","United States"
"3267","Parsons","PSN","4950429696","46.35","United States"
"3268","Estithmar Holding","IGRD.QA","4945131040","1.10055","Qatar"
"3269","Asia Commercial Joint Stock Bank","ACB.VN","4943344875","0.851652","Vietnam"
"3270","Saudi Investment Bank","1030.SR","4942827766","3.96282","Saudi Arabia"
"3271","Amada Co., Ltd.","6113.T","4934987110","16.0091","Japan"
"3272","Icahn Enterprises","IEP","4933750784","6.94","United States"
"3273","Box, Inc.","BOX","4933739520","35.96","United States"
"3274","Gruma (Maseca)","GRUMAB.MX","4931880412","14.6988","Mexico"
"3275","Skylark Holdings","3197.T","4926410396","21.662","Japan"
"3276","Spire Inc.","SR","4925870592","83.33","United States"
"3277","Trend Micro","4704.T","4924395314","37.9406","Japan"
"3278","Amentum","AMTM","4917024256","20.11","United States"
"3279","Mabanee Company","MABANEE.KW","4910795005","3132.69","Kuwait"
"3280","The Bidvest Group","BVT.JO","4908092500","14.4403","South Africa"
"3281","TFS Financial","TFSL","4907748352","17.5","United States"
"3282","Vinamilk (Vietnam Dairy Products)","VNM.VN","4906789247","2.3478","Vietnam"
"3283","LifeStance Health Group","LFST","4901773312","12.83","United States"
"3284","Sampoerna","HMSP.JK","4900303746","0.0421285","Indonesia"
"3285","Zhifei Biological Products","300122.SZ","4898390614","2.04629","China"
"3286","Danieli &amp; C. Officine Meccaniche","DAN.MI","4894147221","68.38","Italy"
"3287","Avis Budget Group","CAR","4892969472","138.51","United States"
"3288","Zegona Communications","ZEG.L","4892178310","21.6944","United Kingdom"
"3289","Guangzhou Baiyunshan Pharmaceutical Holdings","600332.SS","4892129437","3.00908","China"
"3290","Far Eastern New Century","1402.TW","4885793836","0.912875","Taiwan"
"3291","HASEKO Corporation","1808.T","4881650514","18.4313","Japan"
"3292","Bharat Dynamics","BDL.NS","4879869255","13.3125","India"
"3293","Tong Ren Tang","600085.SS","4877010797","3.55605","China"
"3294","Orange Polska","OPL.WA","4875954182","3.71542","Poland"
"3295","Exchange Income Corporation","EIF.TO","4871873911","86.4036","Canada"
"3296","Radian Group","RDN","4870011904","36.81","United States"
"3297","Canon Marketing Japan","8060.T","4868395630","23.6447","Japan"
"3298","Formosa Sumco Technology","3532.TW","4867518956","12.5501","Taiwan"
"3299","Indofood CBP","ICBP.JK","4863524605","0.417044","Indonesia"
"3300","China Great Wall Securities","002939.SZ","4858364618","1.20423","China"
"3301","Vail Resorts","MTN","4848297984","136.06","United States"
"3302","MONETA Money Bank","MONET.PR","4839639460","9.47092","Czech Republic"
"3303","Core Natural Resources","CNR","4836060672","97.43","United States"
"3304","ACM Research","ACMR","4835047424","69.42","United States"
"3305","Shanghai RAAS Blood Products","002252.SZ","4834187676","0.733267","China"
"3306","Greif","GEF","4833230336","85.02","United States"
"3307","Challenger Limited","CGF.AX","4830593287","7.08729","Australia"
"3308","Doximity","DOCS","4830466048","27.1","United States"
"3309","1&1","1U1.DE","4823962911","27.3288","Germany"
"3310","Mazda","7261.T","4821882643","7.64201","Japan"
"3311","Française des Jeux","FDJ.VI","4820379387","26.0844","France"
"3312","Acom","8572.T","4819994555","3.0767","Japan"
"3313","Parkin PJSC","PARKIN.AE","4818569892","1.60649","United Arab Emirates"
"3314","Mitsubishi Gas Chemical Company","4182.T","4816472367","24.697","Japan"
"3315","Renishaw","RSW.L","4815950304","66.1924","United Kingdom"
"3316","Cousins Properties","CUZ","4815341568","29.25","United States"
"3317","Sumitomo Pharma","4506.T","4812659606","10.7283","Japan"
"3318","Gentex","GNTX","4812007424","22.84","United States"
"3319","MGM China Holdings","2282.HK","4810255365","1.26729","Macau"
"3320","Sanwa Holdings","5929.T","4803270888","23.0608","Japan"
"3321","ACADIA Pharmaceuticals","ACAD","4800432128","27.86","United States"
"3322","Enphase Energy","ENPH","4798172160","36.31","United States"
"3323","Grupo Aeroportuario Centro Norte","OMAB","4788983296","99.21","Mexico"
"3324","Sichuan Changhong Electric","600839.SS","4788449610","1.0373","China"
"3325","Yamato Kogyo","5444.T","4786741077","80.1096","Japan"
"3326","Patterson-UTI Energy","PTEN","4786380288","12.55","United States"
"3327","Grupo Simec","SIMECB.MX","4786103294","10.399","Mexico"
"3328","Atour Lifestyle","ATAT","4783997440","34.62","China"
"3329","VisEra Technologies","6789.TW","4782566316","15.0254","Taiwan"
"3330","First Financial Bankshares","FFIN","4778539008","33.34","United States"
"3331","COSCO SHIPPING Development","601866.SS","4764642912","0.362162","China"
"3332","Atlas Arteria","ALX.AX","4763321928","3.27715","Australia"
"3333","Balkrishna Industries","BALKRISIND.NS","4762181581","24.634","India"
"3334","Yamazaki Baking Co., Ltd.","2212.T","4760616497","24.1772","Japan"
"3335","China Resources Gas Group","1193.HK","4758288305","2.11236","Hong Kong"
"3336","Nippon Television Holdings","9404.T","4757384040","19.5125","Japan"
"3337","Graham Holdings","GHC","4755443200","1122.91","United States"
"3338","Oji Holdings","3861.T","4753781114","5.59773","Japan"
"3339","Torex Gold Resources","TXG.TO","4745393947","51.2491","Canada"
"3340","California Resources Corporation","CRC","4744758784","53.42","United States"
"3341","Gulf Bank","GBK.KW","4741996974","1133.86","Kuwait"
"3342","Louisiana-Pacific","LPX","4735912448","67.73","United States"
"3343","Azbil Corporation","6845.T","4730357468","9.44183","Japan"
"3344","Beijing Yanjing Brewery","000729.SZ","4725780146","1.67668","China"
"3345","NOBA Bank Group AB","NOBA.ST","4724772680","9.44955","Sweden"
"3346","Gaon Cable","000500.KS","4721863389","158.571","South Korea"
"3347","Budimex","BDX.WA","4719041533","184.842","Poland"
"3348","Supreme Industries","SUPREMEIND.NS","4718874406","37.1326","India"
"3349","FPT Corporation","FPT.VN","4718349195","2.76979","Vietnam"
"3350","Brunswick Corporation","BC","4714660864","72.76","United States"
"3351","BRP (Bombardier Recreational Products)","DOO","4710307840","64.22","Canada"
"3352","MDA Space","MDA","4709562368","29.06","Canada"
"3353","Zhejiang Supor","002032.SZ","4709046841","5.887","China"
"3354","Tidewater","TDW","4705944576","94.58","United States"
"3355","Century Aluminum","CENX","4703171072","47.51","United States"
"3356","Calumet, Inc.","CLMT","4702555648","53.5","United States"
"3357","Hang Lung Properties","0101.HK","4702266307","0.903746","Hong Kong"
"3358","Regis Resources","RRL.AX","4702234470","6.19778","Australia"
"3359","KBR","KBR","4701066752","37.29","United States"
"3360","Kakao Pay","377300.KS","4700660400","34.7565","South Korea"
"3361","Metropolitan Bank (Metrobank)","MTPOY","4698675200","20.895","Philippines"
"3362","BillionToOne","BLLN","4695110656","99.5","United States"
"3363","Alior Bank S.A.","ALR.WA","4694265561","35.9565","Poland"
"3364","NS Solutions Corporation","2327.T","4694028802","25.653","Japan"
"3365","Kakaku.com","2371.T","4693008646","23.7217","Japan"
"3366","FLSmidth","FLS.CO","4691876185","88.0461","Denmark"
"3367","Bumrungrad Hospital","BH.BK","4689070500","5.89845","Thailand"
"3368","Benefit Systems","BFT.WA","4686456307","1419.69","Poland"
"3369","Haemonetics","HAE","4679371776","102.85","United States"
"3370","Champion Homes","SKY","4674062336","86.11","United States"
"3371","Jersey Mike's Subs","JMKE","4672982016","20.07","United States"
"3372","Dukhan Bank","DUBK.QA","4671865676","0.892582","Qatar"
"3373","Insight Enterprises","NSIT","4670869504","159.15","United States"
"3374","Vishay Intertechnology","VSH","4670395904","30.45","United States"
"3375","Hochschild Mining","HOC.L","4665445733","9.06865","United Kingdom"
"3376","Mapletree Logistics Trust","M44U.SI","4664607490","0.907692","Singapore"
"3377","Aixtron","AIXA.F","4662794551","41.342","Germany"
"3378","flatexDEGIRO AG","FTK.DE","4661189006","43.5632","Germany"
"3379","Tamarack Valley Energy","TVE.TO","4659646366","9.80904","Canada"
"3380","Dyne Therapeutics","DYN","4659323392","24.95","United States"
"3381","Chefs' Warehouse","CHEF","4659320832","114.21","United States"
"3382","Mercari","4385.T","4658216523","28.194","Japan"
"3383","Titan Cement International","TITC.BR","4657367316","62.3328","Belgium"
"3384","Belden","BDC","4647178752","118.92","United States"
"3385","ServisFirst Bancshares","SFBS","4647163392","42.5","United States"
"3386","Herc Holdings","HRI","4644964864","138.94","United States"
"3387","VakıfBank","VAKBN.IS","4644274142","0.696873","Turkey"
"3388","dLocal","DLO","4643566592","15.78","Uruguay"
"3389","Berner Kantonalbank","BEKN.SW","4642613075","501.548","Switzerland"
"3390","ESAB","ESAB","4641556480","74.7","United States"
"3391","CTF Services Limited","0659.HK","4641097916","1.01663","Hong Kong"
"3392","Taiwan High Speed Rail","2633.TW","4640994769","0.824583","Taiwan"
"3393","Federated Hermes","FHI","4640883200","62.16","United States"
"3394","Sapporo","2501.T","4637918525","11.8929","Japan"
"3395","Nippon Prologis REIT","3283.T","4634628037","552.458","Japan"
"3396","EPR Properties","EPR","4633307648","60.48","United States"
"3397","J-POWER (Electric Power Development)","9513.T","4631470010","26.3139","Japan"
"3398","Paymentus","PAY","4630800896","36.77","United States"
"3399","Hiab Oyj","HIAB.HE","4630540754","71.6944","Finland"
"3400","CP Axtra","CPAXT.BK","4628880097","0.443904","Thailand"
"3401","Maire Tecnimont","MAIRE.MI","4624804497","14.1644","Italy"
"3402","The Commercial Bank (P.S.Q.C.)","CBQK.QA","4624320851","1.14258","Qatar"
"3403","Hagerty","HGTY","4621550080","13.46","United States"
"3404","Alaska Airlines","ALK","4620369408","41.4","United States"
"3405","LG Uplus Corp.","032640.KS","4620354463","10.8861","South Korea"
"3406","Reynolds Consumer Products","REYN","4601567232","21.83","United States"
"3407","Man Group","EMG.L","4600542377","4.14953","Jersey"
"3408","Frasers Group","FRAS.L","4600462740","10.7052","United Kingdom"
"3409","PTT Oil and Retail Business","OR.BK","4597142261","0.383095","Thailand"
"3410","Petronet LNG","PETRONET.NS","4596454405","3.0643","India"
"3411","EquipmentShare.com","EQPT","4596239872","18.14","United States"
"3412","Tutor Perini Corporation","TPC","4594315776","87.32","United States"
"3413","Springer Nature AG","SPG.DE","4593482529","23.0957","Germany"
"3414","Methanex","MEOH","4591568896","59.35","Canada"
"3415","National Shipping Company of Saudi Arabia (Bahri)","4030.SR","4590376934","9.32648","Saudi Arabia"
"3416","UFP Industries","UFPI","4589435904","83.2","United States"
"3417","TECOM Group","TECOM.AE","4588030205","0.917606","United Arab Emirates"
"3418","Neptune Insurance Holdings","NP","4583585280","33.4","United States"
"3419","Dottikon ES","DESN.SW","4579622175","331.269","Switzerland"
"3420","RS Group","RS1.L","4571855598","9.96808","United Kingdom"
"3421","Electrical Industries Company (EIC)","1303.SR","4571593198","4.1093","Saudi Arabia"
"3422","Synnex Technology International","2347.TW","4570510451","2.7402","Taiwan"
"3423","Steadfast Group","SDF.AX","4569225466","4.10905","Australia"
"3424","Want Want China","0151.HK","4567122065","0.389689","Hong Kong"
"3425","VEON","VEON","4562054144","66.25","Netherlands"
"3426","Sonae","SON.LS","4557190606","2.3433","Portugal"
"3427","Fulton Financial","FULT","4557130752","23.87","United States"
"3428","Coca-Cola İçecek","CCOLA.IS","4554017100","1.62755","Turkey"
"3429","Nelnet","NNI","4553649152","127.27","United States"
"3430","Entain","ENT.L","4551019588","7.11156","Isle of Man"
"3431","THK Co.","6481.T","4546982483","40.5713","Japan"
"3432","Pampa Energía","PAM","4542383104","84.74","Argentina"
"3433","SATS","S58.SI","4540549885","3.05458","Singapore"
"3434","Pepkor","PPH.JO","4527928100","1.22794","South Africa"
"3435","Choice Hotels International","CHH","4522251776","99.4","United States"
"3436","Tokyo Tatemono","8804.T","4516284862","21.8032","Japan"
"3437","Aurizon Holdings","AZJ.AX","4516219968","2.68294","Australia"
"3438","BlackBerry","BB","4512973312","7.7","Canada"
"3439","Alliance Laundry Holdings","ALH","4508536832","22.68","United States"
"3440","Centerra Gold","CGAU","4506797568","23.04","Canada"
"3441","Changchun High-Tech Industry","000661.SZ","4503929100","11.0407","China"
"3442","Hirogin Holdings","7337.T","4502631336","15.2038","Japan"
"3443","Excelerate Energy","EE","4502063616","39.7","United States"
"3444","Helmerich &amp; Payne","HP","4499251200","45.02","United States"
"3445","Hikma Pharmaceuticals","HIK.L","4493893596","21.708","United Kingdom"
"3446","Dexus","DXS.AX","4484575461","4.18107","Australia"
"3447","Liberty Global","LBTYB","4483595776","13.145","United Kingdom"
"3448","Griffon Corporation","GFF","4483463168","97.75","United States"
"3449","Interpump Group","IP.MI","4482911606","42.6561","Italy"
"3450","Rumble","RUM","4482124288","9.04","United States"
"3451","MARA Holdings","MARA","4481072128","11.6","United States"
"3452","Yuhan","000100.KS","4477487857","59.8882","South Korea"
"3453","Ayala Corporation","AYALY","4466819072","7.08","Philippines"
"3454","Koito Manufacturing","7276.T","4466651693","17.3469","Japan"
"3455","Vontier","VNT","4464304128","33.02","United States"
"3456","IGO Limited","IGO.AX","4464302709","5.89528","Australia"
"3457","Hafnia Limited","HAFN","4463047168","8.93","Bermuda"
"3458","Boot Barn Holdings","BOOT","4462774784","147.36","United States"
"3459","Adaro Energy","ADRO.JK","4462415467","0.154942","Indonesia"
"3460","LivaNova","LIVN","4460602880","81.2","United Kingdom"
"3461","LLB (Liechtensteinische Landesbank)","LLBN.SW","4455766047","146.378","Liechtenstein"
"3462","Ollie's Bargain Outlet","OLLI","4454803456","73.69","United States"
"3463","Thermax","THERMAX.NS","4452171150","39.5226","India"
"3464","FAW Car","000800.SZ","4452088271","0.90466","China"
"3465","Trex","TREX","4450489856","43.69","United States"
"3466","International Bancshares Corp","IBOC","4449180672","71.54","United States"
"3467","Estun Automation","002747.SZ","4447978353","4.59186","China"
"3468","Everbright Securities Company","6178.HK","4446349056","0.964336","Hong Kong"
"3469","Qatar International Islamic Bank","QIIK.QA","4445417366","2.93681","Qatar"
"3470","OHB SE","OHB.DE","4444426164","214.676","Germany"
"3471","Westgold Resources Limited","WGX.AX","4443705071","4.70686","Australia"
"3472","Broadstone Net Lease","BNL","4443152384","20.87","United States"
"3473","Tanger Inc.","SKT","4440981504","37.15","United States"
"3474","INFRONEER Holdings","5076.T","4437657136","17.5394","Japan"
"3475","Archer Aviation","ACHR","4435354624","5.76","United States"
"3476","China Power International Development","2380.HK","4433921435","0.358437","Hong Kong"
"3477","Doosan Bobcat","241560.KS","4433220774","46.3175","South Korea"
"3478","Delek US","DK","4433209856","72.4","United States"
"3479","JTEKT Corporation","6473.T","4432367966","13.9237","Japan"
"3480","Cosmo Energy Holdings","5021.T","4432074030","27.9116","Japan"
"3481","Envista","NVST","4431442944","27.59","United States"
"3482","MYR Group","MYRG","4423223808","284.1","United States"
"3483","Strauss Group","STRS.TA","4419427445","37.7133","Israel"
"3484","Permata Bank","BNLI.JK","4419341549","0.122144","Indonesia"
"3485","DiaSorin","DIA.MI","4413542721","89.2662","Italy"
"3486","Indosat","ISAT.JK","4413422467","0.136847","Indonesia"
"3487","GMO Payment Gateway","3769.T","4412376940","58.1011","Japan"
"3488","Bendigo and Adelaide Bank","BEN.AX","4406356801","7.63469","Australia"
"3489","LEG Immobilien","LEG.DE","4405895469","57.3322","Germany"
"3490","Turkcell","TKC","4405119488","5.06","Turkey"
"3491","Robert Half","RHI","4401558528","43","United States"
"3492","Concentra Group","CON","4400636928","34.51","United States"
"3493","Embassy Office Parks REIT","EMBASSY.BO","4400594889","4.6425","India"
"3494","Bicecorp","BICE.SN","4397722862","0.43213","Chile"
"3495","Arcadis","ARCAD.AS","4397547708","51.6107","Netherlands"
"3496","Meritage Homes","MTH","4397296128","67.47","United States"
"3497","Korn Ferry","KFY","4395571200","85.59","United States"
"3498","Li Ning Company","2331.HK","4391896054","1.72203","China"
"3499","Comstock Resources","CRK","4389626880","14.95","United States"
"3500","Franklin Electric","FELE","4388871680","99.27","United States"
"3501","Silgan Holdings","SLGN","4386860544","41.51","United States"
"3502","Ottobock","OBCK.F","4383091255","68.4963","Germany"
"3503","Sumitomo Heavy Industries","6302.T","4382610748","36.9524","Japan"
"3504","CVR Energy","CVI","4381123584","43.58","United States"
"3505","Brink's","BCO","4379602432","106.35","United States"
"3506","Lumine Group","LMN.V","4379517782","17.0661","Canada"
"3507","HUB24 Limited","HUB.AX","4374343155","53.4932","Australia"
"3508","Toyo Seikan Group Holdings","5901.T","4374103418","29.0473","Japan"
"3509","J. Front Retailing","3086.T","4373838076","17.7864","Japan"
"3510","China Oilfield Services","2883.HK","4373173638","0.916502","China"
"3511","Enliven Therapeutics","ELVN","4370600960","59.65","United States"
"3512","Daishi Hokuetsu Financial Group","7327.T","4369914722","16.6507","Japan"
"3513","Mitsubishi Materials","5711.T","4365165907","33.4041","Japan"
"3514","Dubai Investments","DIC.AE","4364786162","1.02652","United Arab Emirates"
"3515","L.D.C. S.A.","LOUP.PA","4362728850","123.968","France"
"3516","NorthWestern Energy","NWE","4361615360","70.9","United States"
"3517","Ondas Holdings","ONDS","4360199168","7.63","United States"
"3518","Kobe Bussan","3038.T","4359396095","19.6536","Japan"
"3519","Mobile TeleSystems","MTSS.ME","4358614725","2.14","Russia"
"3520","RioCan REIT","REI-UN.TO","4356164980","14.9637","Canada"
"3521","Nomura Real Estate Master Fund","3462.T","4355714533","937.446","Japan"
"3522","CECO Environmental","CECO","4354667008","74.35","United States"
"3523","Sime Darby","4197.KL","4354151633","0.638851","Malaysia"
"3524","Telephone and Data Systems","TDS","4353687040","37.82","United States"
"3525","Nishi-Nippon Financial Holdings","7189.T","4352325646","31.2482","Japan"
"3526","Mapletree Industrial Trust","ME8U.SI","4349150510","1.52334","Singapore"
"3527","E-L Financial","ELF.TO","4347660971","12.5785","Canada"
"3528","Thai Oil","TOP.BK","4346776404","1.94588","Thailand"
"3529","Transportadora de Gas del Sur","TGS","4344936960","28.86","Argentina"
"3530","Air Water Inc.","4088.T","4344052540","18.9478","Japan"
"3531","Kilroy Realty","KRC","4340676608","36.96","United States"
"3532","Tohoku Electric Power","9506.T","4338006033","8.66223","Japan"
"3533","CommScope","COMM","4337923584","19.58","United States"
"3534","Bill.com","BILL","4337177088","50.86","United States"
"3535","Iveco Group","IVG.MI","4336382493","16.281","Italy"
"3536","ABC-Mart","2670.T","4333517513","17.5009","Japan"
"3537","Clariant","CLN.SW","4333420556","13.1765","Switzerland"
"3538","Makkah Construction &amp; Development","4100.SR","4330341916","21.6517","Saudi Arabia"
"3539","USA Rare Earth","USAR","4329098752","17.69","United States"
"3540","HeartFlow","HTFL","4322464768","49.71","United States"
"3541","Lazard","LAZ","4319984128","44.33","Bermuda"
"3542","Aumovio SE","AMV0.DE","4316655102","43.1446","Germany"
"3543","Cavco Industries","CVCO","4313293312","560.94","United States"
"3544","Victoria's Secret &amp; Co","VSCO","4312813568","54.3","United States"
"3545","Poonawalla Fincorp","POONAWALLA.NS","4311888730","4.923","India"
"3546","Algonquin Power & Utilities","AQN","4311450624","5.6","Canada"
"3547","Hanmi Pharm","128940.KS","4311343708","340.006","South Korea"
"3548","AMP Limited","AMP.AX","4310478861","1.77182","Australia"
"3549","Sanil Electric","062040.KS","4306549998","140.944","South Korea"
"3550","Ansell","ANN.AX","4304684012","30.582","Australia"
"3551","NHK Spring","5991.T","4304120108","21.2449","Japan"
"3552","Kyushu Financial Group","7180.T","4298863317","10.1926","Japan"
"3553","SiteOne Landscape Supply","SITE","4298746368","98.47","United States"
"3554","Krones","KRN.F","4298627033","136.062","Germany"
"3555","Persol Holdings","2181.T","4296733436","1.92622","Japan"
"3556","Rohto Pharmaceutical","4527.T","4293131772","18.9992","Japan"
"3557","Aya Gold &amp; Silver","AYA.TO","4291824784","29.7969","Canada"
"3558","DMG Mori Aktiengesellschaft","GIL.F","4289663907","54.4249","Germany"
"3559","Aspen Pharmacare","APN.JO","4285285200","9.65105","South Africa"
"3560","Linamar","LNR.TO","4284359000","72.6362","Canada"
"3561","Credit Saison","8253.T","4283042064","29.8109","Japan"
"3562","Workiva","WK","4276591616","78.59","United States"
"3563","Indorama Ventures","IVL.BK","4267674411","0.760109","Thailand"
"3564","ViTrox Corporation","0097.KL","4266056442","2.25331","Malaysia"
"3565","Integer Holdings","ITGR","4266001920","125.5","United States"
"3566","Global Power Synergy","GPSC.BK","4265173223","1.51262","Thailand"
"3567","Lemonade","LMND","4263005696","55.08","United States"
"3568","OPENLANE Corporate","OPLN","4260238336","34.9","United States"
"3569","Brady Corporation","BRC","4256169472","90.34","United States"
"3570","Warba Bank","WARBABANK.KW","4253690737","900.609","Kuwait"
"3571","CCC Intelligent Solutions","CCC","4252541440","7.22","United States"
"3572","Texas Capital Bancshares","TCBI","4252227840","97.81","United States"
"3573","Astral Poly Technik","ASTRAL.NS","4251767643","15.8264","India"
"3574","The Berkeley Group","BKG.L","4246249528","46.5267","United Kingdom"
"3575","The Tel-Aviv Stock Exchange","TASE.TA","4244297193","45.3956","Israel"
"3576","Aris Mining","ARIS","4242150400","20.55","Canada"
"3577","Grupo Elektra","XEKT.MC","4241775619","20.2458","Mexico"
"3578","Aboitiz Power","ABZPY","4239924480","11.768","Philippines"
"3579","Keisei Electric Railway Co., Ltd.","9009.T","4239153057","8.79056","Japan"
"3580","United Community Bank","UCB","4238441728","35.39","United States"
"3581","MIAX (Miami International Holdings)","MIAX","4238151424","42.71","United States"
"3582","FTI Consulting","FCN","4234511360","153.36","United States"
"3583","Page Industries","PAGEIND.NS","4234280855","379.624","India"
"3584","Hamamatsu","6965.T","4232425744","14.6584","Japan"
"3585","Legend Biotech","LEGN","4230123008","21.75","United States"
"3586","Emperador Brandy","EMI.SI","4226812841","0.268361","Philippines"
"3587","Kintetsu GHD","9041.T","4221478618","22.201","Japan"
"3588","Mandarin Oriental","M04.SI","4221123840","3.34","Hong Kong"
"3589","AGL Energy","AGL.AX","4220418265","6.27341","Australia"
"3590","AIA Engineering","AIAENG.NS","4220184458","45.2225","India"
"3591","Takashimaya Company","8233.T","4217103216","14.3921","Japan"
"3592","Eagers Automotive Limited","APE.AX","4215918904","14.9309","Australia"
"3593","Protector Forsikring","PROT.OL","4214150698","51.1955","Norway"
"3594","SL Green Realty","SLG","4213146880","54.91","United States"
"3595","Maruwa","5344.T","4213073472","341.42","Japan"
"3596","Beijing New Building Materials","000786.SZ","4201235212","2.46807","China"
"3597","CyberAgent","4751.T","4200636060","8.28366","Japan"
"3598","Cabot Corporation","CBT","4191921664","81.19","United States"
"3599","UWM Holdings","UWMC","4184347648","1.46","United States"
"3600","Endeavour Group","EDV.AX","4184077105","2.33002","Australia"
"3601","Itron","ITRI","4183824384","95.55","United States"
"3602","Bread Financial","BFH","4179632128","108.79","United States"
"3603","Cathay General Bancorp","CATY","4174950912","62.58","United States"
"3604","Mirion Technologies","MIR","4173954816","16.76","United States"
"3605","Cleanaway Waste Management","CWY.AX","4172808975","1.86186","Australia"
"3606","Kingsoft","3888.HK","4169711702","3.07414","China"
"3607","Relay Therapeutics","RLAY","4165882368","19.01","United States"
"3608","Jumbo S.A.","5JB.F","4159566844","30.9571","Greece"
"3609","Riyadh Cables Group Company","4142.SR","4158708945","27.777","Saudi Arabia"
"3610","ICU Medical","ICUI","4158420224","166.29","United States"
"3611","The Shiga Bank","8366.T","4155112952","18.0752","Japan"
"3612","Skeena Resources","SKE","4154070272","33.11","Canada"
"3613","PUMA","PUM.DE","4153143772","28.2126","Germany"
"3614","GLP J-REIT","3281.T","4152827062","865.581","Japan"
"3615","Covivio Hotels","COVH.PA","4152118760","26.2821","France"
"3616","MDU Resources","MDU","4150194688","19.73","United States"
"3617","Rorze Corporation","6323.T","4145251161","23.9013","Japan"
"3618","Fluidra","FDR.MC","4143004993","21.9328","Spain"
"3619","Diodes Incorporated","DIOD","4142120448","89.945","United States"
"3620","Sezzle","SEZL","4140679936","122.96","United States"
"3621","Cochin Shipyard Limited","COCHINSHIP.NS","4139954450","15.7364","India"
"3622","Fattal Holdings (Leonardo Hotels)","FTAL.TA","4138394298","250.823","Israel"
"3623","OBIC Business Consultants","4733.T","4136312809","55.0212","Japan"
"3624","Parque Arauco","PARAUCO.SN","4135437155","4.21308","Chile"
"3625","EQB (Equitable Bank)","EQB.TO","4134247097","97.1262","Canada"
"3626","Globe Telecom, Inc.","GTMEY","4133570304","28.58","Philippines"
"3627","AZZ","AZZ","4130578688","137.45","United States"
"3628","MSI (Micro-Star International)","2377.TW","4129306934","4.88759","Taiwan"
"3629","Bank AlJazira","1020.SR","4127942857","3.23577","Saudi Arabia"
"3630","JB Financial Group","175330.KS","4127123288","22.2737","South Korea"
"3631","Saudi Tadawul Group Holding Company","1111.SR","4125809171","34.3817","Saudi Arabia"
"3632","Voltas","VOLTAS.NS","4125770996","12.4689","India"
"3633","Kulicke and Soffa Industries","KLIC","4124580864","78.82","Singapore"
"3634","JK Cement","JKCEMENT.NS","4121655009","53.3422","India"
"3635","Seaboard Corporation","SEB","4115415040","4296.76","United States"
"3636","Imeik Technology Development","300896.SZ","4115165310","13.5997","China"
"3637","monday.com","MNDY","4114540288","97.33","Israel"
"3638","Sega Sammy Holdings","6460.T","4113514881","20.2632","Japan"
"3639","Indivior PLC","INDV","4110998784","34.83","United States"
"3640","Rubis","RUI.PA","4107428465","39.7488","France"
"3641","Par Pacific Holdings","PARR","4107167744","81.98","United States"
"3642","Iida Group","3291.T","4106414156","14.8605","Japan"
"3643","Container Corporation of India","CONCOR.NS","4102136067","5.38608","India"
"3644","Endurance Technologies","ENDURANCE.NS","4101444115","29.158","India"
"3645","Pattern Group","PTRN","4099502080","20.59","United States"
"3646","G-bits Network Technology","603444.SS","4090313810","56.7775","China"
"3647","COPT Defense Properties","CDP","4089309184","35.3","United States"
"3648","MODEC, Inc.","6269.T","4086648943","59.7951","Japan"
"3649","Kewpie Corporation","2809.T","4085754520","30.1766","Japan"
"3650","Mattel","MAT","4085510144","14.3","United States"
"3651","Veradermics","MANE","4084008192","97.75","United States"
"3652","SCHOTT Pharma","1SXP.DE","4081080025","27.0962","Germany"
"3653","Citizen Watch","7762.T","4078326638","16.7149","Japan"
"3654","Caliway Biopharmaceuticals","6919.TW","4078091757","2.62038","Taiwan"
"3655","Travel + Leisure","TNL","4069130496","66.4","United States"
"3656","Valeo","FR.PA","4068667940","16.845","France"
"3657","iRhythm","IRTC","4068623616","123.43","United States"
"3658","Espressif Systems (Shanghai)","688018.SS","4065753804","17.3465","China"
"3659","Geo Group","GEO","4064412672","30.88","United States"
"3660","Cohen &amp; Steers","CNS","4061786624","78.99","United States"
"3661","Qatar Electricity &amp; Water Company","QEWS.QA","4061538344","3.69231","Qatar"
"3662","Toyoda Gosei","7282.T","4059982327","34.6233","Japan"
"3663","Macnica Holdings","3132.T","4057079550","22.7207","Japan"
"3664","Cinemark Theatres","CNK","4055756032","34.99","United States"
"3665","WSFS Financial","WSFS","4048346624","78.78","United States"
"3666","Americold","COLD","4047409408","14.11","United States"
"3667","GPGI, Inc.","GPGI","4046865408","13.96","United States"
"3668","Narayana Hrudayalaya","NH.NS","4046303348","19.9227","India"
"3669","Telix Pharmaceuticals","TLX.AX","4042953690","11.8986","Australia"
"3670","Bank Handlowy w Warszawie","BHW.WA","4042752591","31.0044","Poland"
"3671","Valvoline","VVV","4041618432","31.69","United States"
"3672","Tauron Polska","TPE.WA","4040353539","2.30542","Poland"
"3673","Toei Animation","4816.T","4037779841","19.7627","Japan"
"3674","NLC India","NLCINDIA.NS","4034786077","2.90976","India"
"3675","Banco del Bajío","BBAJIOO.MX","4032557926","3.3889","Mexico"
"3676","Merdeka Copper Gold","MDKA.JK","4031743649","0.165121","Indonesia"
"3677","Global Health Limited (Medanta)","MEDANTA.NS","4031280534","15.0019","India"
"3678","Energix Renewable Energies","ENRG.TA","4027280305","6.95068","Israel"
"3679","Axiata Group","6888.KL","4026993192","0.438282","Malaysia"
"3680","Kontoor Brands","KTB","4026332160","73.67","United States"
"3681","Allreal Holding","ALLN.SW","4025367753","243.715","Switzerland"
"3682","Offshore Oil Engineering Co.,Ltd","600583.SS","4021567805","0.909578","China"
"3683","NIKKON Holdings","9072.T","4019839640","32.4096","Japan"
"3684","Indian Railway Catering & Tourism","IRCTC.NS","4018841006","5.02355","India"
"3685","NGEx Minerals","NGEX.TO","4016951166","18.5234","Canada"
"3686","TUI","TUI1.F","4013892156","7.91022","Germany"
"3687","Scorpio Tankers","STNG","4012017152","80.11","Monaco"
"3688","Nikon","NINOY","4002413568","12.15","Japan"
"3689","NuScale Power","SMR","4001297920","9.75","United States"
"3690","United Bank (Pakistan)","UBL.PK","4000820386","1.59761","Pakistan"
"3691","COMSYS Holdings Corporation","1721.T","3999978131","34.8478","Japan"
"3692","Tri Pointe Homes","TPH","3998444288","46.95","United States"
"3693","Nine Dragons Paper","2689.HK","3998172806","0.852085","China"
"3694","Aperam","APAM.AS","3997769426","55.1692","Luxembourg"
"3695","Q2","QTWO","3995688960","64.08","United States"
"3696","USA Compression Partners","USAC","3994638592","27.56","United States"
"3697","Primoris Services Corporation","PRIM","3992620544","73.59","United States"
"3698","China Gas","0384.HK","3992509163","0.732819","China"
"3699","OFILM Group","002456.SZ","3985834281","1.14014","China"
"3700","WaterBridge Infrastructure","WBI","3980228352","32.24","United States"
"3701","Chugin Financial Group","5832.T","3976240364","22.3678","Japan"
"3702","PLDT","PHI","3975426304","18.4","Philippines"
"3703","Grand Canyon Education","LOPE","3973614592","152.45","United States"
"3704","Sabancı Holding","SAHOL.IS","3971982509","1.92084","Turkey"
"3705","Yamato Holdings","9064.T","3971436462","12.541","Japan"
"3706","Viking Therapeutics","VKTX","3963866624","33.98","United States"
"3707","WesBanco","WSBC","3961872384","41.31","United States"
"3708","CVB Financial","CVBF","3956422400","22.48","United States"
"3709","Corporación América Airports","CAAP","3955222016","24.21","Luxembourg"
"3710","Coca-Cola Bottlers Japan","2579.T","3952772564","24.4339","Japan"
"3711","Mainfreight","MFT.NZ","3952586953","39.2517","New Zealand"
"3712","Sumitomo Bakelite Company","4203.T","3950793225","45.0308","Japan"
"3713","Bucher Industries","BUCN.SW","3949675766","402.477","Switzerland"
"3714","Patanjali Foods","PATANJALI.NS","3948493598","3.62953","India"
"3715","Thor Industries","THO","3944907520","75.78","United States"
"3716","Badger Meter","BMI","3942791168","136.02","United States"
"3717","Odakyu Electric Railway","9007.T","3941217381","11.5047","Japan"
"3718","China Airlines","2610.TW","3941033005","0.647999","Taiwan"
"3719","Sacyr","SCYR.MC","3940979938","4.95639","Spain"
"3720","Iovance Biotherapeutics","IOVA","3940851200","8.7","United States"
"3721","Inchcape","INCH.L","3939642636","11.4153","United Kingdom"
"3722","Gibson Energy","GEI.TO","3936662335","22.808","Canada"
"3723","Avient","AVNT","3935685888","42.91","United States"
"3724","L&amp;T Technology Services","LTTS.NS","3931185088","37.0595","India"
"3725","Independent Bank Corp.","INDB","3925950976","82.88","United States"
"3726","Sixt","SIX2.F","3922410040","83.5562","Germany"
"3727","Genworth Financial","GNW","3922093824","10.38","United States"
"3728","Adaptive Biotechnologies","ADPT","3921269760","24.57","United States"
"3729","Sopra Steria Group","SOP.PA","3920393656","204.791","France"
"3730","3M India","3MINDIA.NS","3913412154","347.393","India"
"3731","Asmodee Group AB","ASMDEE-B.ST","3907765707","16.5079","Sweden"
"3732","Planet Fitness","PLNT","3906235136","51.5","United States"
"3733","Atmus Filtration Technologies","ATMU","3904345856","47.85","United States"
"3734","Asia Cement","1102.TW","3902975451","1.1005","Taiwan"
"3735","Fuji Corporation","6134.T","3902383740","44.3891","Japan"
"3736","Pulse Biosciences","PLSE","3902059776","54.71","United States"
"3737","Wonik IPS","240810.KQ","3900751716","80.1705","South Korea"
"3738","Thai Life Insurance","TLI.BK","3899057568","0.340529","Thailand"
"3739","Independence Realty Trust","IRT","3898398208","16.13","United States"
"3740","Trina Solar","688599.SS","3896307652","1.66326","China"
"3741","TOTVS","TOTS3.SA","3894500778","6.83","Brazil"
"3742","Secure Energy Services","SES.TO","3891731770","17.8491","Canada"
"3743","PI Industries","PIIND.NS","3885829111","25.6142","India"
"3744","Sportradar","SRAD","3879926016","13.11","Switzerland"
"3745","Sterlite Technologies","STLTECH.NS","3879832541","7.54962","India"
"3746","Northland Power","NPI.TO","3871323633","14.8042","Canada"
"3747","Asbury Automotive Group","ABG","3867022336","215.41","United States"
"3748","China Everbright Environment Group","0257.HK","3866985800","0.629497","Hong Kong"
"3749","Fielmann","FIE.F","3861562480","45.9937","Germany"
"3750","Sheng Siong Group","OV8.SI","3856896633","2.56522","Singapore"
"3751","IDEAYA Biosciences","IDYA","3856685056","39.97","United States"
"3752","Catalyst Pharmaceuticals","CPRX","3854925568","31.49","United States"
"3753","Johnson Matthey","JMAT.L","3851894007","30.5399","United Kingdom"
"3754","Wendel","MF.PA","3847826483","99.6628","France"
"3755","Dorman Products","DORM","3847740672","129.66","United States"
"3756","Huhtamäki","HUH1V.HE","3843429023","36.6089","Finland"
"3757","Jet2","JET2.L","3841175980","20.396","United Kingdom"
"3758","Siegfried Holding","SFZN.SW","3838324485","87.6161","Switzerland"
"3759","MediPal Holdings Corporation","7459.T","3837877988","18.7489","Japan"
"3760","Tango Therapeutics","TNGX","3837572096","22.76","United States"
"3761","Hudco","HUDCO.NS","3836825039","1.91659","India"
"3762","NOF Corporation","4403.T","3836443630","17.071","Japan"
"3763","Jiangsu Yuyue Medical Equipment &amp; Supply Co., Ltd.","002223.SZ","3833786529","3.82431","China"
"3764","KDX Realty Investment","8972.T","3833180896","948.996","Japan"
"3765","Athens International Airport","AIA.AT","3832593903","12.0479","Greece"
"3766","Fuji Media Holdings","4676.T","3830079638","26.8786","Japan"
"3767","Inmobiliaria Colonial","COL.MC","3829795140","6.11699","Spain"
"3768","Harvey Norman","HVN.AX","3827584372","3.07188","Australia"
"3769","Masan Group","MSN.VN","3827374566","2.64702","Vietnam"
"3770","Taylor Wimpey","TW.L","3826902705","1.11475","United Kingdom"
"3771","Bath &amp; Body Works","BBWI","3825211392","18.97","United States"
"3772","F.I.B.I. Holdings","FIBIH.TA","3820098844","107.752","Israel"
"3773","Synaptics","SYNA","3819970304","97.68","United States"
"3774","Post Holdings","POST","3818881024","84.26","United States"
"3775","Zuger Kantonalbank","ZUGER.SW","3810803296","13250.8","Switzerland"
"3776","Paladin Energy","PDN.AX","3809384107","8.47738","Australia"
"3777","KLCC Property Holdings","5235SS.KL","3808701282","2.10969","Malaysia"
"3778","Exide Industries","EXIDEIND.NS","3805768709","4.47738","India"
"3779","PennyMac Financial Services","PFSI","3804413696","73.23","United States"
"3780","BB Biotech","BION.SW","3804102913","68.9783","Switzerland"
"3781","Groupe SEB","SK.PA","3803336845","69.3104","France"
"3782","Energy Fuels","UUUU","3799500800","14.35","United States"
"3783","Tenable","TENB","3798728192","34.49","United States"
"3784","Universal Display Corporation","OLED","3798699264","82.64","United States"
"3785","Santen Pharmaceutical","4536.T","3796904794","11.8031","Japan"
"3786","Howard Hughes Holdings","HHH","3792882944","63.51","United States"
"3787","Arcus Biosciences","RCUS","3789545216","30.13","United States"
"3788","Wynn Macau","1128.HK","3789419752","0.723252","Macau"
"3789","Sohar International Bank","BKSB.OM","3788158738","0.493507","Oman"
"3790","ALSOK","2331.T","3786225953","7.78959","Japan"
"3791","Amylyx Pharmaceuticals","AMLX","3783926528","33.96","United States"
"3792","Shikun &amp; Binui","SKBN.TA","3781991973","6.48841","Israel"
"3793","Cranswick","CWK.L","3777835922","70.6016","United Kingdom"
"3794","Daeduck Electronics","353200.KS","3776449761","73.3114","South Korea"
"3795","Peyto Exploration &amp; Development","PEY.TO","3774081350","18.3494","Canada"
"3796","Venture Corporation","V03.SI","3772287618","13.126","Singapore"
"3797","Huber+Suhner","HUBN.SW","3771503572","204.334","Switzerland"
"3798","Sunrise Communications AG","SUNN.SW","3770744607","51.3932","Switzerland"
"3799","WisdomTree","WT","3768106240","24.87","United States"
"3800","Renasant Corp","RNST","3765863936","41.2","United States"
"3801","Athabasca Oil Corporation","ATH.TO","3765008304","7.82258","Canada"
"3802","St. Joe Company","JOE","3761394944","66.07","United States"
"3803","AntarChile","ANTARCHILE.SN","3755405278","8.27537","Chile"
"3804","BancFirst","BANF","3754659584","111.75","United States"
"3805","AbCellera","ABCL","3749227776","11.57","Canada"
"3806","Otter Tail","OTTR","3748052480","89.27","United States"
"3807","Fortuna Mining","FSM","3746820352","12.66","Canada"
"3808","Minor International","MINT.BK","3745156062","0.665856","Thailand"
"3809","Braze","BRZE","3745003008","33.25","United States"
"3810","Taihan Cable & Solution Co., Ltd.","001440.KS","3741258515","20.1348","South Korea"
"3811","Yamaha","7951.T","3738513252","8.49861","Japan"
"3812","SkyWest","SKYW","3736837888","96.24","United States"
"3813","Brembo","BRE.MI","3736411555","11.7456","Italy"
"3814","TransAlta","TAC","3735503104","11.81","Canada"
"3815","Mueller Water Products","MWA","3731403776","23.9","United States"
"3816","Organo Corporation","6368.T","3730834326","81.1362","Japan"
"3817","M/I Homes","MHO","3728741376","147.48","United States"
"3818","Internet Initiative Japan Inc.","3774.T","3722986776","20.9947","Japan"
"3819","SMG Swiss Marketplace Group Holding AG","SMG.SW","3722375983","38.0186","Switzerland"
"3820","Loomis AB","LOOMIS.ST","3716401531","55.5331","Sweden"
"3821","New Hope Corporation","NHC.AX","3716271940","4.40435","Australia"
"3822","ERG","ERG.MI","3715429023","25.5611","Italy"
"3823","Bank für Tirol und Vorarlberg","BTS.VI","3709410537","100.012","Austria"
"3824","VietJet Aviation","VJC.VN","3705761150","4.81835","Vietnam"
"3825","Mandatum","MANTA.HE","3704303338","7.36132","Finland"
"3826","Société Foncière Lyonnaise","FLY.PA","3702190127","86.0641","France"
"3827","Tobu Railway","9001.T","3693602827","18.8901","Japan"
"3828","C&amp;D International Investment Group","1908.HK","3692328766","1.66973","Hong Kong"
"3829","Nisshin Seifun Group","2002.T","3690538153","13.1987","Japan"
"3830","Alm. Brand","ALMB.CO","3689666378","2.70827","Denmark"
"3831","ORION","271560.KS","3687985198","93.2987","South Korea"
"3832","AXT Inc","AXTI","3685214464","56.2","United States"
"3833","CRISIL","CRISIL.NS","3684328886","50.3805","India"
"3834","Ero Copper","ERO","3683969024","35.32","Canada"
"3835","Gentera, S.A.B. de C.V.","GENTERA.MX","3681821730","2.33138","Mexico"
"3836","Delhivery","DELHIVERY.NS","3681646402","4.91506","India"
"3837","Amplifon","AMP.MI","3681523833","13.8795","Italy"
"3838","Madison Square Garden Entertainment","MSGE","3680347136","77.8","United States"
"3839","Apple Hospitality REIT","APLE","3678168576","15.58","United States"
"3840","Singapore Land","U06.SI","3676034690","2.56522","Singapore"
"3841","Unilever Indonesia","UNVR.JK","3672693296","0.0966976","Indonesia"
"3842","Haitian International Holdings","1882.HK","3672620698","2.30114","Hong Kong"
"3843","Türk Telekom","TTKOM.IS","3672317779","1.04923","Turkey"
"3844","Salzgitter","SZG.F","3664150427","66.6357","Germany"
"3845","Option Care Health","OPCH","3663747072","24.46","United States"
"3846","Mesaieed Petrochemical Holding Company","MPHC.QA","3661958365","0.291484","Qatar"
"3847","LEENO Industrial","058470.KQ","3660829612","48.2351","South Korea"
"3848","Eurazeo","RF.PA","3659821142","57.5416","France"
"3849","Canadian Apartment Properties REIT","CAR-UN.TO","3658945014","23.7795","Canada"
"3850","Bridgepoint Group plc","BPT.L","3656679804","4.10084","United Kingdom"
"3851","Wilh. Wilhelmsen Holding","WWI.OL","3655795496","88.1234","Norway"
"3852","Meezan Bank","MEBL.PK","3654318572","2.0222","Pakistan"
"3853","Cofinimmo","COFB.BR","3653858350","95.9356","Belgium"
"3854","JOYY","JOYY","3652933376","74.59","China"
"3855","Tarsus Pharmaceuticals","TARS","3651284736","83.205","United States"
"3856","Interparfums","IPAR","3651259136","114.01","United States"
"3857","NovaGold Resources","NG","3650654464","8.32","Canada"
"3858","Newmark","NMRK","3650236416","14.915","United States"
"3859","Höegh Autoliners","HAUTO.OL","3644994431","18.2918","Norway"
"3860","Denali Therapeutics","DNLI","3644520704","22.8","United States"
"3861","NH Foods (Nipponham)","2282.T","3640758227","39.211","Japan"
"3862","Shaftesbury Capital","SHC.L","3639913216","1.98821","United Kingdom"
"3863","Vend Marketplaces","VENDA.OL","3638040042","35.6446","Norway"
"3864","Digital China Group Co., Ltd.","000034.SZ","3633756358","3.57393","China"
"3865","Bestechnic","688608.SS","3629355555","15.3211","China"
"3866","Samsung Card","029780.KS","3628223342","34.0006","South Korea"
"3867","JGC Holdings","1963.T","3625338140","14.976","Japan"
"3868","SAL Saudi Logistics Services","4263.SR","3624064713","45.3008","Saudi Arabia"
"3869","Organon","OGN","3616132096","13.77","United States"
"3870","Vanke","2202.HK","3614402471","0.30295","China"
"3871","Ethos Technologies","LIFE","3614067968","37.71","United States"
"3872","Toyo Tire","5105.T","3613896915","23.465","Japan"
"3873","The Hyakugo Bank","8368.T","3611961729","14.9632","Japan"
"3874","First Advantage","FA","3610262784","21.02","United States"
"3875","Iren","IRE.MI","3607950999","2.81195","Italy"
"3876","Palomar Holdings","PLMR","3607706880","136.12","United States"
"3877","Manchester United","MANU","3607326720","20.92","United Kingdom"
"3878","Inter Cars","CAR.WA","3602994255","257.024","Poland"
"3879","GRAIL","GRAL","3600991744","80.62","United States"
"3880","Takasago Thermal Engineering","1969.T","3600535222","27.5138","Japan"
"3881","Indofood","INDF.JK","3599756190","0.409975","Indonesia"
"3882","Wesdome Gold Mines","WDO.TO","3599632986","25.0772","Canada"
"3883","Koei Tecmo","3635.T","3597605952","10.7636","Japan"
"3884","Atlanta Braves Holdings","BATRA","3595327232","56.03","United States"
"3885","United Breweries","UBL.NS","3594062973","13.593","India"
"3886","Tiantan Bio","600161.SS","3592434356","1.81677","China"
"3887","Netwealth","NWL.AX","3592400315","14.6392","Australia"
"3888","Veracyte","VCYT","3591053568","44.67","United States"
"3889","Granite REIT","GRP-UN","3590449408","59.19","Canada"
"3890","Constellium","CSTM","3588774144","26.48","France"
"3891","Sumitomo Rubber Industries","5110.T","3587282021","13.6478","Japan"
"3892","National Bank of Fujairah","NBF.AE","3583125246","1.39","United Arab Emirates"
"3893","Stadler Rail","SRAIL.SW","3581281782","35.8142","Switzerland"
"3894","Karur Vysya Bank","KARURVYSYA.NS","3581196482","3.70468","India"
"3895","Nicolet Bankshares","NIC","3581009920","170.87","United States"
"3896","Topaz Energy","TPZ.TO","3580116824","23.1198","Canada"
"3897","LXP Industrial Trust","LXP","3579885056","60.72","United States"
"3898","Adtalem Global Education","ATGE","3579815168","98.54","United States"
"3899","Brederode","BREB.BR","3578423622","122.107","Luxembourg"
"3900","Life360","LIF","3575358720","43.88","United States"
"3901","China Resources Pharmaceutical Group","3320.HK","3574166049","0.568907","Hong Kong"
"3902","Ayala Land","AYAAF","3573130240","0.25","Philippines"
"3903","Sino-American Silicon Products","5483.TWO","3573129975","5.8178","Taiwan"
"3904","First Interstate BancSystem","FIBK","3572016640","37.48","United States"
"3905","Stride (K12 Education)","LRN","3565834752","85.8","United States"
"3906","ITV plc","ITV.L","3562069284","0.964348","United Kingdom"
"3907","Kuraray Co., Ltd.","3405.T","3561067453","11.8191","Japan"
"3908","Hamilton Insurance Group","HG","3560965376","36.11","Bermuda"
"3909","Star Bulk Carriers","SBLK","3558967040","31.87","Greece"
"3910","Plus500","PLUS.L","3558404622","49.9892","Israel"
"3911","Seek Limited","SEK.AX","3558044243","9.9395","Australia"
"3912","Mitie Group PLC","MTO.L","3557945501","2.85111","United Kingdom"
"3913","Meitav Investment House","MTAV.TA","3556291058","41.7373","Israel"
"3914","American States Water","AWR","3553333760","89.65","United States"
"3915","CIE Automotive","CIE.MC","3551461603","29.9453","Spain"
"3916","Cal-Maine Foods","CALM","3551056640","76.03","United States"
"3917","Kyushu Railway Company","9142.T","3546542631","23.0544","Japan"
"3918","Yadea Group","1585.HK","3545583983","1.16779","China"
"3919","Orla Mining","ORLA","3542952192","9.44","Canada"
"3920","Laboratorios Farmaceuticos Rovi","ROVI.MC","3541767303","69.2522","Spain"
"3921","Vidrala","VID.MC","3539505608","103.152","Spain"
"3922","Nitto Boseki","3110.T","3538922576","19.4419","Japan"
"3923","Park National Corp","PRK","3534072320","195.64","United States"
"3924","Magnite","MGNI","3532536832","24.63","United States"
"3925","TechCreate Group","TCGL","3531553280","172.84","Singapore"
"3926","National Health Investors","NHI","3531531264","71.91","United States"
"3927","Pandox AB","PNDX-B.ST","3530870434","18.144","Sweden"
"3928","Dowa Holdings","5714.T","3530322734","59.686","Japan"
"3929","Nordic Semiconductor","NOD.OL","3528643730","17.8399","Norway"
"3930","Knife River Corporation","KNF","3526711296","62.13","United States"
"3931","WillScot","WSC","3525975808","19.46","United States"
"3932","Firefly Aerospace","FLY","3525541632","21.06","United States"
"3933","Hualan Biological Engineering","002007.SZ","3523659381","1.93004","China"
"3934","Drax Group","DRX.L","3520473437","10.455","United Kingdom"
"3935","Dalmia Bharat","DALBHARAT.NS","3519505236","18.7478","India"
"3936","Bilfinger","GBF.F","3516125624","95.1855","Germany"
"3937","Kadant","KAI","3513920768","297.56","United States"
"3938","Seabridge Gold","SA","3513365504","32.57","Canada"
"3939","Carel Industries","CRL.MI","3512539719","31.2246","Italy"
"3940","Air France-KLM","AF.PA","3509780551","13.3736","France"
"3941","K+S","SDF.F","3507435795","19.5837","Germany"
"3942","Mechanics Bancorp","MCHB","3507396096","15.84","United States"
"3943","DOF Group","DOFG.OL","3503207075","14.2246","Norway"
"3944","PPB Group Berhad","4065.KL","3501524850","2.46379","Malaysia"
"3945","COSMOS Pharmaceutical","3349.T","3499850717","44.1581","Japan"
"3946","TORM","TRMD","3499682816","34.18","United Kingdom"
"3947","First Capital REIT","FCR-UN.TO","3498045158","16.4571","Canada"
"3948","Sims Limited","SGM.AX","3497511415","18.1","Australia"
"3949","Kinaxis","KXS.TO","3491569713","128.424","Canada"
"3950","Shift4 Payments","FOUR","3489247488","44.19","United States"
"3951","Mouwasat Medical Services Company","4002.SR","3488774756","17.4439","Saudi Arabia"
"3952","Freshworks","FRSH","3485901312","13.36","United States"
"3953","Freddie Mac","FMCC","3484319488","5.36","United States"
"3954","Azelis Group","AZE.BR","3484128154","14.3156","Belgium"
"3955","Star Health and Allied Insurance Company","STARHEALTH.NS","3483709989","5.92061","India"
"3956","Highwoods Properties","HIW","3483150336","31.01","United States"
"3957","HNI Corporation","HNI","3481328128","48.23","United States"
"3958","HEXPOL AB","HPOL-B.ST","3480546406","10.105","Sweden"
"3959","National Energy Services Reunited","NESR","3479385344","34.5","United States"
"3960","Viva Energy","VEA.AX","3478113016","2.11755","Australia"
"3961","Polaris","PII","3476236288","61.09","United States"
"3962","Growthpoint Properties","GRT.JO","3471908500","1.02485","South Africa"
"3963","National Healthcare","NHC","3471191552","221.64","United States"
"3964","NSK Ltd.","6471.T","3470951825","7.0934","Japan"
"3965","Kenon Holdings","KEN","3470940416","66.61","Singapore"
"3966","Giant Biogene","2367.HK","3469678626","3.26803","China"
"3967","CorVel Corporation","CRVL","3469478144","68.68","United States"
"3968","Escorts Kubota","ESCORTS.NS","3468468664","31.5237","India"
"3969","Bel Fuse","BELFB","3463879680","239.89","United States"
"3970","Baytex Energy","BTE","3461039872","4.95","Canada"
"3971","The Japan Steel Works","5631.T","3458335276","46.9814","Japan"
"3972","TowneBank","TOWN","3458078208","37.41","United States"
"3973","Bright Horizons","BFAM","3457483520","71.09","United States"
"3974","QL Resources","7084.KL","3453186267","0.948372","Malaysia"
"3975","ScottsMiracle-Gro","SMG","3451879936","59.29","United States"
"3976","First Financial Bank","FFBC","3446130688","32.83","United States"
"3977","Worley","WOR.AX","3445654635","7.06569","Australia"
"3978","AllianceBernstein","AB","3445644544","37.02","United States"
"3979","Kadokawa","9468.T","3443837787","23.4329","Japan"
"3980","Harmonic Drive Systems","6324.T","3438033283","36.3172","Japan"
"3981","Unite Group (Unite Students)","UTG.L","3434753114","6.68416","United Kingdom"
"3982","Suntec REIT","T82U.SI","3432749120","1.16027","Singapore"
"3983","Versigent","VGNT","3429843456","48.42","Switzerland"
"3984","Amot Investment","AMOT.TA","3428435885","6.9426","Israel"
"3985","Kerry Properties","0683.HK","3424845457","2.36747","Hong Kong"
"3986","Japan Airport Terminal","9706.T","3422385700","36.869","Japan"
"3987","Turk Altin Isletmeleri A.S.","TRALT.IS","3419701268","1.06782","Turkey"
"3988","El Al Israel Airlines","ELAL.TA","3418374073","5.77671","Israel"
"3989","Tata Investment Corporation","TATAINVEST.NS","3416487984","6.75258","India"
"3990","The a2 Milk Company","A2M.AX","3416366936","4.69245","New Zealand"
"3991","Hexaware Technologies","HEXT.NS","3415093328","5.60042","India"
"3992","NMI Holdings","NMIH","3414138112","45.39","United States"
"3993","Nichirei Corporation","2871.T","3413144160","13.619","Japan"
"3994","Marriott Vacations Worldwide","VAC","3412359680","99.21","United States"
"3995","Trigano","TRI.PA","3408909585","178.742","France"
"3996","Axcelis Technologies","ACLS","3408389888","110.37","United States"
"3997","New India Assurance","NIACL.NS","3407291440","2.06753","India"
"3998","FS KKR Capital","FSK","3407275776","12.33","United States"
"3999","Sharjah Islamic Bank","SIB.AE","3406470989","0.79","United Arab Emirates"
"4000","Qatar Fuel Company (WOQOD)","QFLS.QA","3406145449","3.42582","Qatar"
"4001","Quilter","QLT.L","3403489923","2.51975","United Kingdom"
"4002","Dr Lal PathLabs","LALPATHLAB.NS","3402652760","20.3779","India"
"4003","SmartCentres REIT","SRU-UN.TO","3401967675","19.9516","Canada"
"4004","Centrus Energy","LEU","3401164288","170.46","United States"
"4005","Wix.com","WIX","3398180352","81.2","Israel"
"4006","Endeavour Silver","EXK","3396777216","11.47","Canada"
"4007","Ermenegildo Zegna","ZGN","3394147328","12.65","Italy"
"4008","Daiwa House REIT Investment Corporation","8984.T","3393617797","747.518","Japan"
"4009","Ionic Digital","IOND","3392711680","75.4","United States"
"4010","Dana Incorporated","DAN","3390817024","31.52","United States"
"4011","Group 1 Automotive","GPI","3389846016","284.33","United States"
"4012","Curbline Properties","CURB","3383268352","29.41","United States"
"4013","Hangzhou EZVIZ Network","688475.SS","3382528476","4.29527","China"
"4014","Keppel REIT","K71U.SI","3380369696","0.678796","Singapore"
"4015","Alliance Resource Partners","ARLP","3379866624","26.27","United States"
"4016","Serco Group","SRP.L","3378697367","3.47598","United Kingdom"
"4017","Apex Investment","APEX.AE","3376348280","0.95","United Arab Emirates"
"4018","Structure Therapeutics","GPCR","3375808512","47.34","United States"
"4019","Freenet","FNTN.F","3375186296","28.608","Germany"
"4020","NCR Atleos Corporation","NATL","3371178240","45.62","United States"
"4021","Sprott Inc","SII","3369951744","130.96","Canada"
"4022","Peabody Energy","BTU","3369315840","27.64","United States"
"4023","dormakaba","DOKA.SW","3368155046","80.9907","Switzerland"
"4024","Tikehau Capital","TKO.PA","3367937676","19.5372","France"
"4025","Golub Capital","GBDC","3367681024","12.97","United States"
"4026","Fastly","FSLY","3364416256","21.12","United States"
"4027","L&F Co., Ltd.","066970.KS","3362617753","89.4635","South Korea"
"4028","Jubilant FoodWorks","JUBLFOOD.NS","3361640993","5.11141","India"
"4029","Tomra","TOM.OL","3359877181","11.3624","Norway"
"4030","Nabtesco Corporation","6268.T","3356529061","28.6431","Japan"
"4031","Golden Agri-Resources","E5H.SI","3353218683","0.264415","Singapore"
"4032","QuantumScape","QS","3352540672","5.45","United States"
"4033","Ashland","ASH","3352074496","73.2","United States"
"4034","Shihlin Electric & Engineering Corp.","1503.TW","3351253165","6.43269","Taiwan"
"4035","Cembra Money Bank","CMBN.SW","3349977937","112.136","Switzerland"
"4036","Standex International","SXI","3349456384","276.37","United States"
"4037","Array Digital Infrastructure","AD","3349329664","38.73","United States"
"4038","Marui Group","8252.T","3348905012","18.7393","Japan"
"4039","Freshpet","FRPT","3348686592","69.68","United States"
"4040","Allied Gold Corporation","AAUC.TO","3341908438","23.9825","Canada"
"4041","PVH Corp.","PVH","3340992256","72.46","United States"
"4042","Community Financial System","CBU","3340583936","63.49","United States"
"4043","Mitsubishi Logistics","9301.T","3340029946","9.83003","Japan"
"4044","Vicat S.A.","VCT.PA","3334708882","74.8924","France"
"4045","Assured Guaranty","AGO","3334503424","75.82","Bermuda"
"4046","Mainova","MNV6.F","3331782700","444.238","Germany"
"4047","Tate &amp; Lyle","TATE.L","3331086545","7.52678","United Kingdom"
"4048","Exponent","EXPO","3330603264","70.05","United States"
"4049","Seacoast Banking","SBCF","3328768000","34.38","United States"
"4050","CoreCivic","CXW","3328754688","33.66","United States"
"4051","GÜBRETAŞ","GUBRF.IS","3326803774","9.96049","Turkey"
"4052","Liberty Energy","LBRT","3325841152","20.38","United States"
"4053","ZIM Integrated Shipping Services","ZIM","3325137664","27.59","Israel"
"4054","United States Lime &amp; Minerals","USLM","3322973184","115.83","United States"
"4055","Simmons First National","SFNC","3320926976","22.98","United States"
"4056","Mivne Real Estate (K.D)","MVNE.TA","3319784150","4.58612","Israel"
"4057","QinetiQ","QQ.L","3318869968","6.49751","United Kingdom"
"4058","Hercules Capital","HTGC","3316546048","17.72","United States"
"4059","SYNLAB","SYAB.VI","3307393271","15.049","Germany"
"4060","Port of Tauranga","POT.NZ","3305606674","4.8594","New Zealand"
"4061","Lionsgate Studios","LION","3302912512","11.1","United States"
"4062","Honeywell Automation India","HONAUT.NS","3302483437","373.273","India"
"4063","Van Lanschot Kempen","VLK.AS","3302130284","78.2068","Netherlands"
"4064","Sinch","SINCH.ST","3301863491","4.6996","Sweden"
"4065","Paramount Resources","POU.TO","3299129301","22.6123","Canada"
"4066","RXO","RXO","3298522624","20","United States"
"4067","Intapp","INTA","3298395904","43.11","United States"
"4068","Carl Zeiss Meditec","AFXA.F","3298254708","37.6788","Germany"
"4069","CASIO","6952.T","3296277815","15.0306","Japan"
"4070","Primary Health Properties","PHP.L","3295695416","1.27002","United Kingdom"
"4071","OSI Systems","OSIS","3293929472","206.62","United States"
"4072","Doosan Robotics","454910.KS","3289141023","50.7427","South Korea"
"4073","Ventia Services Group","VNT.AX","3283902973","4.01541","Australia"
"4074","United Urban Investment Corporation","8960.T","3281124751","1025.35","Japan"
"4075","NH Hotel Group","NHH.MC","3280482487","7.53012","Spain"
"4076","Shufersal","SAE.TA","3277703401","12.2851","Israel"
"4077","Zealand Pharma","ZEAL.CO","3276971025","48.3009","Denmark"
"4078","Acadian Asset Management","AAMI","3273609216","92.24","United States"
"4079","BankUnited","BKU","3269560320","45.9","United States"
"4080","Lion Corp","4912.T","3266808502","11.8063","Japan"
"4081","Ebro Foods","EBRO.MC","3260178318","21.1885","Spain"
"4082","Breville Group","BRG.AX","3258971921","22.5007","Australia"
"4083","Atlanta Braves Holdings, Inc.","BATRK","3258445568","50.78","United States"
"4084","Grupa Kety","KTY.WA","3255982660","330.229","Poland"
"4085","İsdemir","ISDMR.IS","3255412519","1.12256","Turkey"
"4086","DHT Holdings","DHT","3255346176","20.19","Bermuda"
"4087","Hilton Grand Vacations","HGV","3253532672","41.86","United States"
"4088","IPG Photonics","IPGP","3252190976","76.46","United States"
"4089","LG Display","LPL","3249999872","3.25","South Korea"
"4090","ROBOTIS","108490.KQ","3249121653","221.999","South Korea"
"4091","TechnoPro Holdings","6028.T","3246446499","31.1589","Japan"
"4092","Comet Holding","COTN.SW","3244918391","417.585","Switzerland"
"4093","Tegna","TGNA","3243011584","20.03","United States"
"4094","LIXIL Corporation","5938.T","3241324569","11.2705","Japan"
"4095","Milaha - Qatar Navigation","QNNS.QA","3239942940","2.85165","Qatar"
"4096","Aluminium Bahrain (Alba)","ALBH.BH","3239257260","0","Bahrain"
"4097","Bitdeer Technologies Group","BTDR","3236926464","11.91","Singapore"
"4098","Blue Star","BLUESTARCO.NS","3233119675","15.7259","India"
"4099","Gujarat Gas","GUJGASLTD.NS","3232024347","3.44481","India"
"4100","CleanSpark","CLSK","3230758656","12.58","United States"
"4101","AJ Bell","AJB.L","3229279660","8.21657","United Kingdom"
"4102","Vesta Real Estate","VTMX","3227169792","34.78","Mexico"
"4103","LIC Housing Finance","LICHSGFIN.NS","3225561271","5.86398","India"
"4104","BioArctic AB","BIOA-B.ST","3222222854","36.3089","Sweden"
"4105","Agilysys","AGYS","3219690752","114.15","United States"
"4106","Old Mutual","OMU.JO","3217809300","0.806754","South Africa"
"4107","Momentum Metropolitan","MTM.JO","3216747800","2.49713","South Africa"
"4108","Gulfport Energy","GPOR","3215987968","181.86","United States"
"4109","Aldrees Petroleum and Transport Services","4200.SR","3214466347","32.1447","Saudi Arabia"
"4110","Hebei Changshan Biochemical Pharmaceutical Co., Ltd.","300255.SZ","3212062857","3.49494","China"
"4111","Commercial Bank of Kuwait","CBK.KW","3209092882","1626.28","Kuwait"
"4112","KB Home","KBH","3207111936","52.31","United States"
"4113","Asyad Shipping Company","ASCO.OM","3206421883","0.615584","Oman"
"4114","Astronics Corporation","ATRO","3205465600","74.53","United States"
"4115","Regencell Bioscience","RGC","3204288000","6.48","Hong Kong"
"4116","Kansai Paint","4613.T","3203148185","18.0367","Japan"
"4117","Iwatani Corporation","8088.T","3200468487","13.9045","Japan"
"4118","ERock, Inc.","EROC","3200350208","11.71","United States"
"4119","Rinnai Corporation","5947.T","3194624455","23.1378","Japan"
"4120","Delek Logistics Partners","DKL","3194456832","55.27","United States"
"4121","West African Resources","WAF.AX","3192194345","2.79098","Australia"
"4122","Solvay","SOLB.VI","3188163693","30.5152","Belgium"
"4123","Chesapeake Utilities","CPK","3187837952","132.24","United States"
"4124","The Vita Coco Company","COCO","3187157504","55.08","United States"
"4125","TriNet","TNET","3186706688","69.42","United States"
"4126","Olam","VC2.SI","3186534487","0.844548","Singapore"
"4127","Signet Jewelers","SIG","3186459136","82.02","Bermuda"
"4128","GS Yuasa Corporation","6674.T","3185650360","31.7551","Japan"
"4129","Predictive Discovery Limited","PDI.AX","3185013659","3.22313","Australia"
"4130","Teekay Tankers","TNK","3184674816","91.83","Canada"
"4131","Dynex Capital","DX","3183981568","12.83","United States"
"4132","TRIAL Holdings","141A.T","3182573071","25.9225","Japan"
"4133","ZPMC (Shanghai Zhenhua Heavy Industries)","600320.SS","3180714542","0.605094","China"
"4134","Bellway","BWY.L","3176241095","28.3218","United Kingdom"
"4135","Suruga Bank","8358.T","3175163271","18.7746","Japan"
"4136","Nahdi Medical Company","4164.SR","3174784812","24.4214","Saudi Arabia"
"4137","BIC","BB.PA","3174036208","78.2649","France"
"4138","Greencoat UK Wind","UKW.L","3173989807","1.47019","United Kingdom"
"4139","Mitsubishi Motors","7211.T","3173938537","2.37153","Japan"
"4140","National Bank of Bahrain","NBB.BH","3173707213","2.28117","Bahrain"
"4141","Mobimo Holding","MOBN.SW","3171352709","426.006","Switzerland"
"4142","Liftoff Mobile","LFTO","3169885952","18.72","United States"
"4143","Graphic Packaging","GPK","3167965952","10.7","United States"
"4144","Cushman &amp; Wakefield","CWK","3163940608","13.48","United States"
"4145","Clas Ohlson AB","CLAS-B.ST","3163916548","49.7753","Sweden"
"4146","First Hawaiian Bank","FHB","3163696384","26","United States"
"4147","Lisi S.A.","FII.PA","3163330889","69.1941","France"
"4148","Atkore","ATKR","3162799616","93.65","United States"
"4149","Workman","7564.T","3157717800","38.6913","Japan"
"4150","Avista","AVA","3151619072","37.63","United States"
"4151","Bank of Queensland","BOQ.AX","3145881650","4.79689","Australia"
"4152","Jason Furniture (Kuka Home)","603816.SS","3145701028","3.39807","China"
"4153","Comgás","CGAS5.SA","3145287562","23.7343","Brazil"
"4154","Mr D.I.Y. Group","5296.KL","3144687269","0.331806","Malaysia"
"4155","IAC Inc.","IAC","3142127872","42.24","United States"
"4156","Electra","ELTR.TA","3141658079","41.0057","Israel"
"4157","NCsoft","036570.KS","3138100712","161.152","South Korea"
"4158","Kingsoft Cloud","KC","3137393920","10.48","China"
"4159","Outokumpu","OUT1V.HE","3135574582","6.65194","Finland"
"4160","Aktor","AKTR.AT","3135280446","11.9781","Greece"
"4161","Perpetua Resources","PPTA","3133649664","25.05","United States"
"4162","Pony AI","PONY","3132122112","7.21","China"
"4163","Seadrill","SDRL","3131450112","50.07","Bermuda"
"4164","Hakuhodo DY Holdings","2433.T","3130751781","8.71998","Japan"
"4165","Virbac SA","VIRP.PA","3128853801","373.299","France"
"4166","Dexerials Corporation","4980.T","3128273297","18.6751","Japan"
"4167","California Water Service Group","CWT","3124729600","50.53","United States"
"4168","Alleima AB","ALLEI.ST","3123549587","12.4805","Sweden"
"4169","Perfect World Entertainment","002624.SZ","3122592390","1.60961","China"
"4170","Black Stone Minerals","BSM","3122591232","14.68","United States"
"4171","North Pacific Bank","8524.T","3120663125","8.34141","Japan"
"4172","CJ Group","001040.KS","3118501298","93.0037","South Korea"
"4173","Groupe Lagardère","MMB.PA","3117416415","21.8165","France"
"4174","ENAV","ENAV.MI","3114143402","5.76346","Italy"
"4175","Acer","2353.TW","3113988940","1.03585","Taiwan"
"4176","Fermi Inc.","FRMI","3112671232","4.86","United States"
"4177","uniQure","QURE","3111777536","44.86","Netherlands"
"4178","Neuland Laboratories","NEULANDLAB.NS","3108506585","242.286","India"
"4179","Treasury Wine Estates","TWE.AX","3108384028","3.84255","Australia"
"4180","Ferrotec Holdings Corporation","6890.T","3107070783","57.7482","Japan"
"4181","Japan Petroleum Exploration","1662.T","3106804390","12.172","Japan"
"4182","Craftsman Automation","CRAFTSMAN.NS","3106141809","118.762","India"
"4183","Tokyo Kiraboshi Financial Group","7173.T","3105938981","10.8502","Japan"
"4184","TISCO Financial Group","TISCO.BK","3103973018","3.87656","Thailand"
"4185","Meidensha Corporation","6508.T","3099962699","68.3354","Japan"
"4186","Medacta Group","MOVE.SW","3097052475","155.542","Switzerland"
"4187","Steve Madden","SHOO","3095391232","42.3","United States"
"4188","Walliser Kantonalbank","WKBN.SW","3094919828","196.904","Switzerland"
"4189","HUGO BOSS","BOSS.DE","3094049530","44.8308","Germany"
"4190","Celldex Therapeutics","CLDX","3091707648","39.37","United States"
"4191","Becle","CUERVO.MX","3090827300","0.860673","Mexico"
"4192","Brighthouse Financial","BHF","3088946176","53.71","United States"
"4193","Denison Mines","DNN","3086928384","3.41","Canada"
"4194","Immunome","IMNM","3084768512","27.16","United States"
"4195","CDSL","CDSL.NS","3083842226","14.7552","India"
"4196","NOK Corporation","7240.T","3082134353","19.4034","Japan"
"4197","Redington India","REDINGTON.NS","3081999449","3.94231","India"
"4198","BBVA Argentina","BBAR","3081931776","15.09","Argentina"
"4199","Royal Unibrew","RBREW.CO","3080311481","64.9301","Denmark"
"4200","Alfamart","AMRT.JK","3078866753","0.0749265","Indonesia"
"4201","SKC Co., Ltd.","011790.KS","3078215116","62.3221","South Korea"
"4202","Taseko Mines","TGB","3074595840","8.4","Canada"
"4203","Provident Financial Services","PFS","3072756736","23.56","United States"
"4204","Kamigumi","9364.T","3072630836","31.3059","Japan"
"4205","Dubai Financial Market (DFM)","DFM.AE","3069766892","0.383924","United Arab Emirates"
"4206","ArcBest","ARCB","3069734912","137.34","United States"
"4207","ALSO Holding","ALSN.SW","3068331652","240.991","Switzerland"
"4208","Optima bank","OPTIMA.AT","3059672175","13.8388","Greece"
"4209","Csquare, Inc.","CSQR","3059399936","18.36","United States"
"4210","Maximus","MMS","3059264256","58.43","United States"
"4211","Munters Group AB","MTRS.ST","3058359014","16.7543","Sweden"
"4212","Invincible Investment Corporation","8963.T","3051731930","399.104","Japan"
"4213","Xanadu Quantum Technologies Limited","XNDU","3050021120","10.02","Canada"
"4214","CarGurus","CARG","3048985088","34.23","United States"
"4215","ALTEN","ATE.PA","3048455689","89.2546","France"
"4216","Ardagh Metal Packaging","AMBP","3048302080","5.1","Luxembourg"
"4217","Disc Medicine","IRON","3047240192","79.37","United States"
"4218","Green Brick Partners","GRBK","3044296960","70.78","United States"
"4219","Garden Reach Shipbuilders & Engineers Limited","GRSE.NS","3043161001","26.5658","India"
"4220","Beam Therapeutics","BEAM","3042854400","29.46","United States"
"4221","Veidekke","VEI.OL","3042178465","22.542","Norway"
"4222","Charoen Pokphand Indonesia","CPIN.JK","3041474736","0.185478","Indonesia"
"4223","ZF Commercial Vehicle Control Systems India","ZFCVINDIA.NS","3041398691","26.7245","India"
"4224","Opendoor","OPEN","3039515136","3.13","United States"
"4225","National Beverage","FIZZ","3038752768","32.46","United States"
"4226","Downer EDI Limited","DOW.AX","3037790606","4.60962","Australia"
"4227","Hill &amp; Smith PLC","HILS.L","3036938948","38.9526","United Kingdom"
"4228","Park Hotels &amp; Resorts","PK","3036182016","15.08","United States"
"4229","Elecnor","ENO.MC","3033592863","35.8181","Spain"
"4230","B&M European Value Retail","BME.L","3031613001","3.01342","Luxembourg"
"4231","SPS Commerce","SPSC","3031574784","84.21","United States"
"4232","Zai Lab","ZLAB","3031187968","27","China"
"4233","Yamada Holdings","9831.T","3030703086","4.55762","Japan"
"4234","YETI Holdings","YETI","3023926016","41.43","United States"
"4235","Bank of Hawaii","BOH","3023873024","76.65","United States"
"4236","Baldwin Insurance Group","BWIN","3023300352","31.22","United States"
"4237","NewAmsterdam Pharma Company","NAMS","3021967872","25.85","Netherlands"
"4238","Südzucker","SZU.F","3020364757","14.7924","Germany"
"4239","Nifco Inc.","7988.T","3019359208","32.4224","Japan"
"4240","TransMedics Group","TMDX","3016044032","86.98","United States"
"4241","Meiko Electronics","6787.T","3015466972","117.486","Japan"
"4242","UCT (Ultra Clean Holdings)","UCTT","3014997248","66.59","United States"
"4243","GoTo","GOTO.JK","3014285287","0.00282741","Indonesia"
"4244","Schneider Electric Infrastructure","SCHNEIDER.NS","3014267238","12.6065","India"
"4245","Zeon Corporation","4205.T","3011086733","15.7364","Japan"
"4246","Piramal Pharma","PPLPHARMA.NS","3008237371","2.27034","India"
"4247","Bangkok Expressway and Metro (BEM)","BEM.BK","3005594045","0.200669","Thailand"
"4248","Guoco","0053.HK","3005269038","9.13313","Hong Kong"
"4249","Wingstop Restaurants","WING","3004307968","110.28","United States"
"4250","Jungheinrich","JUN3.F","3003418861","29.4453","Germany"
"4251","MARAFIQ (The Power and Water Utility Company for Jubail and Yanbu)","2083.SR","3002743048","12.011","Saudi Arabia"
"4252","NetLink Trust","CJLU.SI","2998971424","0.769565","Singapore"
"4253","Megaport Limited","MP1.AX","2998500395","12.3451","Australia"
"4254","Worthington Enterprises","WOR","2997744128","61.27","United States"
"4255","Siltronic","WAF.F","2997208949","90.8245","Germany"
"4256","Aozora Bank","8304.T","2994946103","21.6427","Japan"
"4257","Nagase &amp; Co.","8012.T","2994664362","7.33402","Japan"
"4258","Cellebrite","CLBT","2994383872","11.94","Israel"
"4259","Viscofan","VIS.MC","2993911821","65.9379","Spain"
"4260","KEPCO Engineering & Construction Company","052690.KS","2993850361","78.6954","South Korea"
"4261","Y.H. Dimri Construction &amp; Development","DIMRI.TA","2993445585","129.934","Israel"
"4262","SoundHound AI","SOUN","2993300224","6.74","United States"
"4263","BIPROGY","8056.T","2991173501","30.9595","Japan"
"4264","DigitalBridge Group","DBRG","2988674560","15.94","United States"
"4265","Vodafone Qatar","VFQS.QA","2987931483","0.706868","Qatar"
"4266","SpareBank 1","SPOL.OL","2987790594","21.9986","Norway"
"4267","Tecan","TECN.SW","2984700337","242.229","Switzerland"
"4268","CT REIT","CRT-UN.TO","2982659535","12.477","Canada"
"4269","Premium Brands","PBH.TO","2981746217","57.3535","Canada"
"4270","Melexis NV","MELE.BR","2981109737","75.7065","Belgium"
"4271","Bravida Holding","BRAV.ST","2980074997","14.6305","Sweden"
"4272","CBIZ","CBZ","2979629568","54.91","United States"
"4273","Valiant Holding","VATN.SW","2978763673","188.978","Switzerland"
"4274","Aveanna Healthcare","AVAH","2977485056","13.64","United States"
"4275","Arcutis Biotherapeutics","ARQT","2973871872","23.66","United States"
"4276","Banc of California","BANC","2973778432","18.77","United States"
"4277","Banque Cantonale de Genève","BCGE.SW","2970034311","41.4861","Switzerland"
"4278","Knowles","KN","2968862976","34.76","United States"
"4279","Resideo Technologies","REZI","2965579264","19.53","United States"
"4280","Shake Shack","SHAK","2964759552","69.3","United States"
"4281","KWS","KWS.F","2962669937","89.7779","Germany"
"4282","Syrma SGS Technology","SYRMA.NS","2962112443","15.3776","India"
"4283","Juroku Financial Group","7380.T","2961430437","16.7213","Japan"
"4284","Technogym","TGYM.MI","2959589244","14.8506","Italy"
"4285","Columbia Sportswear","COLM","2958454528","57.79","United States"
"4286","MBX Biosciences","MBX","2957992960","61.42","United States"
"4287","Acadia Realty Trust","AKR","2956741376","20.28","United States"
"4288","NOS","NOS.LS","2955192974","5.76579","Portugal"
"4289","DIC Corporation","4631.T","2952320938","31.1712","Japan"
"4290","Vale Indonesia","INCO.JK","2950233682","0.279914","Indonesia"
"4291","Russel Metals","RUS.TO","2950062752","53.7286","Canada"
"4292","Plug Power","PLUG","2948081920","2.11","United States"
"4293","Central Bank of India","CENTRALBK.NS","2947992808","0.325695","India"
"4294","Al Rajhi Company for Cooperative Insurance","8230.SR","2945484515","14.7274","Saudi Arabia"
"4295","Pennon Group","PNN.L","2945415205","6.24053","United Kingdom"
"4296","Clicks Group","CLS.JO","2944306100","12.7068","South Africa"
"4297","Kemira","KEMIRA.HE","2941347718","20.3163","Finland"
"4298","Micronics Japan Co., Ltd.","6871.T","2935519056","75.7143","Japan"
"4299","VGP NV","VGP.BR","2929231556","96.5229","Belgium"
"4300","MGE Energy","MGEE","2929129984","77.6","United States"
"4301","Appian","APPN","2923838720","40.82","United States"
"4302","Multiplan Empreendimentos Imobiliários","MULT3.SA","2923297643","5.9532","Brazil"
"4303","Kalmar Oyj","KALMAR.HE","2921518808","45.7262","Finland"
"4304","Artisan Partners","APAM","2921503232","41.15","United States"
"4305","Röko AB","ROKO-B.ST","2917178823","199.479","Sweden"
"4306","Tootsie Roll Industries","TR","2916326400","38.8","United States"
"4307","Unibel S.A.","UNBL.PA","2915692559","1370.66","France"
"4308","Urban Edge Properties","UE","2913459712","21.16","United States"
"4309","Keio Corporation","9008.T","2911334708","5.02923","Japan"
"4310","Asker Healthcare Group AB","ASKER.ST","2910480350","7.59844","Sweden"
"4311","Hayward Holdings, Inc.","HAYW","2906038272","13.7","United States"
"4312","Derwent London","DLN.L","2905972659","26.3877","United Kingdom"
"4313","Kyndryl","KD","2905695488","13.34","United States"
"4314","Apollo Tyres","APOLLOTYRE.NS","2904952702","4.59222","India"
"4315","Foxconn Technology Co., Ltd.","2354.TW","2903635383","2.05279","Taiwan"
"4316","TODA corp","1860.T","2900581857","9.79795","Japan"
"4317","Krungthai Card","KTC.BK","2900527720","1.12496","Thailand"
"4318","Silvercorp Metals","SVM","2900014592","13.11","Canada"
"4319","Daido Steel","5471.T","2899405692","14.5076","Japan"
"4320","Cosan","CSAN","2899109376","2.94","Brazil"
"4321","Navitas Semiconductor","NVTS","2898137856","11.1","Ireland"
"4322","MINISO Group","MNSO","2897289472","9.67","China"
"4323","IIFL Finance","IIFL.NS","2896335733","6.81027","India"
"4324","Peab","PEAB-B.ST","2894370811","10.3567","Sweden"
"4325","Gav-Yam Lands","GVYM.TA","2893039754","13.1145","Israel"
"4326","Toho Gas","9533.T","2889972820","8.12004","Japan"
"4327","Slide Insurance","SLDE","2888753664","24.73","United States"
"4328","Construcciones y Auxiliar de Ferrocarriles","CAF.MC","2887351635","84.3121","Spain"
"4329","Talos Energy","TALO","2886833152","17.29","United States"
"4330","H.B. Fuller","FUL","2886770176","53.67","United States"
"4331","SiriusPoint","SPNT","2885539072","24.84","Bermuda"
"4332","Hesai Group","HSAI","2883727386","18.46","China"
"4333","The Marzetti Company","MZTI","2883021312","105.64","United States"
"4334","Asset World Corp","AWC.BK","2882291615","0.089997","Thailand"
"4335","Harley-Davidson","HOG","2879686144","27.67","United States"
"4336","Select Water Solutions","WTTR","2878939904","20.17","United States"
"4337","Warby Parker","WRBY","2878831616","23.29","United States"
"4338","Crane NXT","CXT","2877489664","49.99","United States"
"4339","BKV Corporation","BKV","2877120768","26.29","United States"
"4340","Takara Holdings","2531.T","2875675915","15.0209","Japan"
"4341","Astra Industrial Group Company","1212.SR","2871980628","35.8998","Saudi Arabia"
"4342","AvePoint","AVPT","2870942720","13.57","United States"
"4343","TGS ASA","TGS.OL","2869172143","14.6012","Norway"
"4344","Piramal Enterprises","PEL.NS","2868636868","12.7318","India"
"4345","IHS Towers","IHS","2865746176","8.47","United Kingdom"
"4346","Taiheiyo Cement","5233.T","2864453144","26.2883","Japan"
"4347","Vector Limited","VCT.NZ","2862101362","2.8621","New Zealand"
"4348","ManpowerGroup","MAN","2860666624","61.51","United States"
"4349","Stanley Electric","6923.T","2857978348","23.2148","Japan"
"4350","Extreme Networks","EXTR","2856440320","21.89","United States"
"4351","DNOW Inc.","DNOW","2856417024","15.8","United States"
"4352","Hammerson Plc","HMSO.L","2856023815","4.89613","United Kingdom"
"4353","Infleqtion","INFQ","2853020416","12.66","United States"
"4354","Mari Petroleum Company","MARI.PK","2852376321","2.37575","Pakistan"
"4355","Brookdale Senior Living","BKD","2851477760","11.94","United States"
"4356","Enea","ENA.WA","2851389392","5.38271","Poland"
"4357","Alps Alpine Co., Ltd.","6770.T","2850498323","14.6071","Japan"
"4358","American Eagle Outfitters","AEO","2850422272","17.01","United States"
"4359","Seino Holdings","9076.T","2848470205","17.517","Japan"
"4360","FB Financial","FBK","2848253952","56.99","United States"
"4361","Imax Corp","IMAX","2847402240","51.92","Canada"
"4362","Fauji Fertilizer Company","FFC.PK","2846093451","1.9778","Pakistan"
"4363","International Petroleum","IPCO.TO","2846091872","25.3382","Canada"
"4364","Ambu","AMBU-B.CO","2843925813","10.8813","Denmark"
"4365","Adeka Corporation","4401.T","2843651375","29.3233","Japan"
"4366","Société Industrielle et Financière de l'Artois","ARTO.PA","2832573470","10640.8","France"
"4367","Grenergy Renovables","GRE.MC","2831690465","100.709","Spain"
"4368","National Mobile Telecommunications Company","OOREDOO.KW","2826626325","5640.14","Kuwait"
"4369","WD-40 Company","WDFC","2824603904","210.46","United States"
"4370","Power Integrations","POWI","2823836416","50.54","United States"
"4371","Lincoln International, Inc.","LCLN","2822660096","26.83","United States"
"4372","Exxaro Resources","EXX.JO","2822614600","12.0551","South Africa"
"4373","PT XLSMART Telecom Sejahtera Tbk","EXCL.JK","2819928962","0.154942","Indonesia"
"4374","Coface","COFA.PA","2814260494","18.8161","France"
"4375","Pacific Basin Shipping","2343.HK","2813432983","0.545947","Hong Kong"
"4376","DXP Enterprises","DXPE","2811862528","181.21","United States"
"4377","Alignment Healthcare","ALHC","2809709056","13.545","United States"
"4378","Vaudoise Assurances","VAHN.SW","2808652229","963.468","Switzerland"
"4379","Adeia","ADEA","2807732480","25.46","United States"
"4380","Callaway Golf Company","CALY","2806185472","15.72","United States"
"4381","Danaos","DAC","2806080000","154.15","Greece"
"4382","GCL Technology","3800.HK","2805269552","0.0886526","Hong Kong"
"4383","Rasan Information Technology Company","8313.SR","2805188142","36.1927","Saudi Arabia"
"4384","Titan America","TTAM","2804318464","15.21","United States"
"4385","Bakkafrost","BAKKA.OL","2803811104","47.3435","Denmark"
"4386","Jollibee","JBFCF","2801751552","2.5","Philippines"
"4387","Bandhan Bank","BANDHANBNK.NS","2800665311","1.73834","India"
"4388","Empresas CMPC","CMPC.SN","2799690303","1.11988","Chile"
"4389","Oppein Home Group","603833.SS","2794053174","4.61272","China"
"4390","Enerjisa Enerji","ENJSA.IS","2793117530","2.36491","Turkey"
"4391","Sundrug","9989.T","2792294959","23.8693","Japan"
"4392","Hanwha Engine","082740.KS","2787291265","33.4105","South Korea"
"4393","Alarm.com","ALRM","2784888576","56.73","United States"
"4394","Dream Industrial REIT","DIR-UN.TO","2784574035","9.67854","Canada"
"4395","CMC Markets Plc","CMCX.L","2783276442","10.3197","United Kingdom"
"4396","Helios Towers","HTWS.L","2781033810","2.74021","United Kingdom"
"4397","First Pacific Company","0142.HK","2780852406","0.652458","Hong Kong"
"4398","Leroy Seafood","LSG.OL","2780747311","4.66979","Norway"
"4399","Dialog Group","7277.KL","2780473642","0.492757","Malaysia"
"4400","Ambarella","AMBA","2780365568","63.38","United States"
"4401","Upstart","UPST","2775368192","28.52","United States"
"4402","Restoration Hardware","RH","2774773248","146.61","United States"
"4403","Boralex","BLX.TO","2774232255","26.9984","Canada"
"4404","Keller Group","KLR.L","2771790096","40.9273","United Kingdom"
"4405","Verallia","VRLA.PA","2771580331","22.2235","France"
"4406","ABM Industries","ABM","2766777088","47.23","United States"
"4407","SELLAS Life Sciences","SLS","2766656256","13.7","United States"
"4408","Amber Enterprises India","AMBER.NS","2766172633","78.4334","India"
"4409","Frasers Logistics &amp; Industrial Trust","BUOU.SI","2765634281","0.726153","Singapore"
"4410","The Bancorp, Inc.","TBBK","2762898176","67.74","United States"
"4411","Soleno Therapeutics","SLNO","2762888960","53.01","United States"
"4412","Colbún","COLBUN.SN","2761052196","0.157449","Chile"
"4413","Quaker Houghton","KWR","2758910976","160.33","United States"
"4414","Northern Oil and Gas","NOG","2758556928","25.89","United States"
"4415","Santam","SNT.JO","2758210500","25.25","South Africa"
"4416","Dätwyler","DAE.SW","2753684353","161.981","Switzerland"
"4417","Alpha Metallurgical Resources","AMR","2753634816","217.18","United States"
"4418","SIA Engineering Company","S59.SI","2753505626","2.45471","Singapore"
"4419","Indah Kiat Pulp &amp; Paper","INKP.JK","2753435345","0.50328","Indonesia"
"4420","MITSUI E&amp;S","7003.T","2752676647","27.2764","Japan"
"4421","Ninety One Group","N91.L","2750736471","2.87005","South Africa"
"4422","DB HiTek","000990.KS","2747734368","65.2722","South Korea"
"4423","PagSeguro","PAGS","2745434368","9.96","Brazil"
"4424","Euronet Worldwide","EEFT","2740935424","73.28","United States"
"4425","Hatsun Agro Products","HATSUN.NS","2736874451","12.2868","India"
"4426","Indian Telephone Industries","ITI.NS","2735936760","2.84149","India"
"4427","Four Corners Property Trust","FCPT","2734032128","24.91","United States"
"4428","Bird Construction","BDT.TO","2732930277","49.3279","Canada"
"4429","Visteon","VC","2730141440","102.27","United States"
"4430","Maravai LifeSciences","MRVI","2729536256","7.37","United States"
"4431","Bufab AB","BUFAB.ST","2729260539","14.3893","Sweden"
"4432","NETSCOUT","NTCT","2726524160","37.5","United States"
"4433","Shikoku Electric Power Company","9507.T","2726151322","13.266","Japan"
"4434","atai Life Sciences","ATAI","2722146816","7.34","Germany"
"4435","Grindr","GRND","2722030848","15.66","United States"
"4436","Ahli Bank","ABQK.QA","2719353733","1.06593","Qatar"
"4437","Altius Minerals","ALS.TO","2719043984","46.283","Canada"
"4438","Liontown Resources","LTR.AX","2717952302","0.854941","Australia"
"4439","Rémy Cointreau","RCO.PA","2714843240","51.8432","France"
"4440","AUB Group","AUB.AX","2711797718","20.7577","Australia"
"4441","Academy Sports + Outdoors","ASO","2708962560","43.68","United States"
"4442","Stella-Jones","SJ.TO","2707928268","49.6252","Canada"
"4443","Grafton Group","GFTU.L","2707001520","13.6632","Ireland"
"4444","KOBAYASHI Pharmaceutical","4967.T","2705971907","36.4006","Japan"
"4445","Vietnam Airlines","HVN.VN","2703626765","0.868915","Vietnam"
"4446","SJVN","SJVN.NS","2702917125","0.687801","India"
"4447","H2O America","HTO","2702275072","64.56","United States"
"4448","Omantel (Oman Telecom)","OTEL.OM","2701948119","3.6026","Oman"
"4449","Catena AB","CATE.ST","2701845474","40.6928","Sweden"
"4450","Shurgard Self Storage","SHUR.BR","2700736595","26.7473","Luxembourg"
"4451","Hawkins","HWKN","2699778816","129.33","United States"
"4452","TAG Immobilien","TEG.F","2699489790","14.1877","Germany"
"4453","Enerflex","EFXT","2698473728","22.1","Canada"
"4454","SPACE42","SPACE42.AE","2696788111","0.57","United Arab Emirates"
"4455","REN (Redes Energéticas Nacionais)","RENE.LS","2695973846","4.06443","Portugal"
"4456","CCC S.A.","CCC.WA","2691198839","34.9389","Poland"
"4457","Boise Cascade","BCC","2690821120","77.12","United States"
"4458","Tofaş Türk Otomobil Fabrikası","TOASO.IS","2690210208","5.38042","Turkey"
"4459","Customers Bancorp","CUBI","2689649920","79.64","United States"
"4460","Al Ahli Bank of Kuwait","ABK.KW","2689475825","984.839","Kuwait"
"4461","Sharp Corporation","6753.T","2684734070","4.13477","Japan"
"4462","McGrath RentCorp","MGRC","2684380416","109.9","United States"
"4463","Aktieselskabet Schouw & Co.","SCHO.CO","2683765777","119.936","Denmark"
"4464","Mabuchi Motor","6592.T","2683176292","11.2641","Japan"
"4465","NBT Bancorp","NBTB","2682697984","51.63","United States"
"4466","Trustmark","TRMK","2681875200","46.06","United States"
"4467","The Navigator Company","NVG.LS","2681306615","3.77021","Portugal"
"4468","Elmos Semiconductor","ELG.DE","2677484626","156.065","Germany"
"4469","Teradata","TDC","2677470208","28.79","United States"
"4470","Bank of Bahrain and Kuwait","BBK.BH","2674290746","1.40053","Bahrain"
"4471","Redefine Properties","RDF.JO","2673036000","0.383068","South Africa"
"4472","AtriCure","ATRC","2668445952","52.46","United States"
"4473","Digi International","DGII","2666994176","70.28","United States"
"4474","Dallah Healthcare","4004.SR","2665715355","22.0379","Saudi Arabia"
"4475","WaFd Bank","WAFD","2662348800","35.98","United States"
"4476","First Bancorp","FBNC","2662017280","64.34","United States"
"4477","LEW (Lechwerke)","LEC.F","2658657209","75.0087","Germany"
"4478","Hanon Systems","018880.KS","2656721371","2.58876","South Korea"
"4479","Procter &amp; Gamble India","PGHH.NS","2654238565","81.7677","India"
"4480","NextNav","NN","2653691648","15.72","United States"
"4481","Corem Property Group AB","CORE-PREF.ST","2650897264","24.4891","Sweden"
"4482","Trump Media &amp; Technology Group","DJT","2646001152","9.52","United States"
"4483","First Merchants Corporation","FRME","2643939840","42.1","United States"
"4484","Acadia Healthcare","ACHC","2642185728","28.38","United States"
"4485","Metro Brands","METROBRAND.NS","2641963962","9.69198","India"
"4486","Privia Health Group","PRVA","2640265984","20.67","United States"
"4487","United Natural Foods","UNFI","2639844864","43.62","United States"
"4488","Anritsu Corporation","6754.T","2639516252","20.6225","Japan"
"4489","Megacable Holdings","MEGACPO.MX","2639492016","3.04546","Mexico"
"4490","Beacon Financial Corporation","BBT","2638530304","31.48","United States"
"4491","UACJ Corporation","5741.T","2636179929","14.559","Japan"
"4492","Sumitomo Chemical
 India","SUMICHEM.NS","2632964077","5.27494","India"
"4493","Almirall","ALM.MC","2631813678","12.0944","Spain"
"4494","Toyota Boshoku Corporation","3116.T","2630905687","14.7258","Japan"
"4495","Altarea","ALTA.PA","2629831532","106.291","France"
"4496","(DIA) Distribuidora Internacional de Alimentación","DIA.MC","2629370083","45.6448","Spain"
"4497","Bank Mega","MEGA.JK","2629159284","0.111966","Indonesia"
"4498","Kaiser Aluminum","KALU","2628443648","160.77","United States"
"4499","Keikyu Corporation","9006.T","2628318502","9.9744","Japan"
"4500","Nurix Therapeutics","NRIX","2627752192","25.32","United States"
"4501","Banco di Desio e della Brianza","BDB.MI","2626743991","19.9791","Italy"
"4502","Anima Holding","ANIM.MI","2624721058","8.07071","Italy"
"4503","Patrick Industries","PATK","2620529152","81.59","United States"
"4504","Central Garden &amp; Pet","CENT","2610111488","41.7","United States"
"4505","Veridis Environment","VRDS.TA","2609528688","16.9976","Israel"
"4506","AWL Agri Business","AWL.NS","2608794664","2.01948","India"
"4507","Alfresa Holdings Corporation","2784.T","2607813193","14.867","Japan"
"4508","Nektar Therapeutics","NKTR","2607500288","76.37","United States"
"4509","GeneDx Holdings","WGS","2606191872","87.39","United States"
"4510","Banner Bank","BANR","2605799424","71.12","United States"
"4511","Dah Sing Banking Group","2356.HK","2605439609","1.85341","Hong Kong"
"4512","eToro","ETOR","2604512256","32.75","Israel"
"4513","Alony Hetz","ALHE.TA","2602109805","11.5002","Israel"
"4514","Jenoptik","JEN.F","2601309220","45.4471","Germany"
"4515","Viridian Therapeutics","VRDN","2601190400","22.96","United States"
"4516","Kotobuki Spirits","2222.T","2600655278","16.84","Japan"
"4517","Veeco","VECO","2596974592","42.55","United States"
"4518","Asahi India Glass","ASAHIINDIA.NS","2596493353","10.1852","India"
"4519","Fuyo General Lease","8424.T","2596383952","28.7843","Japan"
"4520","Navios Maritime Partners","NMM","2596304640","91.34","Monaco"
"4521","Sankyu","9065.T","2596238035","51.7745","Japan"
"4522","Nickel Industries Limited","NIC.AX","2595654771","0.59781","Australia"
"4523","Cementir","CEM.MI","2595315741","16.688","Italy"
"4524","Sinda Ltd.","SIND","2594642944","16.34","Mexico"
"4525","KCC Corp","002380.KS","2592667140","352.544","South Korea"
"4526","Redwire","RDW","2592423424","10.37","United States"
"4527","Bangchak Corporation","BCP.BK","2591004365","1.77105","Thailand"
"4528","SWCC Corporation","5805.T","2585482030","87.264","Japan"
"4529","Newell Brands","NWL","2585213184","6.07","United States"
"4530","CapitaLand Ascott Trust","HMN.SI","2583937629","0.670903","Singapore"
"4531","Ouster","OUST","2583785216","35.83","United States"
"4532","Meshek Energy - Renewable Energies","MSKE.TA","2583586606","3.49197","Israel"
"4533","Bavarian Nordic","BAVA.CO","2582859300","34.1295","Denmark"
"4534","Hacksaw AB","HACK.ST","2582635180","8.9304","Sweden"
"4535","Metaplanet Inc.","3350.T","2580964916","1.91852","Japan"
"4536","Nokian Tyres","TYRES.HE","2580835769","18.7115","Finland"
"4537","Coty","COTY","2579766784","2.93","United States"
"4538","CareDx","CDNA","2579468544","49.86","United States"
"4539","Paltac Corporation","8283.T","2579310842","42.5412","Japan"
"4540","BioCryst Pharmaceuticals","BCRX","2578349312","10.09","United States"
"4541","Advance Auto Parts","AAP","2577263872","42.72","United States"
"4542","DMG Mori","6141.T","2576667729","18.2613","Japan"
"4543","Saudi International Petrochemical Company (Sipchem)","2310.SR","2576011656","3.51274","Saudi Arabia"
"4544","Graubündner Kantonalbank","GRKP.SW","2575724250","3479.88","Switzerland"
"4545","Gulf Navigation Holding","GULFNAV.AE","2573409983","0.822261","United Arab Emirates"
"4546","Hanmi Pharmaceutical","008930.KS","2571988107","37.9833","South Korea"
"4547","John Wiley &amp; Sons","WLY","2571683584","50.66","United States"
"4548","DRDGOLD","DRD","2568364544","29.61","South Africa"
"4549","Sunshine Silver Mining & Refining Company","SSMR","2565520128","17.85","United States"
"4550","Kusuri No Aoki Holdings","3549.T","2564049707","27.0005","Japan"
"4551","Kalpataru Projects International","KPIL.NS","2562627421","15.0061","India"
"4552","DO &amp; CO Aktiengesellschaft","DOC.VI","2560976195","233.167","Austria"
"4553","Mr Price Group","MRP.JO","2560846700","9.96038","South Africa"
"4554","Inter &amp; Co","INTR","2560778240","5.8","Brazil"
"4555","Solaria Energía","SLR.MC","2560522784","19.3046","Spain"
"4556","Greggs","GRG.L","2557976629","25.0893","United Kingdom"
"4557","Benchmark Electronics","BHE","2557858304","71.21","United States"
"4558","Jamjoom Pharmaceuticals Factory Company","4015.SR","2557724520","36.5389","Saudi Arabia"
"4559","Supernus Pharmaceuticals","SUPN","2557647104","43.97","United States"
"4560","Precigen","PGEN","2556371456","7.14","United States"
"4561","Taiba Investments","4090.SR","2552664652","5.10533","Saudi Arabia"
"4562","Compagnie Financière Tradition","CFT.SW","2551141275","335.604","Switzerland"
"4563","SoftwareONE","SWON.SW","2550741503","11.8762","Switzerland"
"4564","Carmila","CARM.PA","2549551610","18.3975","France"
"4565","Five9","FIVN","2548072192","34.1","United States"
"4566","Wihlborgs Fastigheter AB","WIHL.ST","2543929198","8.27491","Sweden"
"4567","Rakus Co., Ltd.","3923.T","2542514570","7.18003","Japan"
"4568","OQ Gas Network Company","OQGN.OM","2542132546","0.587013","Oman"
"4569","Seven Bank","8410.T","2540608400","2.17518","Japan"
"4570","ID Logistics Group","IDL.PA","2539730785","388.417","France"
"4571","Neogen","NEOG","2538753792","11.64","United States"
"4572","InvenTrust Properties","IVT","2538198016","32.55","United States"
"4573","ZhongAn Insurance","6060.HK","2535947911","1.50518","China"
"4574","First Busey","BUSE","2533461248","30.68","United States"
"4575","Axogen","AXGN","2532167168","47.1","United States"
"4576","Ebos Group","EBO.NZ","2531539670","12.2309","New Zealand"
"4577","PicS N.V. (PicPay)","PICS","2529818624","11.71","Brazil"
"4578","ACC","ACC.NS","2528345104","13.4639","India"
"4579","Bausch Health","BHC","2528176384","6.76","Canada"
"4580","Curaleaf","CURLF","2526832384","9.54","United States"
"4581","NRW Holdings Limited","NWH.AX","2526671213","5.49914","Australia"
"4582","Aroundtown","AT1.F","2525556858","2.23514","Luxembourg"
"4583","FIGS","FIGS","2525331712","15.2","United States"
"4584","Gabriel India","GABRIEL.NS","2524648450","14.245","India"
"4585","Basic-Fit","BFIT.AS","2521669671","38.8882","Netherlands"
"4586","Isrotel","ISRO.TA","2521666943","44.5309","Israel"
"4587","Vera Therapeutics","VERA","2521496320","34.99","United States"
"4588","Kayne Anderson Capital Advisors","KYN","2519977728","14.9","United States"
"4589","Huron Consulting","HURN","2515382528","158.1","United States"
"4590","Meliá Hotels International","MEL.MC","2514655646","11.4141","Spain"
"4591","Ducommun","DCO","2514415360","166.52","United States"
"4592","Webuild S.p.A.","WBD.MI","2511381739","2.53983","Italy"
"4593","Lumo Kodit Oyj","LUMO.HE","2511378465","9.48366","Finland"
"4594","Sonic Automotive","SAH","2510847488","79.42","United States"
"4595","Eutelsat","ETL.PA","2510692245","2.13164","France"
"4596","Boyd Group","BYD.TO","2509737721","90.1808","Canada"
"4597","Whirlpool","WHR","2509523968","38.49","United States"
"4598","TietoEVRY","TIETO.HE","2509306410","22.7236","Finland"
"4599","Kokuyo","7984.T","2507972019","5.95641","Japan"
"4600","Pluxee","PLX.PA","2506970585","18.2463","France"
"4601","PHINIA","PHIN","2506777856","68.42","United States"
"4602","OEM International","OEM-B.ST","2505654086","18.0601","Sweden"
"4603","Financière Moncey Société anonyme","FMONC.PA","2504075960","134.318","France"
"4604","Pharvaris","PHVS","2503492608","35.66","Netherlands"
"4605","Maruichi Steel Tube","5463.T","2503197974","11.3058","Japan"
"4606","Kumho Petrochemical","011780.KS","2502870262","96.3226","South Korea"
"4607","Strive Asset Management, LLC","ASST","2501302016","26.82","United States"
"4608","Mineralys Therapeutics","MLYS","2499262720","28.27","United States"
"4609","nCino","NCNO","2498545664","23.63","United States"
"4610","Fuji Oil Holdings","2607.T","2497011436","29.0409","Japan"
"4611","StubHub Holdings","STUB","2495047424","6.53","United States"
"4612","Stock Yards Bancorp","SYBT","2494030080","80.28","United States"
"4613","Penguin Solutions","PENG","2491932672","48.63","United States"
"4614","Deepak Nitrite","DEEPAKNTR.NS","2490806276","18.262","India"
"4615","Prestige Consumer Healthcare","PBH","2490004736","52.56","United States"
"4616","ReNew Energy Global","RNW","2489952768","6.83","India"
"4617","Chicony Electronics","2385.TW","2489885774","3.42131","Taiwan"
"4618","The Metals Company","TMC","2489682432","4.4","Canada"
"4619","Home Product Center","HMPRO.BK","2488257903","0.193068","Thailand"
"4620","Aehr Test Systems","AEHR","2487961600","76.27","United States"
"4621","Timken India","TIMKEN.NS","2487891060","33.0754","India"
"4622","CGN Mining Company","1164.HK","2486833049","0.327185","Hong Kong"
"4623","Autohome","ATHM","2481933056","21.55","China"
"4624","Penta-Ocean Construction","1893.T","2481289844","9.17876","Japan"
"4625","Tiger Brands","TBS.JO","2479922900","16.9637","South Africa"
"4626","Österreichische Post","POST.VI","2478527463","36.6903","Austria"
"4627","Bet Shemesh Engines","BSEN.TA","2478452332","259.57","Israel"
"4628","Natura Cosméticos S.A.","NATU3.SA","2478250841","1.80459","Brazil"
"4629","CA Immo","BZY.F","2477816088","27.2125","Austria"
"4630","Diamondrock Hospitality Company","DRH","2476992768","12.06","United States"
"4631","Immofinanz","IMO1.F","2474195946","17.9323","Austria"
"4632","NBCC India","NBCC.NS","2472082646","0.915586","India"
"4633","Philip Morris ČR","TABAK.PR","2471158672","900.113","Czech Republic"
"4634","Bank Danamon","BDMN.JK","2470469486","0.252771","Indonesia"
"4635","Vaisala","VAIAS.HE","2470358476","67.7986","Finland"
"4636","Nippon Shokubai","4114.T","2470054248","16.7149","Japan"
"4637","Uniti","UNIT","2468514560","10.17","United States"
"4638","Pinnacle Investment Management Group","PNI.AX","2466434139","10.2348","Australia"
"4639","Resorttrust","4681.T","2466188083","11.6138","Japan"
"4640","Ratch Group","RATCH.BK","2463324732","1.13256","Thailand"
"4641","GMO internet group","9449.T","2463113106","25.8199","Japan"
"4642","Barwa Real Estate Company","BRES.QA","2461961494","0.632692","Qatar"
"4643","Headwater Exploration","HWX.TO","2459782330","10.3455","Canada"
"4644","Partner Communications","PTNR.TA","2459006583","13.1032","Israel"
"4645","City Union Bank","CUB.NS","2457802596","2.48066","India"
"4646","Rockpoint Gas Storage","RGSI.TO","2457060379","18.6031","Canada"
"4647","LCI Industries","LCII","2456434688","101.04","United States"
"4648","Federal Agricultural Mortgage Corporation","AGM","2454670592","226.17","United States"
"4649","Exail Technologies","EXA.PA","2453289775","144.552","France"
"4650","HUTCHMED","HCM","2452517888","14.11","Hong Kong"
"4651","Fletcher Building","FBU.NZ","2448772663","2.27674","New Zealand"
"4652","EMEIS","EMEIS.PA","2448569449","15.1994","France"
"4653","KIOCL","KIOCL.NS","2448051623","4.02805","India"
"4654","Zain Saudi Arabia","7030.SR","2446140181","2.72178","Saudi Arabia"
"4655","Ocado","OCDO.L","2445761434","2.92686","United Kingdom"
"4656","Fairfax India Holdings","FIH-U.TO","2445466368","18.22","Canada"
"4657","Nissui Corporation","1332.T","2444092827","8.05908","Japan"
"4658","Ströer","SAX.F","2442929203","43.7958","Germany"
"4659","Force Motors","FORCEMOT.NS","2440694214","185.234","India"
"4660","Cadeler A/S","CDLR","2439756288","25.29","Denmark"
"4661","OVH Groupe","OVH.PA","2438510754","16.1182","France"
"4662","Okinawa Cellular Telephone Company","9436.T","2438197913","26.5963","Japan"
"4663","Harmony Biosciences","HRMY","2437775360","41.86","United States"
"4664","Spark New Zealand","SPK.NZ","2435218730","1.28839","New Zealand"
"4665","Shinsegae","004170.KS","2434640627","277.684","South Korea"
"4666","Kojamo","KOJAMO.HE","2433839402","10.1349","Finland"
"4667","Toei Company","9605.T","2433738198","38.948","Japan"
"4668","Imerys","NK.PA","2433048687","28.701","France"
"4669","Payoneer","PAYO","2432948992","7.18","United States"
"4670","TORIDOLL Holdings Corporation","3397.T","2431169726","27.6486","Japan"
"4671","Hufvudstaden AB","HUFV-A.ST","2431167359","12.512","Sweden"
"4672","Trevi Therapeutics","TRVI","2430637824","17.06","United States"
"4673","Haw Par","H02.SI","2430428355","10.9791","Singapore"
"4674","Rengo Co., Ltd.","3941.T","2429316540","10.0354","Japan"
"4675","Sarepta Therapeutics","SRPT","2428365312","22.99","United States"
"4676","Odfjell Drilling","0QHX.IL","2422917512","10.2327","United Kingdom"
"4677","Sasa Polyester","SASA.IS","2418179944","0.0460589","Turkey"
"4678","Merchants Bancorp","MBIN","2416342784","52.6","United States"
"4679","Bure Equity AB","BURE.ST","2415973258","32.4284","Sweden"
"4680","Medical Properties Trust","MPT","2412687872","4.04","United States"
"4681","Maple Leaf Foods","MFI.TO","2410893559","19.3281","Canada"
"4682","Pitney Bowes","PBI","2410045952","17.58","United States"
"4683","Kardex Holding","KARN.SW","2408336709","312.074","Switzerland"
"4684","SSI Securities Corporation","SSI.VN","2406396278","0.80178","Vietnam"
"4685","Prime Focus","PFOCUS.NS","2404121692","3.08706","India"
"4686","Al Moammar Information Systems","7200.SR","2401661944","80.0554","Saudi Arabia"
"4687","The Chugoku Electric Power","9504.T","2400651872","6.67633","Japan"
"4688","Ingevity","NGVT","2400610304","69.83","United States"
"4689","SeABank (Southeast Asia Commercial Joint Stock Bank)","SSB.VN","2400567665","0.700119","Vietnam"
"4690","Iljin Electric","103590.KS","2399933315","50.3371","South Korea"
"4691","Bank of N. T. Butterfield & Son","NTB","2397748224","60.97","Bermuda"
"4692","Goosehead Insurance","GSHD","2397317888","67.08","United States"
"4693","Biohaven","BHVN","2395554304","15.86","United States"
"4694","Snowline Gold Corp.","SGD.TO","2394774917","12.709","Canada"
"4695","Fabege AB","FABG.ST","2393594828","7.60893","Sweden"
"4696","Anant Raj","ANANTRAJ.NS","2393338687","6.65044","India"
"4697","nLIGHT","LASR","2392412416","41.47","United States"
"4698","Sendas Distribuidora (Assaí Atacadista)","ASAI3.SA","2391742418","1.78694","Brazil"
"4699","Wienerberger","WIB.F","2391290975","21.8979","Austria"
"4700","Şişecam","SISE.IS","2390671023","0.798905","Turkey"
"4701","Calbee, Inc.","2229.T","2387303426","19.6344","Japan"
"4702","Blackstone Mortgage Trust","BXMT","2386577152","14.16","United States"
"4703","Daicel Corporation","4202.T","2385449820","9.33596","Japan"
"4704","Pan Ocean","028670.KS","2385309351","4.46211","South Korea"
"4705","V2X","VVX","2384754944","76.08","United States"
"4706","Electrolux","ELUX-A.ST","2383015083","2.9366","Sweden"
"4707","VusionGroup","VU.PA","2382883970","141.528","France"
"4708","StoneCo","STNE","2379746816","10.32","Brazil"
"4709","Itaú CorpBanca","ITCLY","2378989568","3.1","Chile"
"4710","Nojima Corporation","7419.T","2377233903","8.12966","Japan"
"4711","Nuvation Bio","NUVB","2377104384","6.77","United States"
"4712","Helios Technologies","HLIO","2376066048","72.11","United States"
"4713","Hanwa Co., Ltd.","8078.T","2374804199","12.3196","Japan"
"4714","Tekscend Photomask","429A.T","2374738389","23.9013","Japan"
"4715","Proximus","PROX.VI","2374447193","7.34969","Belgium"
"4716","Ito En, Ltd.","2593.T","2371903944","20.584","Japan"
"4717","ePlus","PLUS","2370836480","90.87","United States"
"4718","Capital Tankers Corp.","CAPT.OL","2366360172","17.7","Greece"
"4719","Himax Technologies","HIMX","2365215488","13.56","Taiwan"
"4720","Kaneka Corporation","4118.T","2364159839","39.365","Japan"
"4721","HCI Group","HCI","2362389504","189.92","United States"
"4722","Standard Nuclear","STDN","2361901056","14.7","United States"
"4723","Peloton","PTON","2361130496","5.38","United States"
"4724","The Andersons, Inc.","ANDE","2360962048","69.49","United States"
"4725","Tata Elxsi","TATAELXSI.NS","2360756074","37.8936","India"
"4726","OSB Group Plc","OSB.L","2360601509","6.9993","United Kingdom"
"4727","Dunelm Group","DNLM.L","2359950913","11.7061","United Kingdom"
"4728","Burgan Bank","BURG.KW","2359071572","602.566","Kuwait"
"4729","Tokai Carbon","5301.T","2358976427","11.6587","Japan"
"4730","Intuitive Machines","LUNR","2358648832","14.7","United States"
"4731","Dr. Soliman Abdel Kader Fakeeh","4017.SR","2358251915","10.2533","Saudi Arabia"
"4732","Cyfrowy Polsat","CPS.WA","2356600840","4.27926","Poland"
"4733","Skyward Specialty Insurance Group","SKWD","2355146496","58.09","United States"
"4734","Meitetsu","9048.T","2350809711","11.986","Japan"
"4735","Metcash","MTS.AX","2348522202","2.13555","Australia"
"4736","nib holdings limited","NHF.AX","2347020940","4.80049","Australia"
"4737","Doosan Fuel Cell","336260.KS","2340691547","29.686","South Korea"
"4738","Sanki Engineering","1961.T","2339799508","15.3161","Japan"
"4739","SES S.A.","SESG.PA","2338290728","5.64484","Luxembourg"
"4740","Ocular Therapeutix","OCUL","2336712960","10.64","United States"
"4741","Mister Car Wash","MCW","2335151104","7.1","United States"
"4742","Thule Group AB","THULE.ST","2334362343","21.6469","Sweden"
"4743","Calix","CALX","2334075136","37.07","United States"
"4744","Enterprise Financial Services Corp","EFSC","2332246016","64.44","United States"
"4745","EMSTEEL Building Materials PJSC","EMSTEEL.AE","2331327557","0.34","United Arab Emirates"
"4746","TKH Group","TWEKA.AS","2330203314","58.3789","Netherlands"
"4747","Visional, Inc.","4194.T","2330083423","57.9343","Japan"
"4748","Chemours","CC","2329724416","15.48","United States"
"4749","AF Gruppen","AFG.OL","2325851388","20.4868","Norway"
"4750","Asana","ASAN","2325844224","10.09","United States"
"4751","Aether Industries","AETHER.NS","2324686648","17.5147","India"
"4752","XD Inc.","2400.HK","2324493132","4.91097","China"
"4753","MVV Energie","MVV1.F","2322335013","35.2367","Germany"
"4754","Makino Milling Machine","6135.T","2317417254","99.0703","Japan"
"4755","Emaar The Economic City","4220.SR","2316136168","2.62324","Saudi Arabia"
"4756","Husqvarna","HUSQ-A.ST","2315132964","4.04831","Sweden"
"4757","Diebold Nixdorf","DBD","2314817792","68.19","United States"
"4758","Grindwell Norton","GRINDWELL.NS","2313898614","20.8986","India"
"4759","Boardwalk Real Estate Investment Trust","BEI-UN.TO","2310556091","45.935","Canada"
"4760","Money Forward","3994.T","2310435322","41.6557","Japan"
"4761","PENN Entertainment","PENN","2309348352","17.2","United States"
"4762","Werner Enterprises","WERN","2309120512","38.5","United States"
"4763","Genting Malaysia Berhad","4715.KL","2301620947","0.406091","Malaysia"
"4764","Investis Holding","IREN.SW","2300872982","180.186","Switzerland"
"4765","CSG International","CSGS","2300464128","80.69","United States"
"4766","Doha Bank","DHBK.QA","2298944918","0.741483","Qatar"
"4767","Shawbrook Group PLC","SHAW.L","2298443705","4.42274","United Kingdom"
"4768","Técnicas Reunidas","TRE.MC","2296671005","29.422","Spain"
"4769","Tradegate Exchange","T2G.F","2296401876","94.197","Germany"
"4770","LiveRamp","RAMP","2295618560","37.76","United States"
"4771","African Rainbow Minerals","ARI.JO","2294746200","11.4295","South Africa"
"4772","Innospec","IOSP","2293643264","93.12","United States"
"4773","Hornbach Baumarkt","HBM.HM","2293315824","72.1014","Germany"
"4774","Vincom Retail Joint Stock Company","VRE.VN","2292629544","1.00894","Vietnam"
"4775","Dorian LPG","LPG","2291868160","53.57","United States"
"4776","Turpaz Industries","TRPZ.TA","2291573273","21.0449","Israel"
"4777","Resolute Mining","RSG.AX","2289210555","1.07102","Australia"
"4778","Rathbones Group","RAT.L","2288783285","22.4789","United Kingdom"
"4779","Rapport Therapeutics","RAPP","2286165504","47.65","United States"
"4780","Kodiak Sciences","KOD","2285206272","36.36","United States"
"4781","Korea Gas","036460.KS","2285101612","26.1826","South Korea"
"4782","ARMOUR Residential REIT","ARR","2283250432","16.13","United States"
"4783","ULVAC, Inc.","6728.T","2280277636","46.3718","Japan"
"4784","Ceconomy","CEC.DE","2279675689","4.69822","Germany"
"4785","Premier Foods","PFD.L","2279570041","2.64553","United Kingdom"
"4786","Dentsply Sirona","XRAY","2278614784","11.43","United States"
"4787","Lucky Cement","LUCK.PK","2277715267","1.55475","Pakistan"
"4788","Morinaga Milk Industry","2264.T","2277289915","7.05491","Japan"
"4789","Arabian Drilling Company","2381.SR","2276611988","25.5799","Saudi Arabia"
"4790","Flywire","FLYW","2275185664","18.7","United States"
"4791","Dai-Dan","1980.T","2272120801","17.5619","Japan"
"4792","Northwest Bancshares","NWBI","2270609920","15.51","United States"
"4793","Chennai Petroleum","CHENNPETRO.NS","2269726413","15.2421","India"
"4794","Chorus","CNU.NZ","2269242386","5.23003","New Zealand"
"4795","NGL Energy Partners","NGL","2269123840","18.18","United States"
"4796","Douglas Emmett","DEI","2268188928","11.28","United States"
"4797","AMC Entertainment","AMC","2267215616","2.54","United States"
"4798","Savills","SVS.L","2266181596","13.6334","United Kingdom"
"4799","SMA Solar Technology","S92.F","2265850677","65.2983","Germany"
"4800","O.Y. Nofar Energy","NOFR.TA","2265278211","57.0687","Israel"
"4801","Telesat","TSAT","2263173120","44.05","Canada"
"4802","Western Union","WU","2261122560","7.25","United States"
"4803","AEON Financial Service","8570.T","2260668853","10.4717","Japan"
"4804","OneSpaWorld","OSW","2260376320","22.27","Bahamas"
"4805","The Bank of Nagoya","8522.T","2260200405","45.9419","Japan"
"4806","Clover Health Investments","CLOV","2260069888","4.255","United States"
"4807","LTC Properties","LTC","2258643200","41.9","United States"
"4808","Nisshinbo Holdings","3105.T","2257499892","14.4499","Japan"
"4809","Rogers Corporation","ROG","2256592128","126.29","United States"
"4810","Netcompany Group","NETC.CO","2254992934","50.8054","Denmark"
"4811","Grupo Aeromexico","AERO","2251289600","15.43","Mexico"
"4812","Suzuken Co., Ltd.","9987.T","2246363537","33.2116","Japan"
"4813","China Railway Materials","000927.SZ","2245313594","0.371105","China"
"4814","Saudi Industrial Investment Group","2250.SR","2245096355","3.30501","Saudi Arabia"
"4815","Qatar Aluminium Manufacturing Company","QAMC.QA","2244311988","0.402198","Qatar"
"4816","NeoGenomics","NEO","2243181056","17.46","United States"
"4817","Kennametal","KMT","2243126016","29.43","United States"
"4818","Ora Banda Mining","OBM.AX","2242683789","1.15961","Australia"
"4819","Driven Brands","DRVN","2240425728","13.58","United States"
"4820","Palvella Therapeutics","PVLA","2240075008","155.47","United States"
"4821","Granules India","GRANULES.NS","2239549156","9.03784","India"
"4822","Trinity Industries","TRN","2239509248","28.11","United States"
"4823","Flynas Company","4264.SR","2238652892","13.1029","Saudi Arabia"
"4824","Gelsenwasser","WWG.F","2238632331","651.239","Germany"
"4825","Buckle","BKE","2236309504","43.41","United States"
"4826","Vertex","VERX","2235363840","13.78","United States"
"4827","GOL Airlines","GOLL54.SA","2234758186","1.85711","Brazil"
"4828","Shriram Pistons &amp; Rings","SHRIPISTON.NS","2234642367","48.1746","India"
"4829","Hub Group","HUBG","2234549504","36.54","United States"
"4830","OFG Bancorp","OFG","2232463360","52.82","United States"
"4831","Quantinuum Inc.","QNT","2229901824","71.1","United States"
"4832","Energisa S.A.","ENGI3.SA","2229212441","2.28608","Brazil"
"4833","Takeuchi Mfg. Co., Ltd.","6432.T","2228892834","48.2518","Japan"
"4834","Hilltop Holdings","HTH","2228441600","38.9","United States"
"4835","Trulieve Cannabis","TRUL.CN","2227958461","11.5854","United States"
"4836","L1 Group","L1G.AX","2227524399","0.867906","Australia"
"4837","Efes Beverage Group","AEFES.IS","2226985300","0.376113","Turkey"
"4838","Mesoblast","MESO","2225712640","17.14","Australia"
"4839","Day One Biopharmaceuticals","DAWN","2224784640","21.53","United States"
"4840","Socionext","6526.T","2221355620","12.6725","Japan"
"4841","Nippon Electric Glass","5214.T","2221162186","30.1446","Japan"
"4842","UFP Technologies","UFPT","2219323648","286.52","United States"
"4843","Aker Solutions ASA","AKSO.OL","2217465246","4.56219","Norway"
"4844","Mitchells &amp; Butlers plc","MAB.L","2217130740","3.73296","United Kingdom"
"4845","create restaurants holdings","3387.T","2216676190","4.91501","Japan"
"4846","Addus HomeCare","ADUS","2216452608","118.69","United States"
"4847","GN Store Nord","GN.CO","2216199941","15.2198","Denmark"
"4848","Indraprastha Gas","IGL.NS","2214217818","1.58158","India"
"4849","Sabeco Brewery (Saigon Beer)","SAB.VN","2214113981","1.72632","Vietnam"
"4850","Argan SA","ARG.PA","2213053617","85.9402","France"
"4851","DEUTZ","DEZ.DE","2211734915","14.4901","Germany"
"4852","Pakistan Petroleum","PPL.PK","2210749245","0.812486","Pakistan"
"4853","Gudang Garam","GGRM.JK","2208718968","1.14793","Indonesia"
"4854","Compañía Cervecerías Unidas","CCU","2206860800","11.92","Chile"
"4855","Minerals Technologies","MTX","2205472768","70.85","United States"
"4856","Big Yellow Group","BYG.L","2203597392","11.2395","United Kingdom"
"4857","Zip Co","ZIP.AX","2203066848","1.76822","Australia"
"4858","Blackbaud","BLKB","2199603968","48.46","United States"
"4859","Ramco Cements","RAMCOCEM.NS","2198851109","9.30564","India"
"4860","Dermapharm","DMP.F","2197909009","44.3656","Germany"
"4861","Saizeriya","7581.T","2197167067","44.7228","Japan"
"4862","Bossard Holding","BOSN.SW","2194949377","284.83","Switzerland"
"4863","UroGen Pharma","URGN","2193759744","44.88","United States"
"4864","Kohl's","KSS","2193155840","19.34","United States"
"4865","Under Armour","UA","2190682112","5.1","United States"
"4866","Netmarble","251270.KS","2190586235","26.7358","South Korea"
"4867","Lotte Shopping","023530.KS","2189324295","77.4416","South Korea"
"4868","Super Retail Group","SUL.AX","2189300486","9.69461","Australia"
"4869","ComfortDelGro","C52.SI","2188288870","1.0103","Singapore"
"4870","Com7 Public Company","COM7.BK","2186373108","0.927334","Thailand"
"4871","I.B.I. Investment House","IBI.TA","2184533111","154.644","Israel"
"4872","Pediatrix Medical Group","MD","2184087808","26.88","United States"
"4873","Crombie Real Estate Investment Trust","CRR-UN.TO","2183778245","11.6215","Canada"
"4874","Bodycote","BOY.L","2182144718","12.8828","United Kingdom"
"4875","Verbio","VBK.F","2178433628","34.19","Germany"
"4876","TX Group","TXGN.SW","2178045134","212.012","Switzerland"
"4877","Cohu","COHU","2176621056","45.98","United States"
"4878","Stagwell","STGW","2175831552","8.9","United States"
"4879","RLX Technology","RLX","2175613184","1.78","China"
"4880","Carborundum Universal","CARBORUNIV.NS","2173747474","11.4104","India"
"4881","Hycroft Mining","HYMC","2171133184","23.3","United States"
"4882","CJ Cheiljedang Corporation","097950.KS","2170916444","135.486","South Korea"
"4883","Aecon Group","ARE.TO","2168655883","31.6456","Canada"
"4884","Chagee","CHA","2167071232","11.36","China"
"4885","Hang Lung Group","0010.HK","2164113677","1.58937","Hong Kong"
"4886","NV Bekaert","BEKB.BR","2161686006","45.0634","Belgium"
"4887","Monarch Casino &amp; Resort","MCRI","2161276672","120.59","United States"
"4888","Applied Aerospace &amp; Defense","AADX","2160090880","12.53","United States"
"4889","Mitsui Fudosan Logistics Park","3471.T","2158875253","670.521","Japan"
"4890","Nankai Electric Railway","9044.T","2154982175","19.9167","Japan"
"4891","Establishment Labs","ESTA","2154676992","72.3","Costa Rica"
"4892","WHA Corporation","WHA.BK","2154089055","0.144117","Thailand"
"4893","Innovex International","INVX","2154023424","30.8","United States"
"4894","Cimpress","CMPR","2152493824","88.4","Ireland"
"4895","UBE Corporation","4208.T","2152342636","22.1561","Japan"
"4896","AQ Group","AQ.ST","2149284456","23.4298","Sweden"
"4897","Teijin Limited","3401.T","2148887730","11.139","Japan"
"4898","Lojas Renner","LREN3.SA","2148731385","2.23613","Brazil"
"4899","Alkami Technology","ALKT","2148464384","20.09","United States"
"4900","Bob's Discount Furniture","BOBS","2147188608","16.43","United States"
"4901","Extendicare","EXE.TO","2147146977","22.5905","Canada"
"4902","Kangwon Land","035250.KS","2145859579","10.8271","South Korea"
"4903","ADMA Biologics","ADMA","2145773184","9.58","United States"
"4904","Zenas BioPharma","ZBIO","2145617664","32.92","United States"
"4905","Saudi Kayan Petrochemical Company","2350.SR","2145196972","1.43013","Saudi Arabia"
"4906","Aurinia Pharmaceuticals","AUPH","2144784896","16.12","Canada"
"4907","SHB (Saigon - Hanoi Commercial Joint Stock Bank)","SHB.VN","2140503278","0.458434","Vietnam"
"4908","Kitron ASA","KIT.OL","2140247387","9.78611","Norway"
"4909","First Commonwealth Financial Corp","FCF","2138343424","21.16","United States"
"4910","Sinfonia Technology","6507.T","2138141397","75.7785","Japan"
"4911","Zymeworks","ZYME","2138126208","29.9","Canada"
"4912","Genesis Energy","GNE.NZ","2136785957","1.63255","New Zealand"
"4913","Clarkson PLC","CKN.L","2133617212","69.452","United Kingdom"
"4914","The Ogaki Kyoritsu Bank","8361.T","2132602234","51.9092","Japan"
"4915","iFAST Corporation","AIY.SI","2131295404","6.99317","Singapore"
"4916","Universal Robina Corporation","UVRBF","2130511232","1","Philippines"
"4917","Sunrun","RUN","2130245120","8.93","United States"
"4918","Electricity Generating Public Company","EGCO.BK","2128909801","4.04378","Thailand"
"4919","Samsonite International","1SO.F","2127609784","1.56007","Luxembourg"
"4920","Stewart Information Services","STC","2125260672","69.63","United States"
"4921","Elekta AB","EKTA-B.ST","2123830648","5.55856","Sweden"
"4922","Alamar Biosciences","ALMR","2121336960","30.57","United States"
"4923","Kinnevik","KINV-A.ST","2120539406","7.53027","Sweden"
"4924","The Keiyo Bank","8544.T","2119452478","18.1907","Japan"
"4925","Forvia SE","FRVIA.PA","2118935733","11.4502","France"
"4926","Namura Shipbuilding","7014.T","2115146670","30.4141","Japan"
"4927","Primaris Real Estate Investment Trust","PMZ-UN.TO","2114724098","15.3407","Canada"
"4928","OYAK Çimento","OYAKC.IS","2114711107","0.434978","Turkey"
"4929","Global Net Lease","GNL","2114245248","9.14","United States"
"4930","New World Development Company","0017.HK","2109046895","0.838054","Hong Kong"
"4931","PC Connection","CNXN","2108138496","83.53","United States"
"4932","Currys plc","CURY.L","2106927230","2.06124","United Kingdom"
"4933","JEOL Ltd.","6951.T","2106806914","43.2598","Japan"
"4934","OC Oerlikon","OERL.SW","2106093600","6.45201","Switzerland"
"4935","Burckhardt Compression","BCHN.SW","2104667133","624.149","Switzerland"
"4936","Central Puerto","CEPU","2104306944","14.03","Argentina"
"4937","Interface, Inc.","TILE","2103358720","36.39","United States"
"4938","Elgi Equipments","ELGIEQUIP.NS","2103333818","6.67214","India"
"4939","Horace Mann Educators","HMN","2103219840","51.93","United States"
"4940","First National Financial","FN.TO","2103105189","35.0708","Canada"
"4941","Per Aarsleff Holding A/S B","PAAL-B.CO","2101439211","111.535","Denmark"
"4942","Solvac","SOLV.BR","2100465418","98.2672","Belgium"
"4943","Mach Natural Resources LP","MNR","2100206976","12.58","United States"
"4944","BWP Trust","BWP.AX","2098824102","2.67214","Australia"
"4945","Hysan Development","0014.HK","2098664769","2.04347","Hong Kong"
"4946","QNB Finans Finansal Kiralama (QNB Finansleasing)","QNBFK.IS","2098467302","0.839387","Turkey"
"4947","AMS-Osram","AMS.SW","2098038873","21.0774","Austria"
"4948","Generate Biomedicines","GENB","2097278720","16.34","United States"
"4949","KRUK Spólka Akcyjna","KRU.WA","2097187108","107.309","Poland"
"4950","Freehold Royalties","FRU.TO","2096843593","12.7887","Canada"
"4951","Kajaria Ceramics","KAJARIACER.NS","2096793225","13.3432","India"
"4952","Iluka Resources","ILU.AX","2096345784","4.86171","Australia"
"4953","ARE Holdings","5857.T","2095548820","24.3826","Japan"
"4954","OPmobility","OPM.PA","2093969258","14.6529","France"
"4955","Konica Minolta","4902.T","2092168554","4.23359","Japan"
"4956","Genus","GNS.L","2091210458","31.4867","United Kingdom"
"4957","Savola Group","2050.SR","2090655997","7.04679","Saudi Arabia"
"4958","HBX Group International plc","HBX.MC","2090623901","8.62891","United Kingdom"
"4959","Caisse Régionale de Crédit Agricole Mutuel Nord de France","CNDF.PA","2090387520","36.1496","France"
"4960","Alamo Group","ALG","2087807232","171.54","United States"
"4961","1st Source","SRCE","2086690304","86.65","United States"
"4962","Signify","LIGHT.AS","2083578022","17.4439","Netherlands"
"4963","The Kiyo Bank","8370.T","2083060526","32.339","Japan"
"4964","Netstreit","NTST","2082433536","20.43","United States"
"4965","AddLife AB","ALIF-B.ST","2082010196","17.0847","Sweden"
"4966","SolarEdge","SEDG","2079570176","33.8","Israel"
"4967","NW Natural Holdings","NWN","2078999680","49.39","United States"
"4968","Bladex","BLX","2078934784","55.84","Panama"
"4969","Perdoceo Education","PRDO","2076932352","33.19","United States"
"4970","Watches of Switzerland Group","WOSG.L","2076687195","8.97398","United Kingdom"
"4971","Arion banki","ARION.IC","2075945597","1.54895","Iceland"
"4972","Cellcom Israel","CEL.TA","2074328217","12.305","Israel"
"4973","Allegiant Travel Company","ALGT","2073842176","75.86","United States"
"4974","Cenomi Centers (Arabian Centres Company)","4321.SR","2073283122","4.36496","Saudi Arabia"
"4975","Hemab Therapeutics Holdings","COAG","2072616576","44.37","United States"
"4976","Vericel","VCEL","2072331776","40.47","United States"
"4977","Brightstar Lottery","BRSL","2072298240","11.34","United Kingdom"
"4978","Centuri Holdings","CTRI","2070752256","20.51","United States"
"4979","National Bank of Oman","NBOB.OM","2069386321","1.27273","Oman"
"4980","DoubleVerify","DV","2069084288","13.35","United States"
"4981","Keel Infrastructure","KEEL","2068870144","3.35","United States"
"4982","Kosé","4922.T","2068300429","36.4455","Japan"
"4983","BillerudKorsnäs","BILL.ST","2067139571","8.31161","Sweden"
"4984","NFI Group","NFI.TO","2065522597","17.3416","Canada"
"4985","Chalet Hotels","CHALET.NS","2064768682","9.42842","India"
"4986","Finolex Cables","FINCABLES.NS","2060613849","13.4734","India"
"4987","Keihan Holdings","9045.T","2060104276","20.4172","Japan"
"4988","Encore Capital Group","ECPG","2055823872","96.93","United States"
"4989","Novocure","NVCR","2054104576","17.64","Jersey"
"4990","Daiwabo Holdings","3107.T","2053794109","23.9013","Japan"
"4991","MFE-Mediaforeurope","MFEA.MI","2053571928","2.93522","Italy"
"4992","Porch Group","PRCH","2050168192","18.06","United States"
"4993","Companhia de Saneamento do Paraná (SANEPAR)","SAPR4.SA","2048298201","1.35541","Brazil"
"4994","Atea ASA","ATEA.OL","2047835758","18.3564","Norway"
"4995","Activia Properties","3279.T","2047748233","861.732","Japan"
"4996","Sunstone Hotel Investors","SHO","2047242752","11.01","United States"
"4997","Utz Brands","UTZ","2047142656","14.22","United States"
"4998","IQM Quantum Computers","IQMX","2046559232","10.8","Finland"
"4999","Select Medical Holdings","SEM","2046298112","16.51","United States"
"5000","EZCorp","EZPW","2046064384","33.3","United States"
"5001","Entra","ENTRA.OL","2045207055","11.2333","Norway"
"5002","Pasqal Holding SA","PSQL","2043437440","9.75","France"
"5003","Genius Sports","GENI","2041993728","7.63","United Kingdom"
"5004","Progyny","PGNY","2041700224","26.61","United States"
"5005","Caisse Régionale de Crédit Agricole Mutuel du Languedoc","CRLA.PA","2040821794","103.5","France"
"5006","Kailera Therapeutics","KLRA","2040591488","15.74","United States"
"5007","City Holding Company","CHCO","2036837376","144.95","United States"
"5008","Custom Truck One Source","CTOS","2033899392","8.94","United States"
"5009","Karooooo","KARO","2033396992","65.82","Singapore"
"5010","Spectrum Brands","SPB","2033040768","88.41","United States"
"5011","Nanobiotix","NBTX","2032453760","40","France"
"5012","Happen, Inc.","HAPN","2028863232","17.58","United States"
"5013","Monadelphous Group","MND.AX","2026525488","20.1599","Australia"
"5014","Mizuno Corporation","8022.T","2025295964","26.6283","Japan"
"5015","Badger Infrastructure Solutions","BDGI.TO","2023468213","60.1157","Canada"
"5016","Getty Realty","GTY","2022102784","32.65","United States"
"5017","Coats Group","COA.L","2021885029","1.05632","United Kingdom"
"5018","Ternium Argentina","TXAR.BA","2018578670","0.446876","Argentina"
"5019","Atul","ATUL.NS","2015969594","68.4731","India"
"5020","The Sumitomo Warehouse Co., Ltd.","9303.T","2015966958","26.6283","Japan"
"5021","Parex Resources","PXT.TO","2015870655","20.9593","Canada"
"5022","Blue Bird Corporation","BLBD","2014621824","63.66","United States"
"5023","Thermon Group","THR","2013932928","61.14","United States"
"5024","Sekisui House Reit","3309.T","2013226918","467.76","Japan"
"5025","Expro Group","XPRO","2011049728","17.9","United States"
"5026","TOMY Company","7867.T","2011000530","23.388","Japan"
"5027","Fukuda Denshi","6960.T","2010819711","74.431","Japan"
"5028","Berli Jucker (BJC)","BJC.BK","2010600407","0.501672","Thailand"
"5029","Aksa Energy","AKSEN.IS","2009859347","1.63891","Turkey"
"5030","CIMC Enric","3899.HK","2008589594","0.95158","China"
"5031","Concentrix","CNXC","2004452736","32.85","United States"
"5032","Paragon Banking Group","PAG.L","2004179770","11.1515","United Kingdom"
"5033","Guzman y Gomez","GYG.AX","2003796176","20.1203","Australia"
"5034","SSP Group","SSPG.L","2003656073","2.65094","United Kingdom"
"5035","Oxford Instruments","OXIG.L","2002101951","36.4369","United Kingdom"
"5036","Pebblebrook Hotel Trust","PEB","2000701312","17.73","United States"
"5037","MIRAIT ONE Corporation","1417.T","1999869010","22.9645","Japan"
"5038","TV Asahi Holdings Corporation","9409.T","1999832425","19.891","Japan"
"5039","Fortress REIT","FFB.JO","1999710300","1.56227","South Africa"
"5040","TAV Airports Holding","TAVHL.IS","1997749757","5.49918","Turkey"
"5041","H&amp;R REIT","HR-UN.TO","1996007058","7.1266","Canada"
"5042","Voyager Technologies","VOYG","1994429696","32.68","United States"
"5043","GFH Financial Group","GFH.AE","1993099026","0.52","Bahrain"
"5044","Gränges","GRNG.ST","1991061028","18.6788","Sweden"
"5045","Midera Food Processing","MFP","1990592256","44.01","United States"
"5046","Ezaki Glico Co., Ltd.","2206.T","1990136525","32.4609","Japan"
"5047","Vermilion Energy","VET","1989456128","13.02","Canada"
"5048","momo.com Inc.","8454.TW","1988588861","7.50481","Taiwan"
"5049","Planisware","PLNW.PA","1987780166","28.7243","France"
"5050","Hammond Power Solutions","HPS-A.TO","1983895063","166.645","Canada"
"5051","Gorman-Rupp","GRC","1983409280","75.1","United States"
"5052","Ratnamani Metals &amp; Tubes","RATNAMANI.NS","1980678657","28.2583","India"
"5053","Xencor","XNCR","1979287552","26.62","United States"
"5054","Insperity","NSP","1979278976","51.82","United States"
"5055","C.Uyemura & Co.,Ltd.","4966.T","1978527096","123.902","Japan"
"5056","Ichor Systems","ICHR","1978332288","52.82","United States"
"5057","Formula Systems","FORTY","1978172032","129","Israel"
"5058","Stolt-Nielsen Limited","0OHK.L","1978140322","32.8984","United Kingdom"
"5059","Agios Pharmaceuticals","AGIO","1977923328","33.13","United States"
"5060","Genesis Energy  L.P.","GEL","1977427712","16.18","United States"
"5061","NextDecade Corp","NEXT","1975095936","7.42","United States"
"5062","Perrigo","PRGO","1974508288","14.27","Ireland"
"5063","Al Masane Al Kobra Mining Company","1322.SR","1974092104","22.2909","Saudi Arabia"
"5064","Batelco (Bahrain Telecommunication Company)","BEYON.BH","1972016955","1.47215","Bahrain"
"5065","Melco Resorts &amp; Entertainment","MLCO","1969664128","5.18","Hong Kong"
"5066","Fuso Chemical","4368.T","1969311839","18.6142","Japan"
"5067","Nayax","NYAX","1969080448","52.68","Israel"
"5068","Malaysian Pacific Industries","3867.KL","1968454666","9.89972","Malaysia"
"5069","The Nanto Bank","8367.T","1965179701","12.5121","Japan"
"5070","Yellow Cake plc","YCA.L","1964518396","7.81757","Jersey"
"5071","Mayora","MYOR.JK","1961774933","0.0890636","Indonesia"
"5072","ASBISc Enterprises","ASB.WA","1961231040","35.3375","Cyprus"
"5073","Tasmea Limited","TEA.AX","1960625215","7.01527","Australia"
"5074","ChipMOS Technologies","IMOS","1960383616","56.38","Taiwan"
"5075","Hyosung Corporation","004800.KS","1959219492","117.195","South Korea"
"5076","Arteche Lantegi Elkartea, S.A.","ART.MC","1955812021","33.7249","Spain"
"5077","HBL","HBLENGINE.NS","1952760910","7.04472","India"
"5078","Castrol India","CASTROLIND.NS","1951756453","1.97322","India"
"5079","Gestamp Automoción","GEST.MC","1951077554","3.43063","Spain"
"5080","Storskogen Group","STOR-B.ST","1944602808","1.15891","Sweden"
"5081","Veris Residential","VRE","1943780352","18.99","United States"
"5082","Sun TV Network","SUNTV.NS","1943413836","4.93146","India"
"5083","Butterfly Network","BFLY","1941218944","7.29","United States"
"5084","Kuwait Telecommunications Company","STC.KW","1941161190","1943.76","Kuwait"
"5085","Íslandsbanki","ISB.IC","1940911934","1.17307","Iceland"
"5086","Kardigan, Inc.","KARD","1939266688","20.74","United States"
"5087","WeRide","WRD","1937551488","5.89","China"
"5088","Vir Biotechnology","VIR","1937522560","11.45","United States"
"5089","Genting Berhad","3182.KL","1935537826","0.502662","Malaysia"
"5090","Stoke Therapeutics","STOK","1935141888","29.99","United States"
"5091","Immunocore","IMCR","1934802944","37.57","United Kingdom"
"5092","Olin Corporation","OLN","1934282752","16.97","United States"
"5093","Muangthai Capital","MTC.BK","1933718522","0.912131","Thailand"
"5094","Kainos Group","KNOS.L","1933696149","16.7713","United Kingdom"
"5095","Nippon Kayaku","4272.T","1933642112","13.3013","Japan"
"5096","BlackLine","BL","1931502720","33.23","United States"
"5097","Stanmore Resources","SMR.AX","1931460686","2.14275","Australia"
"5098","Ziff Davis","ZD","1930712704","56.31","United States"
"5099","National Industries Group Holding","NIND.KW","1929013878","771.025","Kuwait"
"5100","Boursa Kuwait Securities Company","BOURSA.KW","1928534521","9605.42","Kuwait"
"5101","Hotel Properties Limited","H15.SI","1927483075","3.63077","Singapore"
"5102","Semapa","SEM.LS","1927305041","24.1307","Portugal"
"5103","Aarti Industries","AARTIIND.NS","1926991510","5.31252","India"
"5104","Dalrymple Bay Infrastructure","DBI.AX","1926414808","3.88577","Australia"
"5105","Tower Bersama Infrastructure","TBIG.JK","1925550083","0.0853879","Indonesia"
"5106","EIH Limited","EIHOTEL.NS","1924579389","3.07753","India"
"5107","DNO ASA","DNO.OL","1921930583","1.97121","Norway"
"5108","Alkane Resources","ALK.AX","1920795125","1.40593","Australia"
"5109","Bic Camera Inc.","3048.T","1920768001","11.216","Japan"
"5110","eClerx Services","ECLERX.NS","1920574045","20.8701","India"
"5111","ATS Corporation","ATS","1920343296","19.57","Canada"
"5112","Alvotech","ALVO","1919675648","5.38","Iceland"
"5113","VIB (Vietnam International Commercial Joint Stock Bank)","VIB.VN","1919625633","0.563931","Vietnam"
"5114","Embla Medical","EMBLA.CO","1919466221","4.5112","Iceland"
"5115","Preformed Line Products","PLPC","1919450752","392.63","United States"
"5116","Zhejiang Jinke Tom Culture Industry","300459.SZ","1917800713","0.545479","China"
"5117","Vietnam Maritime Commercial Joint Stock Bank","MSB.VN","1917458890","0.512142","Vietnam"
"5118","Kimbell Royalty Partners","KRP","1917387136","14.92","United States"
"5119","AlzChem Group","ACT.DE","1916655095","189.324","Germany"
"5120","GH Research","GHRS","1916492672","27.92","Ireland"
"5121","Vimian Group","VIMIAN.ST","1916287125","3.62879","Sweden"
"5122","Energean","ENOG.L","1916213179","10.3738","United Kingdom"
"5123","Ipsos","IPS.PA","1916072479","45.9821","France"
"5124","Tianyu Digital Technology (Dalian)","002354.SZ","1916051594","1.15802","China"
"5125","Hawaiian Electric Industries","HE","1915553536","11.09","United States"
"5126","Systemair AB","SYSR.ST","1915314766","9.2293","Sweden"
"5127","Gimv NV","GIMB.BR","1913908283","52.0991","Belgium"
"5128","LOTTE Chemical","011170.KS","1912645652","45.3587","South Korea"
"5129","Sonos","SONO","1911630592","16.16","United States"
"5130","Pagaya Technologies","PGY","1909617408","22.89","Israel"
"5131","Admie Holding","ADMIE.AT","1907368508","5.25643","Greece"
"5132","Dicker Data","DDR.AX","1905564010","10.4941","Australia"
"5133","Gujarat Mineral Development","GMDCLTD.NS","1904634004","5.98942","India"
"5134","Enerpac Tool Group","EPAC","1904004608","36.94","United States"
"5135","Al Salam Bank","SALAM.BH","1903513879","1.18568","Bahrain"
"5136","Grand City Properties","GYC.DE","1902787808","10.8036","Luxembourg"
"5137","Protolabs","PRLB","1902508416","79.53","United States"
"5138","Lakefront Biotherapeutics","LKFT","1900365184","29.02","Belgium"
"5139","K's Holdings Corporation","8282.T","1899048470","12.2907","Japan"
"5140","KSB SE &amp; Co. KGaA","KSB.DE","1898170490","1083.85","Germany"
"5141","National Central Cooling Company","TABREED.AE","1898086981","0.667102","United Arab Emirates"
"5142","Migros Ticaret A.S.","MGROS.IS","1898029133","10.6576","Turkey"
"5143","Winpak","WPK.TO","1896811005","32.3343","Canada"
"5144","Fluence Energy","FLNC","1896275584","10.2","United States"
"5145","Ashmore Group","ASHM.L","1895860354","2.91604","United Kingdom"
"5146","Etablissements Maurel &amp; Prom","MAU.PA","1894712004","9.48948","France"
"5147","Innodata","INOD","1892593024","55.045","United States"
"5148","Shanghai Industrial Holdings Limited","0363.HK","1891625307","1.73989","Hong Kong"
"5149","STEF SA","STF.PA","1890404303","149.32","France"
"5150","AB Ignitis grupe","IGN1L.VS","1889908320","26.1077","Lithuania"
"5151","Kyoritsu Maintenance Co., Ltd.","9616.T","1888735682","20.7637","Japan"
"5152","OSG Corporation","6136.T","1886515181","22.9581","Japan"
"5153","Usiminas","USIM5.SA","1885734265","1.53194","Brazil"
"5154","Dah Sing Financial","0440.HK","1884655734","5.90592","Hong Kong"
"5155","Neuren Pharmaceuticals","NEU.AX","1884626181","14.866","Australia"
"5156","Bayer Crop Science","BAYERCROP.NS","1884166620","41.9243","India"
"5157","Public Property Invest AS","PUBLI.OL","1883444064","1.99165","Norway"
"5158","Mitani Corporation","8066.T","1883365144","22.5218","Japan"
"5159","Region Group","RGN.AX","1883032358","1.63858","Australia"
"5160","Youdao","DAO","1881900288","15.6","China"
"5161","Elvalhalcor Hellenic Copper and Aluminium Industry","ELHA.AT","1880831916","4.32608","Greece"
"5162","Hamburger Hafen","HHFA.F","1880704645","25.0029","Germany"
"5163","Jungfraubahn Holding AG","JFN.SW","1878684601","321.981","Switzerland"
"5164","Alef Education","ALEFEDT.AE","1877314278","0.27","United Arab Emirates"
"5165","Astrana Health","ASTH","1876533376","37.83","United States"
"5166","Republic Bank","RBCAA","1875454080","95.52","United States"
"5167","Pfeiffer Vacuum","PFV.F","1875073181","190.022","Germany"
"5168","Aux Electric Co., Ltd.","2580.HK","1873972531","1.17991","China"
"5169","Americas Gold and Silver Corp","USAS","1873393152","5.54","Canada"
"5170","Fagron","FAGR.BR","1872265040","25.5262","Belgium"
"5171","Montana Aerospace","AERO.SW","1871323689","29.8452","Switzerland"
"5172","German American Bancorp","GABC","1871048832","49.79","United States"
"5173","HBM Healthcare Investments","HBMN.SW","1870146406","287.307","Switzerland"
"5174","Sammaan Capital","SAMMAANCAP.NS","1868781875","1.62689","India"
"5175","EcoPro Materials","450080.KS","1868230663","26.4777","South Korea"
"5176","Welspun India","WELSPUNIND.NS","1867418314","1.91","India"
"5177","DXC Technology","DXC","1864617344","11.67","United States"
"5178","National Bank Holdings","NBHC","1864425472","41.86","United States"
"5179","OceanFirst Financial","OCFC","1863319808","19.28","United States"
"5180","Fluxys Belgium","FLUX.BR","1863016412","26.5147","Belgium"
"5181","Australian United Investment Company","AUI.AX","1862557705","8.55661","Australia"
"5182","Galapagos NV","GLPG","1862327296","27.73","Belgium"
"5183","Knowledge Economic City Company","4310.SR","1861455785","5.48616","Saudi Arabia"
"5184","Costamare","CMRE","1860537216","15.39","Monaco"
"5185","Shangri-La","0069.HK","1860514717","0.521073","Hong Kong"
"5186","Metrovacesa","MVC.MC","1858811271","12.2572","Spain"
"5187","Magnit","MGNT.ME","1858286532","17.87","Russia"
"5188","Offcn Education","002607.SZ","1856736757","0.301057","China"
"5189","Braveheart Bio","BRVE","1856050176","26.27","United States"
"5190","DAIHEN Corporation","6622.T","1855536239","78.6017","Japan"
"5191","Surgery Partners","SGRY","1855111680","14.17","United States"
"5192","Lovisa Holdings","LOV.AX","1854423749","16.7459","Australia"
"5193","SigmaRoc plc","SRC.L","1852856847","1.67036","United Kingdom"
"5194","Sanoma","SANOMA.HE","1851584980","11.3967","Finland"
"5195","Elang Mahkota Teknologi","EMTK.JK","1850974888","0.0302533","Indonesia"
"5196","NCC","NCC-B.ST","1850450891","18.8571","Sweden"
"5197","Vivendi","VIV.PA","1850083336","1.85719","France"
"5198","Target Hospitality","TH","1847018368","18.54","United States"
"5199","Syndax Pharmaceuticals","SNDX","1846663808","20.68","United States"
"5200","Aura Investments","AURA.TA","1845336907","6.49506","Israel"
"5201","Recursion Pharmaceuticals","RXRX","1844772480","3.44","United States"
"5202","United Parks &amp; Resorts","PRKS","1841310592","40.61","United States"
"5203","LeMaitre Vascular","LMAT","1840746368","80.49","United States"
"5204","COMPASS Pathways","CMPS","1840356864","13.29","United Kingdom"
"5205","Sildarvinnslan","SVN.IC","1837445048","0.995456","Iceland"
"5206","Bellevue Gold","BGL.AX","1836984440","1.23163","Australia"
"5207","Drägerwerk","DRW8.F","1836948413","97.9184","Germany"
"5208","Türkiye Kalkınma","KLNMA.IS","1836158889","0.183616","Turkey"
"5209","PDF Solutions","PDFS","1835194752","43.46","United States"
"5210","Austevoll Seafood","AUSS.OL","1835005097","9.0921","Norway"
"5211","Nexa Resources","NEXA","1834274816","13.85","Luxembourg"
"5212","Metsä Board","METSA.HE","1833788380","5.16339","Finland"
"5213","Worthington Steel","WS","1833568896","35.99","United States"
"5214","BEML","BEML.NS","1833195428","22.0101","India"
"5215","SmartStop Self Storage REIT","SMA","1832710656","33.1","United States"
"5216","Live Oak Bank","LOB","1830980096","39.56","United States"
"5217","BGF Retail","282330.KS","1830882112","105.984","South Korea"
"5218","Progress Software","PRGS","1829587456","44.61","United States"
"5219","Magellan Financial Group","MFG.AX","1829326381","6.2518","Australia"
"5220","Cogeco","CCA.TO","1827599843","43.4991","Canada"
"5221","Evertec","EVTC","1826635264","30.57","United States"
"5222","Bao Viet Holdings","BVH.VN","1825407216","2.45905","Vietnam"
"5223","Patria Investments","PAX","1825364352","11.31","Cayman Islands"
"5224","P3 Health Partners","PIII","1824803456","9.13","United States"
"5225","KATITAS CO., Ltd.","8919.T","1820340426","23.2597","Japan"
"5226","Sonida Senior Living","SNDA","1820057984","37.88","United States"
"5227","Saudi Chemical Holding Company","2230.SR","1818935336","2.15718","Saudi Arabia"
"5228","Strategic Education","STRA","1818799232","81.9","United States"
"5229","Nongshim","004370.KS","1817993388","311.61","South Korea"
"5230","GigaCloud Technology","GCT","1816579712","50.87","China"
"5231","Century Communities","CCS","1816293632","63.88","United States"
"5232","F&amp;F Co","383220.KS","1816219673","48.4563","South Korea"
"5233","SKAN Group","SKAN.SW","1815387927","80.743","Switzerland"
"5234","G2 Goldfields","GTWO.TO","1815127421","7.01785","Canada"
"5235","Taysha Gene Therapies","TSHA","1814892800","5.57","United States"
"5236","Intershop Holding","ISN.SW","1813063955","196.656","Switzerland"
"5237","Lucid Motors","LCID","1812722816","4.6","United States"
"5238","Zydus Wellness","ZYDUSWELL.NS","1812480571","5.69674","India"
"5239","Dime Community Bancshares","DCOM","1807329536","40.93","United States"
"5240","Quantum Computing","QUBT","1801721088","7.96","United States"
"5241","Great Portland Estates","GPE.L","1801637802","4.46602","United Kingdom"
"5242","Devyani International","DEVYANI.NS","1801612590","1.46123","India"
"5243","Volution Group","FAN.L","1799980152","9.08894","United Kingdom"
"5244","Tokuyama Corporation","4043.T","1799448458","25.0114","Japan"
"5245","Inhibrx Biosciences","INBX","1799381120","122.26","United States"
"5246","Personalis","PSNL","1797441792","16.83","United States"
"5247","PolyPeptide Group","PPGN.SW","1796992386","54.4272","Switzerland"
"5248","Amplitude","AMPL","1796990848","13.55","United States"
"5249","Inspire Medical Systems","INSP","1796490752","62.14","United States"
"5250","Xenia Hotels &amp; Resorts","XHR","1795548288","18.15","United States"
"5251","World Kinect","WKC","1794910336","35.09","United States"
"5252","A10 Networks","ATEN","1794168960","24.71","United States"
"5253","Wacker Neuson","WAC.F","1791542575","26.3403","Germany"
"5254","Tatung Co., Ltd.","2371.TW","1790372060","0.875035","Taiwan"
"5255","Tokai Rika","6995.T","1788706330","20.6289","Japan"
"5256","Hope Bancorp","HOPE","1788385792","14","United States"
"5257","Métropole Télévision (Groupe M6)","MMT.PA","1788132020","14.1877","France"
"5258","Fidelis Insurance","FIHL","1787657472","20.71","Bermuda"
"5259","HPH Trust (Hutchison Port)","NS8U.SI","1785775744","0.205","Singapore"
"5260","Prosegur","PSG.MC","1785223105","3.34341","Spain"
"5261","MBC Group Co.","4072.SR","1785187297","5.36898","Saudi Arabia"
"5262","Bell Food Group","BELL.SW","1784995100","284.83","Switzerland"
"5263","Sihanoukville Autonomous Port","PAS.KH","1779029148","3.95","Cambodia"
"5264","YOOZOO Interactive","002174.SZ","1778633503","1.81528","China"
"5265","Antin Infrastructure Partners","ANTIN.PA","1777469273","9.95465","France"
"5266","Intellia Therapeutics","NTLA","1776806400","12.68","United States"
"5267","Global Partners LP","GLP","1776394496","52.48","United States"
"5268","Albany International","AIN","1775750144","62.59","United States"
"5269","Chambal Fertilisers","CHAMBLFERT.NS","1773938674","4.42763","India"
"5270","Realia Business","RLIA.MC","1773094588","1.17456","Spain"
"5271","Fortrea","FTRE","1770762112","18.62","United States"
"5272","Westshore Terminals Investment","WTE.TO","1770684973","28.6659","Canada"
"5273","Montea Comm","MONT.BR","1769548873","75.9391","Belgium"
"5274","Weis Markets","WMK","1768248832","71.46","United States"
"5275","Boston Beer Company","SAM","1768007808","171.79","United States"
"5276","Marqeta","MQ","1767598080","16.98","United States"
"5277","Sansan, Inc.","4443.T","1767526734","14.1034","Japan"
"5278","S&amp;T Bancorp","STBA","1767153792","50.11","United States"
"5279","Vietnam National Petroleum Group","PLX.VN","1764508310","1.38873","Vietnam"
"5280","Saudia Dairy &amp; Foodstuff Company","2270.SR","1763571595","55.1812","Saudi Arabia"
"5281","Telkom SA","TKG.JO","1762222500","3.56697","South Africa"
"5282","CenturyPly","CENTURYPLY.NS","1761862985","7.93014","India"
"5283","Goodyear","GT","1759061376","6.11","United States"
"5284","Soho House & Co","SHCO","1758889344","8.99","United States"
"5285","AVI Limited","AVI.JO","1758248700","5.26921","South Africa"
"5286","Jeudan","JDAN.CO","1757650186","31.7339","Denmark"
"5287","One Software Technologies","ONE.TA","1757407222","23.8618","Israel"
"5288","Burjeel Holdings","BURJEEL.AE","1757342154","0.34","United Arab Emirates"
"5289","Amano Corporation","6436.T","1757194392","25.3707","Japan"
"5290","Eurocommercial Properties","ECMPA.AS","1757025594","31.9223","Netherlands"
"5291","BASF India","BASF.NS","1755891908","40.5652","India"
"5292","Atoss","AOF.F","1755442824","110.362","Germany"
"5293","Tsubakimoto Chain","6371.T","1754912918","17.318","Japan"
"5294","JustSystems Corporation","4686.T","1753441975","27.3021","Japan"
"5295","Ellington Financial","EFC","1753170176","13.35","United States"
"5296","Israel Canada (T.R) Ltd","ISCN.TA","1752619770","5.13818","Israel"
"5297","Ola Electric Mobility","OLAELEC.NS","1752505679","0.396613","India"
"5298","VNET Group","VNET","1750853632","6.15","China"
"5299","SFL Corp","SFL","1750019072","12.62","Bermuda"
"5300","Ratio Energies","RATI.TA","1749989021","1.55709","Israel"
"5301","Byline Bancorp","BY","1749618176","38.72","United States"
"5302","Mullen Group","MTL.TO","1749215599","18.1754","Canada"
"5303","Travis Perkins","TPK.L","1749194606","8.25714","United Kingdom"
"5304","Salvatore Ferragamo","SFER.MI","1747856453","10.571","Italy"
"5305","Proeduca Altus","PRO.MC","1746356315","38.6676","Spain"
"5306","Sixth Street Specialty Lending","TSLX","1745732736","18.31","United States"
"5307","C3 AI","AI","1744950272","10.9","United States"
"5308","PAL GROUP Holdings","2726.T","1744456421","10.0803","Japan"
"5309","Burkhalter Holding","BRKN.SW","1742598489","163.467","Switzerland"
"5310","Globant","GLOB","1742295040","40.35","Luxembourg"
"5311","Tecnoglass","TGLS","1741754752","39.26","Colombia"
"5312","Neinor Homes","HOME.MC","1740242544","17.9788","Spain"
"5313","Forbo Holding","FORN.SW","1739631742","1213.62","Switzerland"
"5314","Jetblue Airways","JBLU","1739409280","4.61","United States"
"5315","Arcos Dorados Holdings","ARCO","1737970176","8.25","Uruguay"
"5316","Biolife Solutions","BLFS","1737655168","35.53","United States"
"5317","Spadel","SPA.BR","1737557804","418.653","Belgium"
"5318","TriCo Bancshares","TCBK","1736107776","54.31","United States"
"5319","The Musashino Bank","8336.T","1733540622","17.8634","Japan"
"5320","East Pipes Integrated Company for Industry","1321.SR","1732336445","54.9948","Saudi Arabia"
"5321","EVT Limited","EVT.AX","1731396422","10.6273","Australia"
"5322","SRG Global Limited","SRG.AX","1731222178","2.73336","Australia"
"5323","Punjab &amp; Sind Bank","PSB.NS","1731180032","0.24398","India"
"5324","Tata Chemicals","TATACHEM.NS","1729430382","6.78857","India"
"5325","Goodman Property Trust","GMT.NZ","1728117746","1.12303","New Zealand"
"5326","Rupert Resources","RUP.TO","1727970813","7.33956","Canada"
"5327","Bursa Malaysia","1818.KL","1727413272","2.13446","Malaysia"
"5328","Embracer Group","EMBRAC-B.ST","1726756191","7.86588","Sweden"
"5329","Londian Wason New Energy Tech Inc.","FOIL","1725455744","22.28","China"
"5330","Simplex Holdings","4373.T","1723644034","7.69976","Japan"
"5331","IntegraFin","IHP.L","1722565910","5.21397","United Kingdom"
"5332","Coursera","COUR","1721015424","6.01","United States"
"5333","Pathward Financial","CASH","1719411072","82.77","United States"
"5334","American Assets Trust","AAT","1719300224","22.16","United States"
"5335","Liberty Latin America","LILA","1718043136","8.77","United States"
"5336","Septerna","SEPN","1717711616","36.8","United States"
"5337","Bank First","BFC","1716384512","154.83","United States"
"5338","Central Plaza Hotel","CENTEL.BK","1713666803","1.26938","Thailand"
"5339","Bank Dhofar","BKDB.OM","1713341033","0.563636","Oman"
"5340","RHI Magnesita","RHF.F","1712023598","36.167","Austria"
"5341","Scatec ASA","SCATC.OL","1709403471","10.6953","Norway"
"5342","IDT Corporation","IDT","1709216640","68.73","United States"
"5343","TF1","TFI.PA","1708827543","8.11141","France"
"5344","Anterix","ATEX","1708012288","87.1","United States"
"5345","Syngene International","SYNGENE.NS","1707576319","4.24239","India"
"5346","Lindblad Expeditions","LIND","1707424256","26.02","United States"
"5347","Okuma Corporation","6103.T","1707221873","29.3233","Japan"
"5348","Novavax","NVAX","1705538816","10.34","United States"
"5349","Itochu Enex","8133.T","1704042925","15.0915","Japan"
"5350","EDION Corporation","2730.T","1703651746","16.1117","Japan"
"5351","M.Yochananof and Sons","YHNF.TA","1703235414","117.563","Israel"
"5352","Hangzhou Shunwang Technology","300113.SZ","1703068540","2.52619","China"
"5353","Mota-Engil","EGL.LS","1702447638","5.54948","Portugal"
"5354","Japan Elevator Service Holdings","6544.T","1701623208","9.51883","Japan"
"5355","AnaptysBio","ANAB","1701303296","57.46","United States"
"5356","Qatar Insurance Company","QATI.QA","1701243872","0.520879","Qatar"
"5357","Emami","EMAMILTD.NS","1701183481","3.89733","India"
"5358","MCB Bank Pakistan","MCB.PK","1701168892","1.43551","Pakistan"
"5359","CBL Properties","CBL","1699376128","54.92","United States"
"5360","Flight Centre Travel Group Limited","FLT.AX","1699177924","8.29732","Australia"
"5361","KFin Technologies","KFINTECH.NS","1697522379","9.81953","India"
"5362","Idorsia","IDIA.SW","1697401887","6.40248","Switzerland"
"5363","HawkEye 360","HAWK","1696763392","17.32","United States"
"5364","The North West Company","NWC.TO","1696394791","35.7417","Canada"
"5365","MM Group (Mayr-Melnhof AG)","MYM.F","1694759302","87.2194","Austria"
"5366","SeSa S.p.A.","SES.MI","1694716879","111.932","Italy"
"5367","Befesa","BFSA.DE","1693220146","42.3305","Luxembourg"
"5368","Atrium Ljungberg","ATRLJ-B.ST","1692900189","2.68489","Sweden"
"5369","4imprint Group","FOUR.L","1692503152","60.3495","United Kingdom"
"5370","Uranium Royalty","UROY","1691938944","4.44","Canada"
"5371","Champion REIT","2778.HK","1691352696","0.274887","Hong Kong"
"5372","Flex LNG","FLNG","1689845760","31.24","Bermuda"
"5373","Kemper","KMPR","1689101696","28.69","United States"
"5374","Grainger plc","GRI.L","1688119512","2.27629","United Kingdom"
"5375","CAMGSM Plc. (Cellcard)","CGSM.KH","1687793552","0.86","Cambodia"
"5376","HomeCo Daily Needs REIT","HDN.AX","1687764130","0.806684","Australia"
"5377","Union Tool","6278.T","1687685627","86.6223","Japan"
"5378","Cloetta","CLA-B.ST","1687048423","5.86795","Sweden"
"5379","Pharma Mar","PHM.MC","1684591794","97.395","Spain"
"5380","Puuilo","PUUILO.HE","1684271906","20.0256","Finland"
"5381","QCR Holdings","QCRH","1683904384","102.83","United States"
"5382","Becamex (Investment and Industrial Development Corporation)","BCM.VN","1681522653","1.62466","Vietnam"
"5383","KPIT Technologies","KPITTECH.NS","1681339894","6.17624","India"
"5384","Fine Organics","FINEORG.NS","1680903392","54.824","India"
"5385","Dom Development","DOM.WA","1680271799","65.1308","Poland"
"5386","Kosmos Energy","KOS","1679275264","2.82","United States"
"5387","Engineers India","ENGINERSIN.NS","1677352239","2.98439","India"
"5388","Sila Realty Trust","SILA","1677119744","30.36","United States"
"5389","Origin Bancorp","OBK","1676679936","54.35","United States"
"5390","Clariane","CLARI.PA","1674456737","4.68659","France"
"5391","NP3 Fastigheter AB","NP3.ST","1674212298","27.1635","Sweden"
"5392","Adecoagro","AGRO","1673972480","11.6","Luxembourg"
"5393","Astra Microwave","ASTRAMICRO.NS","1673383834","17.6248","India"
"5394","Sundaram Finance","SUNDARMHLD.NS","1673186158","7.58155","India"
"5395","Alembic Pharmaceuticals","APLLTD.NS","1672060975","8.50648","India"
"5396","Derichebourg","DBG.PA","1672024305","10.5652","France"
"5397","Companhia Siderúrgica Nacional","SID","1670878336","1.26","Brazil"
"5398","DCM Shriram","DCMSHRIRAM.NS","1670579781","10.788","India"
"5399","Nerolac Paints","KANSAINER.NS","1670291901","2.0652","India"
"5400","Bora Pharmaceuticals","6472.TW","1669160526","13.0861","Taiwan"
"5401","Esentia Energy Systems","ESENTIAII.MX","1668941089","3.12526","Mexico"
"5402","RLJ Lodging Trust","RLJ","1667768704","10.89","United States"
"5403","Delta Galil Industries","DELG.TA","1667645208","63.5538","Israel"
"5404","SUNeVision","1686.HK","1666870371","0.705394","Hong Kong"
"5405","Amara Raja Energy &amp; Mobility","ARE&M.NS","1666843414","9.10717","India"
"5406","Borregaard","BRG.OL","1666143242","16.7209","Norway"
"5407","MasterBrand","MBC","1662517376","8.17","United States"
"5408","Photronics","PLAB","1661596928","28.18","United States"
"5409","Habib Bank","HBL.PK","1661167292","1.13247","Pakistan"
"5410","Weibo","WB","1660746624","6.76","China"
"5411","Sienna Senior Living","SIA.TO","1659139363","14.9637","Canada"
"5412","Vestis","VSTS","1657287680","12.54","United States"
"5413","Aica Kogyo Company","4206.T","1655693257","26.1664","Japan"
"5414","Nürnberger Versicherung","NBG6.F","1653752711","143.621","Germany"
"5415","ANI Pharmaceuticals","ANIP","1653635584","71.99","United States"
"5416","PORR","ABS2.F","1653532555","42.0979","Austria"
"5417","Nittetsu Mining","1515.T","1653416198","21.0139","Japan"
"5418","Ngern Tid Lor","TIDLOR.BK","1653223964","0.574643","Thailand"
"5419","Godawari Power &amp; Ispat","GPIL.NS","1652059574","2.5393","India"
"5420","Trinity Capital","TRIN","1649438336","18.35","United States"
"5421","Nakanishi","7716.T","1649316545","19.859","Japan"
"5422","Robertet","CBE.PA","1649304789","786.138","France"
"5423","Toho Holdings","8129.T","1648583912","25.4798","Japan"
"5424","Huntsman Corporation","HUN","1648558976","9.4","United States"
"5425","Lapidoth Capital","LAPD.TA","1648426265","27.663","Israel"
"5426","Global Ship Lease","GSL","1648260736","45.74","United Kingdom"
"5427","Peugeot Invest Société anonyme","PEUG.PA","1648009159","66.4031","France"
"5428","Interroll","INRN.SW","1647872307","1973.99","Switzerland"
"5429","Safestore","SAFE.L","1646992828","7.54031","United Kingdom"
"5430","Atlas Energy Solutions","AESI","1645006592","13.17","United States"
"5431","Senior plc","SNR.L","1643848574","3.97641","United Kingdom"
"5432","Triumph Financial","TFIN","1643466112","68.78","United States"
"5433","National Industrialization Company (Saudi Arabia)","2060.SR","1642490392","2.45546","Saudi Arabia"
"5434","Green Thumb Industries","GTII.CN","1641785023","7.51084","United States"
"5435","Modern Times Group (MTG)","MTG-B.ST","1641425955","13.844","Sweden"
"5436","Opera","OPRA","1639636608","18.44","Norway"
"5437","Friedrich Vorwerk Group","VH2.DE","1638562553","81.9281","Germany"
"5438","Paradox Interactive","PDX.ST","1638373345","15.5115","Sweden"
"5439","Shibaura Mechatronics","6590.T","1636246581","24.928","Japan"
"5440","Faes Farma","FAE.MC","1631706017","5.23898","Spain"
"5441","OVS S.p.A.","OVS.MI","1630367517","6.7159","Italy"
"5442","Cembre S.p.A.","CMB.MI","1628894304","96.8717","Italy"
"5443","Seera Holding Group","1810.SR","1626112500","5.94423","Saudi Arabia"
"5444","FMC Corporation","FMC","1625444352","12.98","United States"
"5445","SHO-BOND Holdings","1414.T","1625369049","8.08796","Japan"
"5446","Yuexiu Property","0123.HK","1625131960","0.40372","Hong Kong"
"5447","5N Plus","VNP.TO","1624826374","18.0666","Canada"
"5448","Virgin Australia","VGN.AX","1623931734","2.07073","Australia"
"5449","National Company for Learning and Education","4291.SR","1622706348","37.7374","Saudi Arabia"
"5450","Advanced Petrochemical","2330.SR","1621949986","6.27447","Saudi Arabia"
"5451","Nextage Co Ltd","3186.T","1619659895","20.661","Japan"
"5452","Ingersoll Rand India","INGERRAND.NS","1619382447","51.2982","India"
"5453","Carabao Group","CBG.BK","1619033136","1.61903","Thailand"
"5454","Natco Pharma","NATCOPHARM.NS","1618302724","8.87325","India"
"5455","Ourpalm","300315.SZ","1618182624","0.597642","China"
"5456","Central Securities","CET","1614867328","54.65","United States"
"5457","CTS Corporation","CTS","1614567296","56.54","United States"
"5458","Metro Bank Holdings","MTRO.L","1614463764","2.39667","United Kingdom"
"5459","ICF International","ICFI","1614049536","90","United States"
"5460","Perella Weinberg Partners","PWP","1613976320","16.93","United States"
"5461","ConnectOne Bancorp","CNOB","1613253888","32.06","United States"
"5462","Fox-Wizel","FOX.TA","1612035256","115.933","Israel"
"5463","Aditya Birla Real Estate","ABREL.NS","1611586455","14.5742","India"
"5464","Nomad Foods","NOMD","1607598464","11.5","United Kingdom"
"5465","Econergy Renewable Energy","ECNR.TA","1606459941","20.8221","Israel"
"5466","Distribution Solutions Group","DSGR","1606450816","34.73","United States"
"5467","Vtech","0303.HK","1606435538","6.34217","Hong Kong"
"5468","J&amp;J Snack Foods","JJSF","1605870976","85.96","United States"
"5469","Comer Industries","COM.MI","1604487224","56.053","Italy"
"5470","Wolverine World Wide","WWW","1604396800","19.55","United States"
"5471","MITSUI-SOKO HOLDINGS Co., Ltd.","9302.T","1602170796","21.4182","Japan"
"5472","Ariston Holding","ARIS.MI","1601845949","4.35865","Italy"
"5473","HIAG Immobilien","HIAG.SW","1600817130","158.266","Switzerland"
"5474","Sotetsu Holdings","9003.T","1599186965","16.6636","Japan"
"5475","SkyWater Technology","SKYT","1597181312","32.46","United States"
"5476","Deterra Royalties","DRR.AX","1596069515","3.01426","Australia"
"5477","National Bank of Umm Al Qaiwain","NBQ.AE","1595512932","0.8","United Arab Emirates"
"5478","Perpetual Limited","PPT.AX","1594878941","13.7857","Australia"
"5479","OdontoPrev","ODPV3.SA","1593697043","2.92371","Brazil"
"5480","Marksans Pharma","MARKSANS.NS","1593448122","3.51627","India"
"5481","Avalon Technologies","AVALON.NS","1591866171","23.801","India"
"5482","Lanxess","LXS.F","1589559199","18.4091","Germany"
"5483","Hansol Chemical","014680.KS","1589136217","141.018","South Korea"
"5484","Moltiply Group (Gruppo Mutuionline)","MOL.MI","1587767884","42.6794","Italy"
"5485","Kagome Co., Ltd.","2811.T","1587433616","17.5522","Japan"
"5486","Dana Gas","DANA.AE","1586567719","0.23","United Arab Emirates"
"5487","Dauch Corporation","DCH","1584822784","6.67","United States"
"5488","AEON REIT Investment","3292.T","1583851085","753.293","Japan"
"5489","Omnicell","OMCL","1583575552","34.82","United States"
"5490","B.F. S.p.A.","BFG.MI","1583238092","6.04721","Italy"
"5491","NS United Kaiun Kaisha","9110.T","1583139162","67.1804","Japan"
"5492","Pigeon","7956.T","1576995832","13.2019","Japan"
"5493","Nohmi Bosai Ltd.","6744.T","1576863161","26.7888","Japan"
"5494","Deutsche EuroShop","DEQ.F","1576712459","20.8164","Germany"
"5495","Guaranty Trust Bank","9JO.F","1576660743","2.67857","Nigeria"
"5496","JBM Auto","JBMA.NS","1574792646","6.6589","India"
"5497","Savers Value Village","SVV","1573719040","10.27","United States"
"5498","Icade","ICAD.PA","1573609438","20.7466","France"
"5499","Aluar Aluminio Argentino","ALUA.BA","1573346661","0.561909","Argentina"
"5500","Arvind","ARVIND.NS","1573254050","6.00159","India"
"5501","Nationwide Building Society","NBS.L","1573116002","172.446","United Kingdom"
"5502","Romande Energie","REHN.SW","1572835775","61.3003","Switzerland"
"5503","Misto Holdings (Fila)","081660.KS","1572609290","29.8703","South Korea"
"5504","Avalyn Pharma","AVLN","1571164800","35.44","United States"
"5505","Wüstenrot &amp; Württembergische","WUW.F","1570822286","16.7927","Germany"
"5506","Ingles Markets","IMKTA","1569505280","82.63","United States"
"5507","Killam Apartment REIT","KMP-UN.TO","1569151099","12.7887","Canada"
"5508","V-Guard Industries","VGUARD.NS","1568830761","3.5909","India"
"5509","Ivanhoe Electric","IE","1568772224","9.83","Canada"
"5510","D/S Norden (Dampskibsselskabet Norden)","DNORD.CO","1568551592","57.0589","Denmark"
"5511","Collective Mining","CNL","1568279168","16.91","Canada"
"5512","Phibro Animal Health","PAHC","1566409984","38.58","United States"
"5513","Xeris Pharmaceuticals","XERS","1566131456","8.59","United States"
"5514","Innovative Industrial Properties","IIPR","1566052608","56.8","United States"
"5515","Abu Dhabi Aviation","ADAVIATION.AE","1564791121","1.43","United Arab Emirates"
"5516","Bonesupport Holding AB","BONEX.ST","1564543020","23.8913","Sweden"
"5517","Taikisha","1979.T","1564386747","24.8317","Japan"
"5518","Breedon Group","BREE.L","1564200183","4.5066","United Kingdom"
"5519","Sanlorenzo","SL.MI","1562643474","44.1214","Italy"
"5520","Helix Energy Solutions","HLX","1562253952","10.6","United States"
"5521","Osaka Soda","4046.T","1561540948","12.9228","Japan"
"5522","Fujimi Incorporated","5384.T","1561261730","21.046","Japan"
"5523","freee K.K.","4478.T","1560271745","26.2754","Japan"
"5524","NCAB Group AB","NCAB.ST","1555013387","8.31686","Sweden"
"5525","Yoshinoya Holdings Co., Ltd.","9861.T","1554775474","24.2671","Japan"
"5526","DeNA","2432.T","1550714192","16.763","Japan"
"5527","i-80 Gold","IAUX","1549964032","1.79","United States"
"5528","Schrödinger","SDGR","1549224576","20.71","United States"
"5529","Pearl Abyss","263750.KQ","1548693526","25.2054","South Korea"
"5530","Thai Union Group","TU.BK","1547194849","0.401338","Thailand"
"5531","Nipro Corporation","8086.T","1545155371","9.47391","Japan"
"5532","Bicara Therapeutics","BCAX","1544476288","23.34","United States"
"5533","Crompton Greaves Consumer Electricals","CROMPTON.NS","1543828056","2.39757","India"
"5534","Comforia Residential REIT","3282.T","1543595596","631.38","Japan"
"5535","TPBank (Tien Phong Commercial Joint Stock Bank)","TPB.VN","1543092117","0.556259","Vietnam"
"5536","Turning Point Brands","TPB","1542564096","76.94","United States"
"5537","Innoviva","INVA","1542441216","21.35","United States"
"5538","Sally Beauty Holdings","SBH","1541959040","16.47","United States"
"5539","CIE Automotive India","CIEINDIA.NS","1541743183","4.06404","India"
"5540","Industrie De Nora","DNR.MI","1541640399","7.75672","Italy"
"5541","Europris","EPR.OL","1540837783","9.4149","Norway"
"5542","Nihon Kohden Corporation","6849.T","1539686538","9.6247","Japan"
"5543","Mori Hills REIT Investment","3234.T","1539497204","816.175","Japan"
"5544","MillerKnoll","MLKN","1538933248","22.39","United States"
"5545","NHN Corp","181710.KS","1537815360","49.8577","South Korea"
"5546","Six Flags","FUN","1537814144","15.03","United States"
"5547","Kontron AG","KTN.F","1536569670","25.0494","Austria"
"5548","Kelt Exploration","KEL.TO","1535002270","7.56159","Canada"
"5549","Adient","ADNT","1534549888","19.57","Ireland"
"5550","Mixi","2121.T","1533742320","23.4843","Japan"
"5551","Allient","ALNT","1533255296","90.21","United States"
"5552","Playtech","PTEC.L","1532493452","5.51558","Isle of Man"
"5553","PROG Holdings","PRG","1532322944","38.47","United States"
"5554","BlueNord ASA","BNOR.OL","1532307773","59.9326","Norway"
"5555","Inabata &amp; Co.,Ltd.","8098.T","1531079127","28.6816","Japan"
"5556","Pegasus Airlines","PGSUS.IS","1530476587","3.06095","Turkey"
"5557","ArriVent BioPharma","AVBP","1530018816","31.03","United States"
"5558","B.Grimm Power","BGRIM.BK","1529740583","0.586805","Thailand"
"5559","Furuno Electric Co., Ltd.","6814.T","1529240029","48.3802","Japan"
"5560","Revolve Group","RVLV","1529047424","21.51","United States"
"5561","CATRION Catering Holding Company","6004.SR","1527577214","18.629","Saudi Arabia"
"5562","ARKO Petroleum","APC","1527549184","18.5","United States"
"5563","OCI Holdings Company","010060.KS","1525250676","170.372","South Korea"
"5564","Cardinal Energy","CJ.TO","1525163826","8.67806","Canada"
"5565","PetroVietnam Power","POW.VN","1524095703","0.496797","Vietnam"
"5566","Reit 1 Ltd","RIT1.TA","1523745269","7.53267","Israel"
"5567","Avio S.p.A.","AVIO.MI","1522469873","32.9806","Italy"
"5568","Sparebanken Vest","SVEG.OL","1522353635","13.8817","Norway"
"5569","Cymbria","CYB.TO","1522235863","69.9175","Canada"
"5570","Jubilant Pharmova","JUBLPHARMA.NS","1522092788","9.60995","India"
"5571","Kennedy Wilson","KW","1521191808","10.92","United States"
"5572","Saudi Real Estate Company (Al Akaria)","4020.SR","1521012531","4.05603","Saudi Arabia"
"5573","Capri Holdings","CPRI","1519900416","13.24","United Kingdom"
"5574","Tessenderlo Group","TESB.BR","1519587900","25.7588","Belgium"
"5575","Alexander &amp; Baldwin","ALEX","1518725120","20.84","United States"
"5576","Raspberry Pi","RPI.L","1517954780","7.83786","United Kingdom"
"5577","Ardent Health","ARDT","1517654016","10.76","United States"
"5578","SÜSS MicroTec","SMHN.DE","1517194469","79.3697","Germany"
"5579","Lyntris Inc.","LYNX","1516617984","13.08","United States"
"5580","Tsugami Corporation","6101.T","1516504475","32.5957","Japan"
"5581","Macmahon Holdings","MAH.AX","1516436991","0.703688","Australia"
"5582","Implenia AG","IMPN.SW","1516353774","82.1053","Switzerland"
"5583","Bandwidth","BAND","1515393280","47.09","United States"
"5584","Mitra Keluarga","MIKA.JK","1513814893","0.108855","Indonesia"
"5585","Safety Insurance","SAFT","1513557632","103.1","United States"
"5586","Glory Ltd.","6457.T","1513365791","29.4773","Japan"
"5587","Landis+Gyr","LAND.SW","1511686015","56.7802","Switzerland"
"5588","Absci","ABSI","1510203392","8.8","United States"
"5589","Diagnostyka S.A.","DIA.WA","1509939200","44.7303","Poland"
"5590","Exzeo Group","XZO","1509840000","16.76","United States"
"5591","Hornbach Holding","HBH.DE","1505195603","94.0807","Germany"
"5592","Wizz Air","WIZZ.L","1505067699","14.5396","Jersey"
"5593","Oki Electric Industry Co., Ltd.","6703.T","1504494406","17.3437","Japan"
"5594","4DMedical Limited","4DX.AX","1503722269","2.50648","Australia"
"5595","Nordic American Tankers","NAT","1503429632","7.1","Bermuda"
"5596","Tomen Devices Corporation","2737.T","1503307938","221.047","Japan"
"5597","Wendy’s","WEN","1502235392","7.88","United States"
"5598","Kumho Tire","073240.KS","1502128097","5.22915","South Korea"
"5599","Telia Lietuva","ZWS.F","1500403381","2.50029","Lithuania"
"5600","Nolato AB","NOLA-B.ST","1500194213","5.56904","Sweden"
"5601","Nippon Shinyaku","4516.T","1498096352","22.2266","Japan"
"5602","Kinepolis Group","KIN.BR","1497785626","55.9949","Belgium"
"5603","Eramet","ERA.PA","1495233366","52.1689","France"
"5604","Nishi-Nippon Railroad","9031.T","1494827941","19.7884","Japan"
"5605","SHIFT Inc.","3697.T","1494442544","5.84669","Japan"
"5606","Hillman Solutions","HLMN","1494105472","7.68","United States"
"5607","KSB ltd","KSB.NS","1493264751","8.58005","India"
"5608","Global Industrial Company","GIC","1492703616","39.17","United States"
"5609","Lakeland Financial Corp","LKFN","1492216064","60.03","United States"
"5610","Graphite India","GRAPHITE.NS","1491658347","7.63482","India"
"5611","Healthcare Services Group","HCSG","1490004992","21.71","United States"
"5612","Nazara Technologies","NAZARA.NS","1489513643","3.87192","India"
"5613","Trustpilot Group","TRST.L","1489134870","3.87092","Denmark"
"5614","Tyra Biosciences","TYRA","1483568768","24.86","United States"
"5615","Kaga Electronics","8154.T","1483142715","31.1199","Japan"
"5616","Aktis Oncology","AKTS","1482259712","26.65","United States"
"5617","Kier Group","KIE.L","1481593991","3.42188","United Kingdom"
"5618","Volex plc","VLX.L","1480302323","8.08808","United Kingdom"
"5619","CONMED","CNMD","1480190592","49.42","United States"
"5620","Hokkaido Electric Power Company","9509.T","1479690226","7.20569","Japan"
"5621","Osotspa","OSP.BK","1479499886","0.492551","Thailand"
"5622","Kuwait Real Estate Company (AQARAT)","KRE.KW","1478680844","1150.06","Kuwait"
"5623","Bradespar","BRAP3.SA","1476589226","3.7563","Brazil"
"5624","Nikkiso Co., Ltd.","6376.T","1473968037","22.5539","Japan"
"5625","Kestra Medical Technologies","KMTS","1473282432","25.14","United States"
"5626","Sensirion Holding","SENS.SW","1471582466","94.613","Switzerland"
"5627","Alumis","ALMS","1470384256","11.36","United States"
"5628","Sarana Menara Nusantara","TOWR.JK","1468127481","0.0252205","Indonesia"
"5629","Atlanticus","ATLC","1467094400","96.71","United States"
"5630","Amalgamated Financial","AMAL","1466303232","49.04","United States"
"5631","East India Distilleries Parry","EIDPARRY.NS","1465932996","8.23763","India"
"5632","Ultragenyx Pharmaceutical","RARE","1464044800","14.85","United States"
"5633","Vizsla Silver","VZLA","1463745664","4.17","Canada"
"5634","Gallantt Ispat","GALLANTT.NS","1462498382","6.06139","India"
"5635","InnovAge","INNV","1461881088","10.77","United States"
"5636","Sprinklr","CXM","1461587456","6.24","United States"
"5637","Vedant Fashions","MANYAVAR.NS","1461335591","6.01429","India"
"5638","Xior Student Housing","XIOR.BR","1460748984","31.2827","Belgium"
"5639","Hays plc","HAS.L","1458799097","0.929182","United Kingdom"
"5640","Dis-Chem Pharmacies","DCP.JO","1456773100","1.70162","South Africa"
"5641","Tabcorp","TAH.AX","1456433625","0.635264","Australia"
"5642","Megmilk Snow Brand","2270.T","1455987362","24.3184","Japan"
"5643","Tokai Tokyo Financial Holdings","8616.T","1454345167","5.72991","Japan"
"5644","Savaria Corporation","SIS.TO","1452939606","20.2126","Canada"
"5645","Agilon Health","AGL","1452103936","86.48","United States"
"5646","Norwegian Air Shuttle","NAS.OL","1451436966","1.37888","Norway"
"5647","Okamura Corporation","7994.T","1451236444","15.3289","Japan"
"5648","Starts Corporation","8850.T","1450852729","30.6065","Japan"
"5649","NTN Corporation","6472.T","1450703869","2.44018","Japan"
"5650","Arlo Technologies","ARLO","1450627328","13.48","United States"
"5651","Ahlibank","ABOB.OM","1450484384","0.522078","Oman"
"5652","H&amp;K AG (Heckler &amp; Koch)","MLHK.PA","1448361013","40.8187","Germany"
"5653","Keystone Infra","KSTN.TA","1447267942","7.07706","Israel"
"5654","Derayah Financial Company","4084.SR","1446156955","5.91494","Saudi Arabia"
"5655","Qisda Corporation","2352.TW","1445296484","0.914452","Taiwan"
"5656","HEG","HEG.NS","1445059112","7.48822","India"
"5657","Action Construction Equipment","ACE.NS","1443201333","12.1249","India"
"5658","United Fire Group","UFCS","1442075136","56.1","United States"
"5659","Spin Master","TOY.TO","1440807380","14.4054","Canada"
"5660","Replimune","REPL","1440618112","15.29","United States"
"5661","Lendlease","LLC.AX","1440600769","2.08513","Australia"
"5662","Immatics","IMTX","1440049152","9.46","Germany"
"5663","Brim hf.","BRIM.IC","1439511874","0.747625","Iceland"
"5664","Minera Valparaíso","MINERA.SN","1438670050","11.5094","Chile"
"5665","KalVista Pharmaceuticals","KALV","1437504000","27","United States"
"5666","Sigma Lithium","SGML","1437497344","12.77","Canada"
"5667","Colowide","7616.T","1437200780","13.5195","Japan"
"5668","Maze Therapeutics","MAZE","1437057024","25.87","United States"
"5669","Trisura Group","TSU.TO","1435939012","30.4131","Canada"
"5670","Dorchester Minerals","DMLP","1435923712","29.25","United States"
"5671","Harrow, Inc.","HROW","1434285056","38.26","United States"
"5672","RPC, Inc.","RES","1434120832","6.47","United States"
"5673","Vor Biopharma","VOR","1434094080","24.24","United States"
"5674","Walker &amp; Dunlop","WD","1431383552","41.7","United States"
"5675","Cham Swiss Properties AG","CHAM.SW","1429345319","29.226","Switzerland"
"5676","BigBear.ai","BBAI","1428893568","2.98","United States"
"5677","Alto Neuroscience","ANRO","1428412672","36.4","United States"
"5678","Pilot Corporation","7846.T","1427425824","13.5933","Japan"
"5679","Peoples Bancorp","PEBO","1425472256","39.66","United States"
"5680","Rai Way","RWAY.MI","1423863430","5.30294","Italy"
"5681","EXEDY Corporation","7278.T","1423781162","39.5896","Japan"
"5682","JAPAN MATERIAL Co., Ltd.","6055.T","1423746260","13.8532","Japan"
"5683","Isras Investment Company","ISRS.TA","1423205867","290.864","Israel"
"5684","Borr Drilling","BORR","1422243712","4.61","Bermuda"
"5685","National Bank of Pakistan","NBP.PK","1421818418","0.668301","Pakistan"
"5686","Latigo Biotherapeutics","LTGO","1421590912","22.48","United States"
"5687","Tandem Diabetes Care","TNDM","1421492992","20.43","United States"
"5688","Beach Energy","BPT.AX","1421315029","0.623019","Australia"
"5689","National Medical Care Company","4005.SR","1421072787","31.7984","Saudi Arabia"
"5690","Create SD Holdings","3148.T","1419725242","21.9764","Japan"
"5691","CEAT","CEATLTD.NS","1419467555","35.0918","India"
"5692","Tompkins Financial","TMP","1419448960","98.69","United States"
"5693","Dürr","DUE.F","1418002879","20.4908","Germany"
"5694","Klöckner &amp; Co","KCO.DE","1417542769","14.211","Germany"
"5695","Corbion","CRBN.AS","1417327823","24.5843","Netherlands"
"5696","Great Eagle","0041.HK","1417307216","1.8904","Hong Kong"
"5697","Stepan Company","SCL","1416857216","62.38","United States"
"5698","Abu Dhabi National Hotels","ADNH.AE","1416848157","0.11","United Arab Emirates"
"5699","BinDawood","4161.SR","1415470635","1.23838","Saudi Arabia"
"5700","Energizer Holdings","ENR","1414187136","20.65","United States"
"5701","Sylvamo","SLVM","1412681472","35.53","United States"
"5702","Cheil Worldwide Inc.","030000.KS","1412521080","13.9469","South Korea"
"5703","Hudson Pacific Properties","HPP","1412495488","12.74","United States"
"5704","Nabors Industries","NBR","1412361472","92.97","Bermuda"
"5705","Forestar Group","FOR","1412167936","27.68","United States"
"5706","Celulosa Argentina","CELU.BA","1412147785","0.139897","Argentina"
"5707","Ramsay Générale de Santé","GDS.PA","1411865756","12.7922","France"
"5708","YONEX Co., Ltd.","7906.T","1411341227","16.4967","Japan"
"5709","santec Holdings Corporation","6777.T","1411103744","119.988","Japan"
"5710","PFISTERER Holding SE","PFSE.DE","1409909212","77.916","Germany"
"5711","Gens Aurea","OROX.MI","1409466221","13.9551","Italy"
"5712","The Monogatari Corporation","3097.T","1409380601","36.7022","Japan"
"5713","MPC Container Ships","MPCC.OL","1408998908","2.88688","Norway"
"5714","Hokuriku Electric Power Company","9505.T","1408795672","6.74371","Japan"
"5715","NSD Co., Ltd.","9759.T","1408324701","18.6206","Japan"
"5716","Kuwait International Bank","KIB.KW","1408262702","806.661","Kuwait"
"5717","The Oita Bank","8392.T","1407942038","18.5949","Japan"
"5718","Community Trust Bancorp","CTBI","1407834752","77.49","United States"
"5719","Richelieu Hardware","RCH.TO","1407257562","25.5919","Canada"
"5720","Amprius Technologies","AMPX","1406756480","9.63","United States"
"5721","Almoosa Health Company","4018.SR","1406425379","31.7452","Saudi Arabia"
"5722","Heiwa Corporation","6412.T","1406162651","14.2574","Japan"
"5723","Domino's Pizza Enterprises (Australia)","DMP.AX","1405780416","14.8372","Australia"
"5724","MAAS Group Holdings","MGH.AX","1405358544","3.88937","Australia"
"5725","EL.En. S.p.A. (Elen Group)","ELN.MI","1403828951","17.502","Italy"
"5726","Champion Iron","CIA.AX","1403747757","2.50648","Australia"
"5727","Bilia AB","BILI-A.ST","1403588846","15.3018","Sweden"
"5728","Fukuyama Transporting","9075.T","1403477592","39.8463","Japan"
"5729","Gamma Communications","GAMA.L","1403435148","15.7433","United Kingdom"
"5730","XPEL","XPEL","1403351168","50.9","United States"
"5731","Newsmax","NMAX","1402684544","10.86","United States"
"5732","Televisa","TV","1401979648","2.66","Mexico"
"5733","EverCommerce","EVCM","1400955392","7.93","United States"
"5734","Ramkrishna Forgings","RKFORGE.NS","1398754693","7.69357","India"
"5735","ChemoMetec","CHEMM.CO","1398219016","80.346","Denmark"
"5736","Sano Bruno's Enterprises","SANO1.TA","1396926726","124.281","Israel"
"5737","Machvision Inc.","3563.TW","1395670989","21.8207","Taiwan"
"5738","Wolfspeed","WOLF","1394931200","26.84","United States"
"5739","Hino Motors","7205.T","1394702921","2.42961","Japan"
"5740","InterRent Real Estate Investment Trust","IIP-UN.TO","1394078390","9.81629","Canada"
"5741","TriMas","TRS","1393699840","38.85","United States"
"5742","Wealthfront Corporation","WLTH","1393540096","9.33","United States"
"5743","LOTTE Corporation","004990.KS","1393001612","18.1435","South Korea"
"5744","Future Corporation","4722.T","1392878648","15.7075","Japan"
"5745","TS TECH","7313.T","1391624058","11.9154","Japan"
"5746","Olaplex","OLPX","1391282176","2.07","United States"
"5747","Navigator Holdings","NVGS","1390974592","22.62","United Kingdom"
"5748","Takuma Co., Ltd.","6013.T","1390755074","19.2494","Japan"
"5749","Fresh Del Monte Produce","FDP","1390188416","29.22","Cayman Islands"
"5750","CVR Partners","UAN","1390013056","131.51","United States"
"5751","Banpu Public Company","BANPU.BK","1389965857","0.456066","Thailand"
"5752","Izumi Co., Ltd.","8273.T","1387884150","6.60254","Japan"
"5753","MONY Group plc","MONY.L","1387762177","2.71045","United Kingdom"
"5754","Bittium","BITTI.HE","1386911189","39.0162","Finland"
"5755","The Miyazaki Bank","8393.T","1386457992","16.5224","Japan"
"5756","PILLAR Corporation","6490.T","1384736951","60.5715","Japan"
"5757","Omeros Corporation","OMER","1383340800","19.11","United States"
"5758","Seneca Foods","SENEA","1383068928","204.28","United States"
"5759","Al Yah Satellite Communications Company","YAHSAT.AE","1381741539","0.57","United Arab Emirates"
"5760","Corsair Gaming","CRSR","1381419776","12.77","United States"
"5761","ProPetro","PUMP","1380540800","11.24","United States"
"5762","Freightways","FRW.NZ","1379028072","7.69502","New Zealand"
"5763","Solaris Resources","SLSR","1378340864","8.25","Canada"
"5764","Siam City Cement (INSEE)","SCCC.BK","1377196773","4.62147","Thailand"
"5765","Clarivate","CLVT","1375277696","2.15","United Kingdom"
"5766","Koh Young Technology","098460.KQ","1373632467","20.7617","South Korea"
"5767","Kraken Robotics","PNG.V","1373266768","3.69742","Canada"
"5768","Noritsu Koki","7744.T","1373131622","13.1281","Japan"
"5769","Barloworld","BAW.JO","1372922800","7.36393","South Africa"
"5770","TOMONY Holdings","8600.T","1372717000","7.14153","Japan"
"5771","REX American Resources","REX","1370867840","41.62","United States"
"5772","Zug Estates Holding","ZUGN.SW","1370526347","2687.31","Switzerland"
"5773","Medartis Holding","MED.SW","1370267811","110.093","Switzerland"
"5774","Vitrolife AB","VITR.ST","1370119146","10.1155","Sweden"
"5775","SHIFT UP","462870.KS","1369495636","23.6013","South Korea"
"5776","United Electronics Company (eXtra Saudi)","4003.SR","1368163302","17.6836","Saudi Arabia"
"5777","China Lesso Group","2128.HK","1367775157","0.443901","China"
"5778","Flowers Foods","FLO","1367356288","6.45","United States"
"5779","ASRock Rack Incorporation","7711.TW","1366938800","19.0773","Taiwan"
"5780","Lightspeed Commerce","LSPD","1366696704","10.57","Canada"
"5781","Azenta","AZTA","1365945728","31.18","United States"
"5782","Jamieson Wellness","JWEL.TO","1365945655","32.9215","Canada"
"5783","Westamerica Bancorporation","WABC","1365406848","59.08","United States"
"5784","Ambiq Micro","AMBQ","1364733312","56.43","United States"
"5785","Serica Energy","SQZ.L","1363337160","3.47868","United Kingdom"
"5786","VIEL &amp; Cie","VIL.PA","1362737661","22.0258","France"
"5787","Cullinan Therapeutics","CGEM","1361910272","22.16","United States"
"5788","JSW Holdings","JSWHL.NS","1361533747","122.678","India"
"5789","Morinaga &amp; Company","2201.T","1361242134","16.2112","Japan"
"5790","Intercos","ICOS.MI","1361193594","14.5598","Italy"
"5791","Tamboran Resources","TBN","1361142912","39.05","Australia"
"5792","Karnataka Bank","KTKBANK.NS","1360012233","3.59619","India"
"5793","Aevis Victoria","AEVS.SW","1359291831","15.9133","Switzerland"
"5794","First Mid Bancshares","FMBH","1358825728","51.08","United States"
"5795","UMH Properties","UMH","1358400768","15.95","United States"
"5796","Oman Arab Bank","OAB.OM","1357703955","0.677922","Oman"
"5797","Gibraltar Industries","ROCK","1357626112","45.77","United States"
"5798","Varroc","VARROC.NS","1357200983","8.88224","India"
"5799","Atresmedia Corporación de Medios de Comunicación, S.A.","A3M.MC","1356464932","6.02396","Spain"
"5800","Adtran Networks","ADV.DE","1355995743","26.0495","Germany"
"5801","WEBTOON Entertainment","WBTN","1355753600","9.99","United States"
"5802","Palfinger","PFI.F","1355263378","36.0507","Austria"
"5803","Black Box","BBOX.NS","1355186779","7.63059","India"
"5804","Empire State Realty Trust","ESRT","1354048768","4.42","United States"
"5805","Nutex Health","NUTX","1353707264","197.68","United States"
"5806","Inox Wind","INOXWIND.NS","1353687203","0.783276","India"
"5807","Alpha Tau Medical","DRTS","1352030592","14.62","Israel"
"5808","Dar Global","DAR.L","1350162176","7.5","United Kingdom"
"5809","Edelweiss Financial Services","EDELWEISS.NS","1350141339","1.42641","India"
"5810","Elkem","ELK.OL","1349735739","3.72292","Norway"
"5811","Aichi Steel","5482.T","1348016581","20.9818","Japan"
"5812","I.D.I. Insurance Company","IDIN.TA","1347044826","91.0905","Israel"
"5813","Sopharma","3JR.F","1346169409","2.50029","Bulgaria"
"5814","The Pennant Group","PNTG","1346166528","38.54","United States"
"5815","Elementis","ELM.L","1345585936","2.37232","United Kingdom"
"5816","Alexander's, Inc.","ALX","1344238848","263.2","United States"
"5817","Bega Cheese","BGA.AX","1342549207","4.39355","Australia"
"5818","MeiraGTx","MGTX","1341720576","13.97","United States"
"5819","Advantage Energy","AAV.TO","1340126560","8.00383","Canada"
"5820","Redcare Pharmacy","RDC.DE","1339970958","66.4031","Netherlands"
"5821","Ryerson","RYZ","1338466304","25.79","United States"
"5822","T1 Energy","TE","1337152896","4.54","United States"
"5823","Nippon Soda","4041.T","1336227385","24.928","Japan"
"5824","Oppenheimer Holdings","OPY","1335716480","124.74","United States"
"5825","Betsson AB","BETS-B.ST","1334626329","9.86382","Sweden"
"5826","National Vision Holdings","EYE","1333899392","16.87","United States"
"5827","Toenec Corporation","1946.T","1333771819","14.2702","Japan"
"5828","Centuria Industrial REIT","CIP.AX","1333413027","2.13555","Australia"
"5829","Ricoh Leasing Company","8566.T","1333064206","43.247","Japan"
"5830","Qassim Cement Company","3040.SR","1332363253","12.1388","Saudi Arabia"
"5831","Okumura Corporation","1833.T","1331623540","37.0872","Japan"
"5832","Austal Limited","ASB.AX","1330001999","3.15111","Australia"
"5833","VA Tech Wabag","WABAG.NS","1329979784","21.2871","India"
"5834","Land and Houses","LH.BK","1329764494","0.11128","Thailand"
"5835","Muninova Holdings","547A.T","1327736875","2.77191","Japan"
"5836","Willdan Group","WLDN","1326258176","87.07","United States"
"5837","Kerry Logistics Network","0636.HK","1325671274","0.733457","Hong Kong"
"5838","Électricite de Strasbourg","ELEC.PA","1325656959","184.905","France"
"5839","NAPCO Security Technologies","NSSC","1325220480","37.05","United States"
"5840","secunet","YSN.F","1324145044","204.675","Germany"
"5841","The Greenbrier Companies","GBX","1323909248","42.79","United States"
"5842","South Indian Bank","SOUTHBANK.NS","1322473319","0.504895","India"
"5843","HBT Financial","HBT","1322253696","36.36","United States"
"5844","Norconsult","NORCO.OL","1321906608","4.22325","Norway"
"5845","Frontier Airlines","ULCC","1321438464","5.74","United States"
"5846","Laurentian Bank of Canada","LB.TO","1321108816","29.4489","Canada"
"5847","ORIC Pharmaceuticals","ORIC","1320534784","12.74","United States"
"5848","Pursuit Attractions and Hospitality","PRSU","1317564672","48","United States"
"5849","Digital Turbine","APPS","1316656768","10.88","United States"
"5850","Vossloh AG","VOS.DE","1316649474","68.1475","Germany"
"5851","Bytes Technology","BYIT.L","1315043975","5.70764","United Kingdom"
"5852","Retal Urban Development Company","4322.SR","1314413187","2.63389","Saudi Arabia"
"5853","Zigup","ZIG.L","1313958928","5.85642","United Kingdom"
"5854","Infortar","INF1T.TL","1313579201","63.7283","Estonia"
"5855","Edgewell Personal Care","EPC","1313534080","28.5","United States"
"5856","Dole PLC","DOLE","1312977408","13.9","Ireland"
"5857","Creades AB","CRED-A.ST","1312081866","9.66455","Sweden"
"5858","Yodogawa Steel Works","5451.T","1311635563","9.1563","Japan"
"5859","Ategrity Specialty Insurance Company","ASIC","1311280768","27.36","United States"
"5860","Saudi Ground Services Company","4031.SR","1310777958","6.97222","Saudi Arabia"
"5861","GELEX Group Joint Stock Company","GEX.VN","1310127790","1.00127","Vietnam"
"5862","PCBL Limited","PCBL.NS","1308765474","3.32628","India"
"5863","Rusta AB","RUSTA.ST","1308170092","8.55284","Sweden"
"5864","Old Second Bancorp","OSBC","1306488448","25.68","United States"
"5865","Avino Silver &amp; Gold Mines","ASM","1306187008","7.69","Canada"
"5866","Orora Limited","ORA.AX","1306185184","1.06598","Australia"
"5867","Spire Healthcare Group","SPI.L","1305778967","3.25958","United Kingdom"
"5868","Everforth","EFOR","1305030016","31.83","United States"
"5869","Red Cat Holdings","RCAT","1304180736","8.54","United States"
"5870","Tsakos Energy Navigation","TEN","1303922688","43.28","Greece"
"5871","Afya","AFYA","1303284096","14.73","Brazil"
"5872","China Everbright Limited","0165.HK","1302700473","0.773","Hong Kong"
"5873","Imdex Limited","IMD.AX","1300332439","2.49928","Australia"
"5874","Seaport Therapeutics","SPTX","1300257152","24.29","United States"
"5875","Wacoal Holdings","3591.T","1300249529","26.3011","Japan"
"5876","SM Entertainment","041510.KQ","1300201463","56.7905","South Korea"
"5877","SAN-A CO.,LTD.","2659.T","1299438787","21.7518","Japan"
"5878","PowerX, Inc.","485A.T","1297848630","11.1775","Japan"
"5879","Top Glove","BVA.SI","1297377053","0.161806","Malaysia"
"5880","PVR INOX","PVRINOX.NS","1296686490","13.2046","India"
"5881","Orchid Island Capital","ORC","1296223616","6.52","United States"
"5882","SJM Holdings","0880.HK","1295422509","0.182407","Hong Kong"
"5883","Bristow Group","VTOL","1295355392","43.7","United States"
"5884","Fiskars","FSKRS.HE","1295333358","16.0484","Finland"
"5885","Birchcliff Energy","BIR.TO","1295324799","4.71965","Canada"
"5886","AMN Healthcare Services","AMN","1293969024","33.41","United States"
"5887","Trident","TRIDENT.NS","1293919722","0.25393","India"
"5888","PM Capital Global Opportunities Fund","PGF.AX","1293399013","2.34082","Australia"
"5889","ISE Chemicals","4107.T","1293161840","25.3771","Japan"
"5890","MoonLake Immunotherapeutics","MLTX","1292770560","15.19","Switzerland"
"5891","Alma Media","ALMA.HE","1291989193","15.6995","Finland"
"5892","Oil-Dri Corporation Of America","ODC","1291490176","89.14","United States"
"5893","ProAssurance","PRA","1290193152","25","United States"
"5894","Redox Limited","RDX.AX","1289633965","2.45606","Australia"
"5895","Japan Securities Finance","8511.T","1288832589","15.9578","Japan"
"5896","Boubyan Petrochemical Company","BPCC.KW","1288754810","2300.12","Kuwait"
"5897","naturenergie holding","NEAG.SW","1288592002","39.0093","Switzerland"
"5898","DFDS A/S","DFDS.CO","1286452176","23.816","Denmark"
"5899","Japan Display","6740.T","1286405302","0.301574","Japan"
"5900","F.C.C. Co., Ltd.","7296.T","1286265378","27.1096","Japan"
"5901","Saudi Research and Media Group","4210.SR","1285786511","16.0723","Saudi Arabia"
"5902","u-blox","UBXN.SW","1284949029","166.427","Switzerland"
"5903","SBS Holdings","2384.T","1284419761","32.339","Japan"
"5904","Frey SA","FREY.PA","1283468909","40.7024","France"
"5905","Norion Bank","NORION.ST","1283139101","7.28905","Sweden"
"5906","Pakistan Tobacco Company","PAKT.PK","1282792069","5.02083","Pakistan"
"5907","OCB (Orient Commercial Joint Stock Bank)","OCB.VN","1280598471","0.418153","Vietnam"
"5908","Two Harbors Investment","TWO","1280541440","12.18","United States"
"5909","ARCS Company Limited","9948.T","1280309280","24.0297","Japan"
"5910","Cadre Holdings, Inc.","CDRE","1279483520","29.88","United States"
"5911","La-Z-Boy","LZB","1279285504","31.94","United States"
"5912","Integra LifeSciences","IART","1278579968","16.44","United States"
"5913","Sun Art Retail Group Limited","6808.HK","1277812968","0.133936","China"
"5914","Sun Corp","6736.T","1277746799","59.3523","Japan"
"5915","Develia","DVL.WA","1276930558","2.75595","Poland"
"5916","Develop Global Limited","DVP.AX","1276305057","3.86776","Australia"
"5917","IRSA Inversiones y Representaciones","IRS","1275942784","15.08","Argentina"
"5918","M.P. Evans Group PLC","MPE.L","1275548712","24.5618","United Kingdom"
"5919","LG Household &amp; Health Care","051905.KS","1275370325","76.1141","South Korea"
"5920","Saga","SAGA.L","1274251158","8.76434","United Kingdom"
"5921","MannKind Corp","MNKD","1273316096","3.96","United States"
"5922","Isracard","ISCD.TA","1270517012","3.90103","Israel"
"5923","Aker BioMarine","AKBM.OL","1270482722","14.4828","Norway"
"5924","PureCycle Technologies","PCT","1269718528","6.32","United States"
"5925","Liquidity Services","LQDT","1268930560","40.5","United States"
"5926","Odyssey Therapeutics","ODTX","1268745088","26.4","United States"
"5927","POET Technologies","POET","1268515712","7.33","Canada"
"5928","Gasco (National Gas and Industrialization Company)","2080.SR","1267344066","16.8979","Saudi Arabia"
"5929","Société de la Tour Eiffel","EIFF.PA","1267100569","9.53599","France"
"5930","Sipef","SIP.BR","1266364036","121.177","Belgium"
"5931","LGI Homes","LGIH","1266333440","54.47","United States"
"5932","Eos Energy Enterprises","EOSE","1265905664","3.5","United States"
"5933","Takara Standard","7981.T","1265827034","20.0194","Japan"
"5934","Harmonic Inc.","HLIT","1265716096","11.605","United States"
"5935","Blue Dart Express","BLUEDART.NS","1263011755","53.2289","India"
"5936","Aegean Airlines","AEGN.AT","1262716654","14.0714","Greece"
"5937","Herbalife","HLF","1261656832","12.17","United States"
"5938","AS LHV Group","LHV1T.TL","1259611847","3.86673","Estonia"
"5939","TeamViewer","TMV.DE","1259526106","8.02419","Germany"
"5940","Polestar","PSNY","1259215104","8.69","Sweden"
"5941","Italmobiliare","ITM.MI","1258533247","29.9453","Italy"
"5942","FirstGroup","FGP.L","1258396234","2.40614","United Kingdom"
"5943","GemLife Communities Group","GLF.AX","1257219928","3.30596","Australia"
"5944","Leggett &amp; Platt","LEG","1256618752","9.2","United States"
"5945","Trupanion","TRUP","1255833472","28.79","United States"
"5946","Kanadevia Corporation","7004.T","1254465075","7.45594","Japan"
"5947","Abacus Storage King","ASK.AX","1254095710","0.954336","Australia"
"5948","Unipar Carbocloro","UNIP6.SA","1253261384","11.2277","Brazil"
"5949","BJ's Restaurants","BJRI","1251322752","58.82","United States"
"5950","New Wave Group","NEWA-B.ST","1249657909","9.41808","Sweden"
"5951","Danya Cebus","DNYA.TA","1249479447","37.9793","Israel"
"5952","Dream Finders Homes","DFH","1249384704","13.8","United States"
"5953","Lindsay Corporation","LNN","1249247488","122.85","United States"
"5954","Artivion","AORT","1249134336","25.62","United States"
"5955","Yamama Saudi Cement Company","3020.SR","1249007979","6.16794","Saudi Arabia"
"5956","Lahav LR Real Estate","LAHAV.TA","1248300718","4.03073","Israel"
"5957","Jasa Marga","JSMR.JK","1247677481","0.171907","Indonesia"
"5958","Umios (Maruha Nichiro Corporation)","1333.T","1246530480","8.24516","Japan"
"5959","Universal Insurance Holdings","UVE","1245965056","44.77","United States"
"5960","Bajaj Mobility AG","BMAG.VI","1245900931","36.8648","Austria"
"5961","Ladder Capital","LADR","1245817216","9.82","United States"
"5962","Toagosei","4045.T","1245293656","11.7806","Japan"
"5963","Spinneys","SPINNEYS.AE","1244894545","0.345804","United Arab Emirates"
"5964","Vesuvius plc","VSVS.L","1244710624","5.05572","United Kingdom"
"5965","Pets at Home","PETS.L","1242824366","2.85382","United Kingdom"
"5966","Sinarmas Land","A26.SI","1242348621","0.291963","Singapore"
"5967","Certara","CERT","1240140288","8.13","United States"
"5968","Arçelik","ARCLK.IS","1240046413","1.83513","Turkey"
"5969","Afry AB","AFRY.ST","1240028077","10.9493","Sweden"
"5970","New Pacific Metals","NEWP","1239968000","6.7","Canada"
"5971","Ryman Healthcare","RYM.NZ","1239952812","1.22073","New Zealand"
"5972","Caisse régionale de Crédit Agricole Mutuel Atlantique Vendée","CRAV.PA","1239395914","167.927","France"
"5973","BMV (Bolsa Mexicana de Valores)","BOLSAA.MX","1238038591","2.24449","Mexico"
"5974","Data#3 Limited","DTL.AX","1237584595","7.98041","Australia"
"5975","NCR Voyix Corporation","VYX","1237106304","8.96","United States"
"5976","ARYZTA AG","ARYN.SW","1235852436","49.7833","Switzerland"
"5977","Preferred Bank","PFBC","1235568768","104.24","United States"
"5978","Noritake","5331.T","1235490421","22.4576","Japan"
"5979","Corvus Pharmaceuticals","CRVS","1232371840","14.65","United States"
"5980","Cyient","CYIENT.NS","1232199082","11.7629","India"
"5981","Gentherm","THRM","1228822400","40.02","United States"
"5982","ASA Gold and Precious Metals","ASA","1228356480","65.38","United States"
"5983","Nestle Pakistan","NESTLE.PK","1228203401","27.083","Pakistan"
"5984","Cricut","CRCT","1227907072","5.85","United States"
"5985","Jefferson Capital","JCAP","1227757952","21.38","United States"
"5986","Biglari","BH","1227711744","385.53","United States"
"5987","McEwen Mining","MUX","1227061504","20.54","Canada"
"5988","Monte Rosa Therapeutics","GLUE","1226806656","14.38","United States"
"5989","Red Violet","RDVT","1226470272","76.43","United States"
"5990","Shikoku Kasei Holdings Corp","4099.T","1226026852","14.174","Japan"
"5991","Ominvest","OMVS.OM","1224931574","1.09091","Oman"
"5992","Kri-Kri Milk Industry","KRI.AT","1224862801","37.1555","Greece"
"5993","Unusual Machines","UMAC","1224433920","24.51","United States"
"5994","The RealReal","REAL","1224011392","10.06","United States"
"5995","Toho Titanium","5727.T","1223631380","17.1892","Japan"
"5996","Jazeera Airways","JAZEERA.KW","1223324616","5578.59","Kuwait"
"5997","NexPoint Residential Trust","NXRT","1223010048","23.7","United States"
"5998","GenusPlus Group Limited","GNP.AX","1222775997","6.01412","Australia"
"5999","Chow Sang Sang Holdings","0116.HK","1220968983","1.8177","Hong Kong"
"6000","Fever-Tree Drinks","FEVR.L","1220708546","11.023","United Kingdom"
"6001","Caisse Régionale de Crédit Agricole Mutuel Sud Rhône Alpes","CRSU.PA","1220233426","268.636","France"
"6002","Musashi Seimitsu Industry","7220.T","1219989070","18.6142","Japan"
"6003","Leon's Furniture","LNF.TO","1219674847","17.7404","Canada"
"6004","Asiana Airlines","020560.KS","1219436340","5.92244","South Korea"
"6005","Grocery Outlet","GO","1218739328","12.3","United States"
"6006","Eximbank (Vietnam Export Import Commercial Joint Stock Bank)","EIB.VN","1218375238","0.654084","Vietnam"
"6007","Labrador Iron Ore Royalty Corp.","LIF.TO","1217973767","19.0308","Canada"
"6008","TF Bank AB","TFBANK.ST","1217506421","18.8323","Sweden"
"6009","Carter's","CRI","1216975744","33.15","United States"
"6010","PROCEPT BioRobotics","PRCT","1216355712","21.37","United States"
"6011","Hongkong and Shanghai Hotels","0045.HK","1216249324","0.72963","Hong Kong"
"6012","Kanamoto","9678.T","1216226876","35.7397","Japan"
"6013","Marcus &amp; Millichap","MMI","1216038016","32.11","United States"
"6014","Vistry Group","VTY.L","1215623846","3.82763","United Kingdom"
"6015","The National Agricultural Development Company","6010.SR","1214625342","4.02674","Saudi Arabia"
"6016","Guardian Capital Group","GCG.TO","1214390315","49.1475","Canada"
"6017","Cibus Nordic Real Estate","CIBUS.ST","1214307176","14.7931","Sweden"
"6018","Aamal Company","AHCS.QA","1213269205","0.192582","Qatar"
"6019","Piedmont Realty Trust","PDM","1212536960","9.69","United States"
"6020","Clear Channel Outdoor","CCO","1211643392","2.38","United States"
"6021","Allied Properties REIT","AP-UN.TO","1210634373","6.18412","Canada"
"6022","Janux Therapeutics","JANX","1210508032","19.8","United States"
"6023","J.S.B.Co.","3480.T","1210009536","57.3632","Japan"
"6024","CVS Group","CVSG.L","1209814194","17.7992","United Kingdom"
"6025","BellRing Brands","BRBR","1209293184","10.4","United States"
"6026","Bank of Sharjah","BOS.AE","1208886932","0.4","United Arab Emirates"
"6027","Ameresco","AMRC","1208317696","22.77","United States"
"6028","Cracker Barrel","CBRL","1208096384","54.05","United States"
"6029","Makhazen","MKHZN.KW","1207791533","482.701","Kuwait"
"6030","NTT UD REIT Investment Corporation","8956.T","1206814925","821.949","Japan"
"6031","Donnelley Financial Solutions","DFIN","1206404736","49.07","United States"
"6032","Bangkok Airways","BA.BK","1204595141","0.580724","Thailand"
"6033","Electrica","ECEA.F","1204368660","14.1877","Romania"
"6034","GoodRx","GDRX","1204243200","3.53","United States"
"6035","Banco do Estado do Rio Grande do Sul S.A.","BRSR6.SA","1203314346","2.94227","Brazil"
"6036","Yelp","YELP","1201939200","22.15","United States"
"6037","OPKO Health","OPK","1201588480","1.61","United States"
"6038","Cronos Group","CRON","1201025920","3.26","Canada"
"6039","Radware","RDWR","1200613376","28.53","Israel"
"6040","H.U. Group Holdings","4544.T","1199822902","21.9764","Japan"
"6041","Bitfarms","BITF","1199686528","1.98","Canada"
"6042","Alerion Clean Power","ARN.MI","1199581424","22.3282","Italy"
"6043","ZoomInfo","GTM","1199373312","4.12","United States"
"6044","Tennant Company","TNC","1199248000","70.34","United States"
"6045","Canfor","CFP.TO","1197791779","10.2078","Canada"
"6046","Voltamp Transformers","VOLTAMP.NS","1197455810","118.359","India"
"6047","Heritage Financial","HFWA","1195961856","29.23","United States"
"6048","BCI Minerals Limited","BCI.AX","1195428304","0.406943","Australia"
"6049","Altus Group","AIF.TO","1193599351","34.879","Canada"
"6050","Easterly Government Properties","DEA","1191331200","24.31","United States"
"6051","Mercialys","MERY.PA","1190466169","12.7224","France"
"6052","Universal Technical Institute","UTI","1190057088","21.6","United States"
"6053","Bank Islam Malaysia","5258.KL","1189779146","0.524947","Malaysia"
"6054","Genco Shipping &amp; Trading","GNK","1189478400","27.29","United States"
"6055","Arhaus","ARHS","1188936448","8.4","United States"
"6056","Abdullah Al-Othaim Markets Company","4001.SR","1188846581","1.32094","Saudi Arabia"
"6057","Nippon Light Metal Holdings Company","5703.T","1187568831","19.2815","Japan"
"6058","Celesc (Centrais Elétricas de Santa Catarina)","CLSC4.SA","1187464149","30.786","Brazil"
"6059","Precision Drilling Corporation","PDS","1186556032","92.32","Canada"
"6060","Sakata Seed","1377.T","1186315502","28.072","Japan"
"6061","United Real Estate Company","URC.KW","1186103520","842.296","Kuwait"
"6062","Summerset Holdings","SUM.NZ","1186061183","4.85351","New Zealand"
"6063","Oakley Capital Investments","OCI.L","1185640984","7.22246","Bermuda"
"6064","Sanyo Denki","6516.T","1184981646","33.3656","Japan"
"6065","Deep Yellow","DYL.AX","1183721798","1.21507","Australia"
"6066","Loma Negra","LOMA","1183303936","10.14","Argentina"
"6067","Shoals Technologies","SHLS","1183148672","7.03","United States"
"6068","Iino Kaiun Kaisha","9119.T","1182609341","11.1775","Japan"
"6069","STAAR Surgical","STAA","1182144512","23.575","United States"
"6070","Teekay","TK","1181202688","13.47","Canada"
"6071","Kuwait Projects Company Holding","KPROJ.KW","1181174350","252.041","Kuwait"
"6072","Komeri Co.,Ltd.","8218.T","1181104548","25.1526","Japan"
"6073","Fnac Darty","FNAC.PA","1180051860","40.1791","France"
"6074","Nitta Corporation","5186.T","1179361010","42.9903","Japan"
"6075","2G Energy AG","2GB.DE","1178753328","65.7053","Germany"
"6076","Lampsa Hellenic Hotels","LAMPS.AT","1177641161","55.1227","Greece"
"6077","Monex Group","8698.T","1177392814","4.68402","Japan"
"6078","JOST Werke SE","JST.DE","1176024006","71.7525","Germany"
"6079","ScanSource","SCSC","1175977216","57.86","United States"
"6080","Teladoc Health","TDOC","1175495552","6.47","United States"
"6081","Compagnie des Alpes","CDA.PA","1174135712","23.119","France"
"6082","Willis Lease Finance Corporation","WLFC","1173709568","55.51","United States"
"6083","U.S. Physical Therapy, Inc.","USPH","1173521024","78.64","United States"
"6084","Sana Biotechnology","SANA","1173493760","3.92","United States"
"6085","Cosmo Pharmaceuticals","C43.F","1173487599","68.2638","Ireland"
"6086","Ali Al-Ghanim Sons Automotive Company","ALG.KW","1173257388","2990.15","Kuwait"
"6087","FuelCell Energy","FCEL","1172928000","14.67","United States"
"6088","Heineken Malaysia","3255.KL","1171438553","3.87768","Malaysia"
"6089","Avanos Medical","AVNS","1170726912","24.99","United States"
"6090","Ceres Power","CWR.L","1170589263","5.47501","United Kingdom"
"6091","GasLog Partners LP","GLOP-PA","1170184832","25.5","Greece"
"6092","Kura Oncology","KURA","1169832064","13.15","United States"
"6093","DroneShield","DRO.AX","1169519366","1.26404","Australia"
"6094","Altareit","AREIT.PA","1169139038","668.682","France"
"6095","York Space Systems","YSS","1168913152","8.51","United States"
"6096","Suburban Propane Partners","SPH","1168801024","17.52","United States"
"6097","Fortune REIT","0778.HK","1167865537","0.565081","Hong Kong"
"6098","J D Wetherspoon","JDW.L","1167593894","11.0771","United Kingdom"
"6099","Caisse Régionale de Crédit Agricole Mutuel Alpes Provence","CRAP.PA","1167555300","156.995","France"
"6100","Sawai Group Holdings","4887.T","1167460903","10.1091","Japan"
"6101","National Healthcare Properties","NHP","1165748992","15.99","United States"
"6102","Tuya Inc.","TUYA","1164910208","1.9","China"
"6103","Myers Industries","MYE","1164655488","30.96","United States"
"6104","Chiyoda Corporation","6366.T","1164129626","4.49153","Japan"
"6105","Mezzan Holding Company","MEZZAN.KW","1164072160","3744.98","Kuwait"
"6106","edenor","EDN","1163664512","24.46","Argentina"
"6107","thyssenkrupp nucera","NCH2.DE","1163408288","9.21037","Germany"
"6108","WIN Semiconductors","3105.TWO","1160905204","14.3632","Taiwan"
"6109","Indus Holding","INH.F","1160341885","43.3771","Germany"
"6110","Univest Financial Corporation","UVSP","1159771264","42.05","United States"
"6111","Elco Ltd.","ELCO.TA","1159664307","44.3646","Israel"
"6112","ARB Corporation Limited","ARB.AX","1159334497","13.8577","Australia"
"6113","Securitize Corp.","SECZ","1159186304","7.1","United States"
"6114","BKS Bank","BKS.VI","1158918389","25.3518","Austria"
"6115","Saudi Cement Company","3030.SR","1158022814","7.56878","Saudi Arabia"
"6116","AS ONE Corporation","7476.T","1157620243","16.2433","Japan"
"6117","Apnimed, Inc.","APMD","1157540736","27.81","United States"
"6118","EPIC Suisse","EPIC.SW","1157279696","103.282","Switzerland"
"6119","Fatima Fertilizer","FATIMA.PK","1156506324","0.550717","Pakistan"
"6120","Marten Transport","MRTN","1156329216","14.16","United States"
"6121","StorageVault Canada","SVI.TO","1156115455","3.16093","Canada"
"6122","PHC Holdings Corporation","6523.T","1155165623","9.13063","Japan"
"6123","Retail Estates NV","RET.BR","1155068044","76.8694","Belgium"
"6124","Terveystalo","TTALO.HE","1154690176","9.10571","Finland"
"6125","Tadano","6395.T","1153560643","9.10497","Japan"
"6126","MarineMax","HZO","1152044160","52.16","United States"
"6127","Amerant Bancorp","AMTB","1151789824","29.39","United States"
"6128","Light S.A.","LIGT3.SA","1150013662","0.713991","Brazil"
"6129","G-III Apparel Group","GIII","1148849280","27.23","United States"
"6130","Bonheur ASA","BONHR.OL","1148671991","27.0073","Norway"
"6131","Upwork","UPWK","1147861888","9.19","United States"
"6132","Vitec Software Group","VIT-B.ST","1147339209","28.9884","Sweden"
"6133","Afcons Infrastructure","AFCONS.NS","1147246805","3.11934","India"
"6134","Universal Corporation","UVV","1145116800","45.99","United States"
"6135","KEC International","KEC.NS","1144399397","4.29902","India"
"6136","Inventiva Pharma","IVA","1143308032","4.84","France"
"6137","Lumexa Imaging","LMRI","1143292160","11.9","United States"
"6138","Srisawad Corporation","SAWAD.BK","1141686233","0.687139","Thailand"
"6139","Metropolitan Bank Holding","MCB","1141463424","92.07","United States"
"6140","Siam Global House","GLOBAL.BK","1141178997","0.203709","Thailand"
"6141","Winmark","WINA","1140154368","317.4","United States"
"6142","MLP SE","MLP.DE","1139295121","10.4314","Germany"
"6143","Daiseki","9793.T","1139289599","24.0938","Japan"
"6144","Invisio AB","IVSO.ST","1139131615","24.6674","Sweden"
"6145","Five Star Bancorp","FSBC","1138744192","46.41","United States"
"6146","Yurtec Corporation","1934.T","1137956268","16.5673","Japan"
"6147","American Bitcoin Corp","ABTC","1137796096","9.34","United States"
"6148","ACV Auctions","ACVA","1137713408","6.7","United States"
"6149","Fuji Co., Ltd.","8278.T","1137502118","13.1281","Japan"
"6150","Towa Pharmaceutical","4553.T","1137128390","23.0993","Japan"
"6151","Saudi Reinsurance Company","8200.SR","1137114522","6.79645","Saudi Arabia"
"6152","International General Insurance Holdings Ltd.","IGIC","1136833536","26.77","Jordan"
"6153","Shin-Etsu Polymer","7970.T","1136608324","14.1419","Japan"
"6154","Rhön-Klinikum","RHK.DE","1136529479","16.9787","Germany"
"6155","Fuji Seal International","7864.T","1136366847","21.3027","Japan"
"6156","MATSUDA SANGYO","7456.T","1135824179","43.9528","Japan"
"6157","Great Lakes Dredge &amp; Dock Corp.","GLDD","1135273600","17","United States"
"6158","Frequentis","FQT.VI","1134674454","85.4751","Austria"
"6159","Prosegur Cash","CASH.MC","1133293009","0.774509","Spain"
"6160","Gulf Cable and Electrical Industries Company - KPSC","CABLE.KW","1132732313","5461.97","Kuwait"
"6161","XPLR Infrastructure","XIFR","1132542976","12.01","United States"
"6162","Mainstreet Equity","MEQ.TO","1131383766","121.79","Canada"
"6163","Saul Centers","BFS","1128692608","32.5","United States"
"6164","Nagarro","NA9.DE","1128376270","91.1734","Germany"
"6165","Ferretti","F3T1.F","1128144280","3.33295","Italy"
"6166","Commercial Real Estate Company (Kuwait)","ALTIJARIA.KW","1128012551","605.805","Kuwait"
"6167","Supply Network Limited","SNL.AX","1127344269","25.6986","Australia"
"6168","Northeast Bank","NBN","1126997504","131.73","United States"
"6169","Growthpoint Properties Australia","GOZ.AX","1125064902","1.49092","Australia"
"6170","Polenergia","PEP.WA","1124325249","14.5602","Poland"
"6171","Lassonde Industries","LAS-A.TO","1123632999","164.716","Canada"
"6172","DigiCo Infrastructure REIT","DGT.AX","1123443237","2.00951","Australia"
"6173","Prospect Capital","PSEC","1122914944","2.19","United States"
"6174","United Super Markets Holdings","3222.T","1122884994","5.42191","Japan"
"6175","Indian Energy Exchange","IEX.NS","1121567930","1.26118","India"
"6176","Country Garden","2007.HK","1120072018","0.0239808","China"
"6177","Deluxe Corporation","DLX","1118893440","24.4","United States"
"6178","Enovis","ENOV","1118788224","19.4","United States"
"6179","Versamet Royalties Corporation","VMET","1117679104","10.27","Canada"
"6180","Ecovyst","ECVT","1117672320","10.21","United States"
"6181","Zensar","ZENSARTECH.NS","1117372950","4.9267","India"
"6182","Solid Biosciences","SLDB","1117287040","10.42","United States"
"6183","Plejd AB","PLEJD.ST","1117104690","98.5857","Sweden"
"6184","engcon AB","ENGCON-B.ST","1116713792","7.33788","Sweden"
"6185","Vincorion SE","V1NC.DE","1116408962","22.3282","Germany"
"6186","Gerresheimer","GXI.F","1115852097","32.3061","Germany"
"6187","Zhongsheng Group","0881.HK","1115624961","0.471326","China"
"6188","Chesnara plc","CSN.L","1115477034","4.82174","United Kingdom"
"6189","Altri","ALTR.LS","1115235095","5.43668","Portugal"
"6190","Jastrzebska Spólka Weglowa","JSW.WA","1115151112","9.49779","Poland"
"6191","Mahanagar Gas","MGL.NS","1114968200","11.2876","India"
"6192","NPK International","NPKI","1114017792","13.12","United States"
"6193","HTC Corporation","2498.TW","1112623989","1.33068","Taiwan"
"6194","Kurabo Industries","3106.T","1112362792","70.5811","Japan"
"6195","ARIAKE JAPAN","2815.T","1111681251","34.9056","Japan"
"6196","AMAG Austria Metall","AM8.F","1111355277","31.5153","Austria"
"6197","Nichicon Corporation","6996.T","1110483955","16.5352","Japan"
"6198","Marcopolo","POMO4.SA","1110371500","0.894451","Brazil"
"6199","Mission Produce","AVO","1110179968","12.57","United States"
"6200","Bombay Burmah","BBTC.NS","1108965213","15.8942","India"
"6201","PagerDuty","PD","1108963200","14.1","United States"
"6202","Bowhead Specialty Holdings","BOW","1108202624","33.64","United States"
"6203","Hyosung TNC Corporation","298020.KS","1107897146","258.139","South Korea"
"6204","Inwido AB","INWI.ST","1107788238","19.1088","Sweden"
"6205","IRadimed","IRMD","1107225472","86.59","United States"
"6206","Rockhopper Exploration","RKH.L","1106590559","1.05497","United Kingdom"
"6207","Jupiter Fund Management","JUP.L","1106198003","2.20731","United Kingdom"
"6208","MilDef Group","MILDEF.ST","1105895392","23.4823","Sweden"
"6209","Polar Capital Holdings","POLR.L","1103895125","11.7128","United Kingdom"
"6210","IndiaMART","INDIAMART.NS","1103503556","18.3493","India"
"6211","United Arab Bank","UAB.AE","1103493780","0.36","United Arab Emirates"
"6212","Savara","SVRA","1103320320","5.37","United States"
"6213","Middlesex Water Company","MSEX","1101993984","58.48","United States"
"6214","Ichibanya Co., Ltd.","7630.T","1101934049","6.90412","Japan"
"6215","Asseco South Eastern Europe","ASE.WA","1101753275","21.2307","Poland"
"6216","Waypoint REIT","WPR.AX","1100686452","1.68539","Australia"
"6217","Ingenia Communities Group","INA.AX","1099394467","2.69735","Australia"
"6218","Chugoku Marine Paints","4617.T","1099210408","22.1368","Japan"
"6219","Nine Entertainment Co. Holdings","NEC.AX","1098749119","0.692884","Australia"
"6220","Is Yatirim Menkul Degerler Anonim Sirketi","ISMEN.IS","1097357894","0.731572","Turkey"
"6221","Plazza AG","PLAN.SW","1097164080","530.031","Switzerland"
"6222","Hagar hf.","HAGA.IC","1096951813","1.00785","Iceland"
"6223","Specialized Medical Company","4019.SR","1096567133","4.38627","Saudi Arabia"
"6224","Sumitomo Osaka Cement","5232.T","1096441353","34.5976","Japan"
"6225","LegalZoom","LZ","1096094848","6.4","United States"
"6226","Rosetti Marino","YRM.MI","1095941391","288.406","Italy"
"6227","Neo Performance Materials","NEO.TO","1095875168","23.7215","Canada"
"6228","Superior Plus","SPB.TO","1095294809","5.10389","Canada"
"6229","AGI Inc (Agibank)","AGBK","1094875392","6.85","Brazil"
"6230","Newag","NWG.WA","1094843359","24.3299","Poland"
"6231","Leejam Sports Company","1830.SR","1094777471","20.9326","Saudi Arabia"
"6232","Mitsui High-tec","6966.T","1094040874","5.98656","Japan"
"6233","Abu Dhabi National Insurance Company","ADNIC.AE","1092572405","1.92","United Arab Emirates"
"6234","GrainCorp","GNC.AX","1089680516","4.90133","Australia"
"6235","Aavas Financiers","AAVAS.NS","1089204522","13.737","India"
"6236","Upbound Group","UPBD","1088449920","18.67","United States"
"6237","RITES","RITES.NS","1087520252","2.26282","India"
"6238","JACCS Co., Ltd.","8584.T","1086058235","24.2542","Japan"
"6239","Capitol Federal Financial","CFFN","1085651200","8.8","United States"
"6240","Tosei Corporation","8923.T","1085529129","11.1903","Japan"
"6241","Pacific Industrial","7250.T","1085177169","18.816","Japan"
"6242","CRA International","CRAI","1083386112","172.6","United States"
"6243","Resolute Holdings Management","RHLD","1083092096","138.51","United States"
"6244","Fujita Kanko","9722.T","1081857764","18.0495","Japan"
"6245","Whirlpool S.A.","WHRL3.SA","1081819675","0.719876","Brazil"
"6246","Olectra Greentech","OLECTRA.NS","1081493594","13.176","India"
"6247","REE (Refrigeration Electrical Engineering Corporation)","REE.VN","1081311105","1.73591","Vietnam"
"6248","TripAdvisor","TRIP","1080995200","9.29","United States"
"6249","Phoenix Education Partners","PXED","1080700288","29.98","United States"
"6250","Whirlpool India","WHIRLPOOL.NS","1080653366","8.51442","India"
"6251","O-I Glass","OI","1080228096","7.03","United States"
"6252","CJ Logistics Corporation","000120.KS","1079737150","54.1354","South Korea"
"6253","HSC (Ho Chi Minh City Securities Corporation)","HCM.VN","1079252329","0.999348","Vietnam"
"6254","Mips AB","MIPS.ST","1079109988","40.7348","Sweden"
"6255","Phoenix Power Company","PHPC.OM","1078906039","0.737662","Oman"
"6256","Smartgroup Corporation","SIQ.AX","1078469084","8.29732","Australia"
"6257","BKI Investment Company","BKI.AX","1078388047","1.33607","Australia"
"6258","Lithium Americas","LAC","1078237568","2.97","Canada"
"6259","Norbit ASA","NORBT.OL","1078081091","16.85","Norway"
"6260","B2 Impact ASA","B2I.OL","1077441379","2.90517","Norway"
"6261","Moonpig Group","MOON.L","1077112869","3.67886","United Kingdom"
"6262","Sichuan Xunyou Network Technology","300467.SZ","1076640362","5.2983","China"
"6263","Kissei Pharmaceutical","4547.T","1076382835","25.9546","Japan"
"6264","Corticeira Amorim","COR.LS","1075993695","8.16374","Portugal"
"6265","Gulf Insurance Group","GINS.KW","1075858605","3780.61","Kuwait"
"6266","Kingsgate Consolidated Limited","KCN.AX","1075000159","4.04062","Australia"
"6267","Aedas Homes","AEDAS.MC","1074840073","24.5959","Spain"
"6268","eXp World Holdings","EXPI","1073469056","6.74","United States"
"6269","Vivara","VIVA3.SA","1073261168","4.56445","Brazil"
"6270","Aktia Bank","AKTIA.HE","1072901540","14.5831","Finland"
"6271","MBB SE","MBB.DE","1072884571","206.303","Germany"
"6272","Finnair","FIA1S.HE","1072490404","5.23549","Finland"
"6273","Canaccord Genuity Group","CF.TO","1071543439","10.505","Canada"
"6274","Precinct Properties","PCT.NZ","1071028281","0.578009","New Zealand"
"6275","QuinStreet","QNST","1070941056","18.76","United States"
"6276","Emirates Driving Company","DRIVE.AE","1067814715","0.99","United Arab Emirates"
"6277","Tejas Networks","TEJASNET.NS","1067371184","6.00635","India"
"6278","Toyo Construction","1890.T","1067163763","11.3574","Japan"
"6279","Mercantile Bank","MBWM","1067060352","61.73","United States"
"6280","Auto Partner","APR.WA","1066938560","8.16826","Poland"
"6281","Safehold","SAFE","1066493184","15.06","United States"
"6282","Lufax","LU","1066027328","1.23","China"
"6283","Banca IFIS","IF.MI","1065467001","17.4439","Italy"
"6284","Gielda Papierów Wartosciowych w Warszawie","GPW.WA","1065227599","25.3795","Poland"
"6285","Japan Aviation Electronics Industry","6807.T","1064321778","15.7845","Japan"
"6286","Superloop Limited","SLC.AX","1063979288","2.06713","Australia"
"6287","Aeva Technologies","AEVA","1063709888","15.26","United States"
"6288","Northwest Pipe Company","NWPX","1063368832","110.34","United States"
"6289","Okinawa Financial Group","7350.T","1062887315","49.7918","Japan"
"6290","Babcock &amp; Wilcox","BW","1062120960","7.13","United States"
"6291","Service Stream Limited","SSM.AX","1061692178","1.73221","Australia"
"6292","The Foschini Group","TFG.JO","1061216300","3.36575","South Africa"
"6293","Pacira Biosciences","PCRX","1060326208","26.6","United States"
"6294","Qfin Holdings","QFIN","1060202368","8.72","China"
"6295","LX International","001120.KS","1059783341","29.4647","South Korea"
"6296","Diversified Energy","DEC.L","1059652492","15.3376","United States"
"6297","Mersen","MRN.PA","1058216521","43.5399","France"
"6298","Noevir Holdings","4928.T","1057457590","30.9595","Japan"
"6299","Virtus Investment Partners","VRTS","1057044864","158.19","United States"
"6300","TOWA Corporation","6315.T","1056756916","14.0841","Japan"
"6301","Elopak ASA","ELO.OL","1055425079","3.92736","Norway"
"6302","Compass Minerals","CMP","1055399104","25.14","United States"
"6303","Grupa Pracuj","GPP.WA","1055093978","15.3138","Poland"
"6304","Afcon Holdings","AFHL.TA","1054764161","173.9","Israel"
"6305","Sudarshan Chemical","SUDARSCHEM.NS","1052699114","13.2236","India"
"6306","Arbor Realty Trust","ABR","1052159680","5.19","United States"
"6307","Elecom","6750.T","1052150654","13.0639","Japan"
"6308","Al Seer Marine Supplies &amp; Equipment Company","ASM.AE","1050977872","1.05","United Arab Emirates"
"6309","Equity Bancshares","EQBK","1050216960","51","United States"
"6310","Zeal Network","TIMA.F","1050212762","49.7732","Germany"
"6311","KITZ Corporation","6498.T","1050124743","12.0694","Japan"
"6312","Exmar","EXM.BR","1049551030","13.1992","Belgium"
"6313","BrightView","BV","1049158016","11.33","United States"
"6314","Green Plains","GPRE","1048626112","14.96","United States"
"6315","HighPeak Energy","HPK","1048293696","8.29","United States"
"6316","Al Hammadi Holding Company","4007.SR","1048230318","6.55144","Saudi Arabia"
"6317","Navigator Global Investments","NGI.AX","1048201380","1.7178","Australia"
"6318","Africa Israel Residences","AFRE.TA","1047870832","82.7098","Israel"
"6319","Arendals Fossekompani","AFK.OL","1047140773","19.045","Norway"
"6320","Y.D. More Investments","MRIN.TA","1046758255","14.3304","Israel"
"6321","BLS International","BLS.NS","1046065827","2.54194","India"
"6322","Taboola.com","TBLA","1045501312","3.87","United States"
"6323","Sonaecom","SNC.LS","1045425006","3.419","Portugal"
"6324","Colgate-Palmolive (Pakistan)","COLG.PK","1045320015","4.30575","Pakistan"
"6325","Sify Technologies","SIFY","1045231552","14.43","India"
"6326","Happinet","7552.T","1043566371","24.0938","Japan"
"6327","LuxExperience","LUXE","1043188160","7.6","Germany"
"6328","Gr. Sarantis S.A.","SAR.AT","1043023610","16.374","Greece"
"6329","Attovia Therapeutics","ATTO","1041302208","24.2","United States"
"6330","NorthWest Healthcare Properties REIT","NWH-UN.TO","1040374704","4.13335","Canada"
"6331","Yulon Motor Company","2201.TW","1040262613","0.979094","Taiwan"
"6332","Finolex Industries","FINPIPE.NS","1039958527","1.68193","India"
"6333","Heritage Insurance","HRTG","1038850560","34.94","United States"
"6334","GVS S.p.A.","GVS.MI","1037692758","5.53553","Italy"
"6335","Lindab International","LIAB.ST","1036587921","13.4559","Sweden"
"6336","Life Healthcare Group","LHC.JO","1036446300","0.724266","South Africa"
"6337","Qt Group","QTCOM.HE","1033483450","40.7024","Finland"
"6338","Lenzing","LEN.F","1032931869","26.7473","Austria"
"6339","National Presto Industries","NPK","1032588864","144.7","United States"
"6340","TOCALO Co.,Ltd.","3433.T","1031026249","17.3373","Japan"
"6341","ASTA Energy Solutions AG","1AST.F","1029839863","72.334","Austria"
"6342","BayWa","BYW.F","1029093283","10.257","Germany"
"6343","Strides Pharma","STAR.NS","1027924546","11.1522","India"
"6344","Tetra Technologies","TTI","1027625152","6.94","United States"
"6345","Sun Hung Kai &amp; Co.","0086.HK","1027582023","0.527451","Hong Kong"
"6346","Totech Corporation","9960.T","1027464007","25.0563","Japan"
"6347","Macquarie Technology Group","MAQ.AX","1026661166","39.8336","Australia"
"6348","Dan Hotels","DANH.TA","1026471177","8.87958","Israel"
"6349","Bestway Cement","BWCL.PK","1025549579","1.71999","Pakistan"
"6350","Scandi Standard AB","SCST.ST","1025411164","15.5849","Sweden"
"6351","Al-Babtain Power and Telecommunications","2320.SR","1025222362","16.0324","Saudi Arabia"
"6352","MetroCity Bankshares","MCBS","1023748288","35.57","United States"
"6353","Pacific Century Regional Developments","P15.SI","1023509288","0.386756","Singapore"
"6354","Toshiba Tec Corporation","6588.T","1023379597","19.3136","Japan"
"6355","Villar International","VILR.TA","1022845340","58.0664","Israel"
"6356","Princes Group plc","PRN.L","1022684735","4.17929","United Kingdom"
"6357","Waha Capital Company","WAHA.AE","1020527126","0.54","United Arab Emirates"
"6358","Renew Holdings plc","RNWH.L","1020380212","12.8895","United Kingdom"
"6359","Helia Group","HLI.AX","1020296752","3.72371","Australia"
"6360","Humansoft Holding Company","HUMANSOFT.KW","1020220196","7606.58","Kuwait"
"6361","discoverIE Group plc","DSCV.L","1019306245","10.6038","United Kingdom"
"6362","CNB Financial Corp","CCNE","1017477312","34.35","United States"
"6363","Union Coop","UNIONCOOP.AE","1017132338","0.582693","United Arab Emirates"
"6364","Bravura Solutions","BVS.AX","1017102375","2.2688","Australia"
"6365","Arteris","AIP","1016465536","20.68","United States"
"6366","Simply Good Foods","SMPL","1016189440","11.49","United States"
"6367","RAIZNEXT Corporation","6379.T","1015345761","18.8002","Japan"
"6368","Silex Systems Limited","SLX.AX","1014763637","3.64448","Australia"
"6369","Arbutus Biopharma","ABUS","1014301376","5.12","United States"
"6370","Amphastar Pharmaceuticals","AMPH","1014104576","23.84","United States"
"6371","McMillan Shakespeare","MMS.AX","1013746386","14.5563","Australia"
"6372","Heiwa Real Estate","8803.T","1012363087","15.3225","Japan"
"6373","Ituran","ITRN","1011556480","51.14","Israel"
"6374","ProSiebenSat.1 Media","PSM.F","1011495256","4.34469","Germany"
"6375","Mitsubishi Logisnext","7105.T","1010891788","9.45216","Japan"
"6376","ITOCHU-SHOKUHIN","2692.T","1010529522","79.6514","Japan"
"6377","Montepino Logística","MLMTP.PA","1009977014","11.7456","Spain"
"6378","Horizon Bancorp","HBNC","1009946688","19.67","United States"
"6379","Graham Corporation","GHM","1008915328","85.96","United States"
"6380","Cobram Estate Olives","CBO.AX","1008689353","2.10674","Australia"
"6381","Allied Group Limited","0373.HK","1008444304","0.287005","Hong Kong"
"6382","Glass House Brands","GLASF","1007483904","11.81","United States"
"6383","MNTN, Inc.","MNTN","1006850560","13.46","United States"
"6384","NB Bancorp","NBBK","1006510656","22.97","United States"
"6385","Neurones","NRO.PA","1006490469","42.2142","France"
"6386","OCI","OCI.AS","1006392820","4.77032","Netherlands"
"6387","Lexicon Pharmaceuticals","LXRX","1005600384","2.26","United States"
"6388","Basilea Pharmaceutica","BSLN.SW","1005458382","81.2384","Switzerland"
"6389","Sinclair, Inc.","SBGI","1005266624","13.93","United States"
"6390","Ventyx Biosciences","VTYX","1004502016","14","United States"
"6391","Dexco","DXCO3.SA","1004372209","1.10629","Brazil"
"6392","CTT - Correios De Portugal","CTT.LS","1003691111","7.65205","Portugal"
"6393","Prashkovsky Investments and Construction","PRSK.TA","1003174743","46.8921","Israel"
"6394","Mitsubishi Pencil","7976.T","1002758227","20.0515","Japan"
"6395","United Gulf Holding Company","UGH.BH","1001646923","0.599469","Bahrain"
"6396","Raito Kogyo","1926.T","1000972953","24.3826","Japan"
"6397","Douglas Group","DOU.DE","1000652990","9.29178","Germany"
"6398","Tsuburaya Fields Holdings","2767.T","1000199636","16.0668","Japan"
"6399","Juventus Turin","JUVE.MI","998088152","2.3933","Italy"
"6400","Emerald Holding","EEX","997505920","5.04","United States"
"6401","Nippon Seiki","7287.T","995851987","17.3245","Japan"
"6402","Ohsho Food Service","9936.T","994679186","18.935","Japan"
"6403","Victrex","VCT.L","993391681","11.4018","United Kingdom"
"6404","Pierre et Vacances","VAC.PA","991599286","2.14676","France"
"6405","Anglo-Eastern Plantations","AEP.L","991227906","2.59684","United Kingdom"
"6406","ESAB India","ESABINDIA.NS","990220448","64.3292","India"
"6407","MMTC","MMTC.NS","989468145","0.659645","India"
"6408","Time Technoplast","TIMETECHNO.NS","989413084","2.00434","India"
"6409","BTS Group","BTS.BK","988430636","0.0614168","Thailand"
"6410","Whitestone REIT","WSR","988012416","18.99","United States"
"6411","Trican Well Service","TCW.TO","986463448","4.7124","Canada"
"6412","Arriyadh Development Company","4150.SR","985588279","4.21316","Saudi Arabia"
"6413","Service Properties Trust","SVC","985567232","7.61","United States"
"6414","Immix Biopharma","IMMX","984557056","13.83","United States"
"6415","Regis Healthcare","REG.AX","984351836","3.25555","Australia"
"6416","Adastria","2685.T","982653663","21.3027","Japan"
"6417","Riken Keiki","7734.T","981454580","21.5914","Japan"
"6418","Bioventus","BVS","980861824","14.36","United States"
"6419","Trustco Bank","TRST","980797824","57.6","United States"
"6420","ITM Power","ITM.L","980188045","1.42015","United Kingdom"
"6421","Global Medical REIT","GMRE","979776256","35.98","United States"
"6422","Vietcap Securities","VCI.VN","979583746","0.85357","Vietnam"
"6423","Unitil Corporation","UTL","979491712","53.71","United States"
"6424","SPIMACO (Saudi Pharmaceutical Industries and Medical Appliances Corporation)","2070.SR","979023119","8.20262","Saudi Arabia"
"6425","Amanat Holdings","AMANAT.AE","978705990","0.392093","United Arab Emirates"
"6426","NCC Limited","NCC.NS","978503742","1.55851","India"
"6427","The Shikoku Bank","8387.T","978239469","23.3559","Japan"
"6428","Arzan Financial Group for Financing and Investment","ARZAN.KW","977834606","1017.23","Kuwait"
"6429","Metalla Royalty & Streaming","MTA","977031872","10.45","Canada"
"6430","Zehnder Group","ZEHN.SW","975500517","87.678","Switzerland"
"6431","Astec Industries","ASTE","974887552","42.4","United States"
"6432","Almunajem Foods Company","4162.SR","974726363","16.2454","Saudi Arabia"
"6433","Troax Group AB","TROAX.ST","974110267","16.2771","Sweden"
"6434","ACLEDA Bank","ABC.KH","973604802","2.25","Cambodia"
"6435","Central Pacific Financial","CPF","973510464","37.81","United States"
"6436","Konoike Transport","9025.T","972732580","18.319","Japan"
"6437","Kronos Worldwide","KRO","972574016","8.45","United States"
"6438","Camden National Corporation","CAC","972256128","57.54","United States"
"6439","Placoplatre","MLPLC.PA","971774395","744.273","France"
"6440","Geron","GERN","970134848","1.51","United States"
"6441","Major Drilling Group International","MDI.TO","970017786","11.7955","Canada"
"6442","SpyGlass Pharma","SGP","969656960","28.99","United States"
"6443","Forbright, Inc.","FRBT","969092032","19.09","United States"
"6444","San-Ai Obbli","8097.T","968841394","15.6562","Japan"
"6445","Chimera Investment Corporation","CIM","967784384","11.57","United States"
"6446","RS Technologies","3445.T","967613822","36.3814","Japan"
"6447","Nippon Paper Industries","3863.T","967014280","8.38632","Japan"
"6448","Southside Bancshares","SBSI","966970816","32.44","United States"
"6449","The Hub Power Company","HUBC.PK","966530074","0.745116","Pakistan"
"6450","Kforce","KFRC","966190592","53.95","United States"
"6451","Elders Limited","ELD.AX","964981740","4.47998","Australia"
"6452","Sedlmayr Grund und Immobilien AG","SPB.F","964912797","1314.11","Germany"
"6453","Crédit Agricole Mutuel de la Touraine et du Poitou","CRTO.PA","964780689","154.506","France"
"6454","Reliance Power","RPOWER.NS","964393125","0.233183","India"
"6455","Einhell Germany","EIN.DE","964148670","84.8936","Germany"
"6456","Prodea Real Estate Investment Company","PRODEA.AT","963301447","3.62833","Greece"
"6457","Yellow Hat","9882.T","962467625","11.4021","Japan"
"6458","Investcorp Capital","ICAP.AE","960661664","0.44","United Arab Emirates"
"6459","GL Events SA","GLO.PA","960237426","32.7364","France"
"6460","Worldline","WLN.PA","958322635","16.9648","France"
"6461","Accel Entertainment","ACEL","958083008","11.8","United States"
"6462","Daio Paper Corporation","3880.T","957903309","6.21114","Japan"
"6463","Ardelyx","ARDX","957875904","3.71","United States"
"6464","Quantum Corporation","QMCO","957662976","24.3","United States"
"6465","Formosa Taffeta","1434.TW","957607829","0.569167","Taiwan"
"6466","Heartland Express","HTLD","955831040","12.36","United States"
"6467","QuidelOrtho","QDEL","955255680","13.93","United States"
"6468","PEXA Group","PXA.AX","954191720","5.42351","Australia"
"6469","Lectra SA","LSS.PA","953938274","25.7007","France"
"6470","Mani, Inc.","7730.T","953746361","9.68245","Japan"
"6471","Kaken Pharmaceutical Co., Ltd.","4521.T","953699685","25.1846","Japan"
"6472","Abacus Global Management","ABX","953474432","9.75","United States"
"6473","Douglas Dynamics","PLOW","953081984","41.3","United States"
"6474","JYP Entertainment","035900.KQ","953040370","28.764","South Korea"
"6475","BILDCO (Abu Dhabi National Building Materials Co.)","BILDCO.AE","951590051","0.63","United Arab Emirates"
"6476","Hanza AB","HANZA.ST","951499003","15.1654","Sweden"
"6477","Savencia Fromage &amp; Dairy","SAVE.PA","951125073","73.7295","France"
"6478","Shochiku","9601.T","950644052","69.1695","Japan"
"6479","Jumia","JMIA","950079744","7.11","Germany"
"6480","USA TODAY Co.","TDAY","949912000","6.47","United States"
"6481","Adlai Nortye","ANL","949869568","14.75","Cayman Islands"
"6482","Postal Realty Trust","PSTL","949240896","23.85","United States"
"6483","innoscripta SE","1INN.DE","948947555","94.8948","Germany"
"6484","Manitou Group","MTU.PA","947869401","24.7703","France"
"6485","NANO Nuclear Energy","NNE","947772224","17.65","United States"
"6486","Webjet Limited","WEB.AX","945119152","2.61092","Australia"
"6487","Vetoquinol","VETO.PA","944948131","81.2885","France"
"6488","Orient Corporation","8585.T","944631290","5.51816","Japan"
"6489","Burford Capital","BUR","944213376","4.3","Guernsey"
"6490","AOKI Holdings","8214.T","944131094","11.2096","Japan"
"6491","Hanmi Financial","HAFC","944032320","31.84","United States"
"6492","Ridgepost Capital","RPC","943641088","8.56","United States"
"6493","Harvia Oyj","HARVIA.HE","943305373","50.471","Finland"
"6494","Oxford Lane Capital","OXLC","943295616","9.66","United States"
"6495","Wavestone SA","WAVE.PA","943045994","38.4347","France"
"6496","CeriBell","CBLL","942949888","24.57","United States"
"6497","Cogna Educação","COGN3.SA","942438801","0.470764","Brazil"
"6498","Barings BDC","BBDC","941314816","8.99","United States"
"6499","Zad Holding Company","ZHCD.QA","941216184","3.27473","Qatar"
"6500","NEUCA","NEU.WA","940931731","208.042","Poland"
"6501","Design Therapeutics","DSGN","940602240","15.03","United States"
"6502","Mid Penn Bancorp","MPB","940443200","37.12","United States"
"6503","Eurowag (W.A.G payment solutions)","EWG.L","940076985","1.35117","United Kingdom"
"6504","Forum Energy Technologies","FET","939269888","81.87","United States"
"6505","Engro Corporation","ENGRO.PK","938893167","1.74962","Pakistan"
"6506","Olema Pharmaceuticals","OLMA","938849280","10.73","United States"
"6507","Restar Corporation","3156.T","938165745","33.3656","Japan"
"6508","Karat Packaging","KRT","937986752","47.06","United States"
"6509","Boozt","BOOZT.ST","937384012","16.0779","Sweden"
"6510","Filtronic","FTC.L","937104814","2.86734","United Kingdom"
"6511","Daktronics","DAKT","936676288","19.48","United States"
"6512","Voyageurs du Monde","ALVDM.PA","936639742","208.745","France"
"6513","First Financial","THFF","935892160","78.7","United States"
"6514","Aussie Broadband Limited","ABB.AX","934870394","2.96384","Australia"
"6515","Caisse Régionale de Crédit Agricole Mutuel Loire Haute-Loire","CRLO.PA","933418902","115.711","France"
"6516","Astra Agro Lestari","AALI.JK","933284464","0.484902","Indonesia"
"6517","ProFrac","ACDC","932468544","5.12","United States"
"6518","Toyo Engineering Corporation","6330.T","932451440","15.9128","Japan"
"6519","Toyobo Co., Ltd.","3101.T","931997605","10.5615","Japan"
"6520","Zee Entertainment","ZEEL.NS","931696227","0.969992","India"
"6521","Sequent Scientific","SEQUENT.NS","931273369","2.13731","India"
"6522","Dor Alon Energy In Israel","DRAL.TA","929525344","58.7316","Israel"
"6523","Amerigo Resources","ARG.TO","929319459","5.75638","Canada"
"6524","Gulf International Services","GISS.QA","927672659","0.499176","Qatar"
"6525","Centerspace","CSR","927049024","52.39","United States"
"6526","Wave Life Sciences","WVE","926126400","4.7","Singapore"
"6527","ATRenew","RERE","925831744","4.18","China"
"6528","Eckert &amp; Ziegler","EUZ.F","924930399","14.7808","Germany"
"6529","Southern Cross Electrical Engineering","SXE.AX","924313251","2.99625","Australia"
"6530","Sri Trang Gloves","STGT.BK","922073567","0.334448","Thailand"
"6531","AEVEX Corp.","AVEX","921595776","16.32","United States"
"6532","Bata India","BATAINDIA.NS","921561906","7.17015","India"
"6533","Engro Fertilizers","EFERT.PK","921261221","0.689929","Pakistan"
"6534","Delta Israel Brands","DLTI.TA","920568367","36.7821","Israel"
"6535","Canon Electronics Inc.","7739.T","920553236","22.5062","Japan"
"6536","Mader Group Limited","MAD.AX","920296518","4.52319","Australia"
"6537","NTG Nordic Transport Group A/S","NTG.CO","919454482","42.3897","Denmark"
"6538","Silence Therapeutics","SLN","919258944","14.79","United Kingdom"
"6539","Religare","RELIGARE.NS","919131836","2.66621","India"
"6540","Scandinavian Tobacco Group","STG.CO","918907314","11.6669","Denmark"
"6541","Canadian Solar","CSIQ","918643008","13.53","Canada"
"6542","Riverstone Holdings","AP4.SI","918348744","0.619598","Singapore"
"6543","SAKURA Internet","3778.T","918120473","22.9389","Japan"
"6544","Annexon","ANNX","917563072","4.84","United States"
"6545","Safe Bulkers","SB","917519616","9.01","Monaco"
"6546","Bank ABC (Arab Banking Corporation)","ABC.BH","917449990","0.86","Bahrain"
"6547","Nick Scali Limited","NCK.AX","916664320","10.7174","Australia"
"6548","Phoenix Group","PHX.AE","915689889","0.15","United Arab Emirates"
"6549","Pet Valu","PET.TO","915164887","13.6152","Canada"
"6550","Riskified","RSKD","915021504","6.93","Israel"
"6551","Shin Nippon Air Technologies","1952.T","914816949","20.0835","Japan"
"6552","Scanfil","SCANFL.HE","913791243","13.9086","Finland"
"6553","Riley Exploration Permian","REPX","913182464","42.09","United States"
"6554","UP Fintech (Tiger Brokers)","TIGR","911816000","5.07","China"
"6555","JVCKENWOOD Corporation","6632.T","911485357","6.41069","Japan"
"6556","Greenfire Resources","GFR","911452352","6.2","Canada"
"6557","Compañía de Acero del Pacífico","CAP.SN","911375518","6.09827","Chile"
"6558","National Real Estate Company - K.P.S.C.","NRE.KW","910563075","437.346","Kuwait"
"6559","Star Asia Investment Corporation","3468.T","910327274","338.789","Japan"
"6560","Generation Development Group","GDG.AX","910212784","2.276","Australia"
"6561","Mitani Sekisan","5273.T","910024296","12.9869","Japan"
"6562","Gulf Investment House Company","GIH.KW","909423046","2248.28","Kuwait"
"6563","GAG Immobilien","GWK3.HM","908809380","56.2856","Germany"
"6564","Renta 4 Banco","R4.MC","908605152","22.3282","Spain"
"6565","Pharmanutra","PHN.MI","907521119","94.7785","Italy"
"6566","JBG SMITH","JBGS","907457088","11.75","United States"
"6567","Alkhorayef Water and Power Technologies Company","2081.SR","906948302","25.9128","Saudi Arabia"
"6568","Arabian Contracting Services Company","4071.SR","906681932","16.4851","Saudi Arabia"
"6569","Relaxo Footwear","RELAXO.NS","906297255","3.64065","India"
"6570","Rigel Pharmaceuticals","RIGL","905973376","48.5","United States"
"6571","Sable Offshore","SOC","905624320","4.72","United States"
"6572","Deyaar Development","DEYAAR.AE","905526488","0.206938","United Arab Emirates"
"6573","Genuit Group","GEN.L","903487934","3.58418","United Kingdom"
"6574","X-FAB","XFAB.PA","903136162","6.91359","Belgium"
"6575","Vesuvius India","VESUVIUS.NS","902286708","4.44562","India"
"6576","Hippo Holdings","HIPO","902252864","34.19","United States"
"6577","Sun Frontier Fudousan","8934.T","901887646","15.7717","Japan"
"6578","Kuwait Cement Company","KCEM.KW","900802598","1263.44","Kuwait"
"6579","NOVONIX","NVX","900500544","3.61","Australia"
"6580","Autoneum Holding","AUTN.SW","900005166","155.046","Switzerland"
"6581","Melco International Development","0200.HK","899565990","0.395429","Hong Kong"
"6582","Beijing Airport","0694.HK","899528633","0.196439","China"
"6583","Hexatronic Group AB","HTRO.ST","897251764","4.06194","Sweden"
"6584","MFA Financial","MFA","896649984","8.87","United States"
"6585","Beta Bionics","BBNX","896194560","19.92","United States"
"6586","Viant Technology","DSP","896073408","13.445","United States"
"6587","Employers Holdings","EIG","896049664","49.89","United States"
"6588","Eastman Kodak Company","KODK","895784960","9.15","United States"
"6589","Nufarm","NUF.AX","895327852","2.33002","Australia"
"6590","Evolv Technologies","EVLV","893960832","4.97","United States"
"6591","World Acceptance Corporation","WRLD","893838336","191.68","United States"
"6592","Menicon Co., Ltd.","7780.T","893364337","12.0309","Japan"
"6593","MedCap","MCAP.ST","892899078","59.6234","Sweden"
"6594","JCU Corporation","4975.T","892539823","36.253","Japan"
"6595","EverQuote","EVER","891918080","25.31","United States"
"6596","Vulcan Energy Resources","VUL.AX","891197076","1.86186","Australia"
"6597","China Resources Building Materials Technology","1313.HK","890727389","0.127558","Hong Kong"
"6598","Criteo","CRTO","890285696","18.17","France"
"6599","PageGroup","PAGE.L","890259974","2.85923","United Kingdom"
"6600","Trainline","TRN.L","890070751","2.61578","United Kingdom"
"6601","Navient","NAVI","889070592","9.48","United States"
"6602","Cybozu","4776.T","889052116","19.7306","Japan"
"6603","AG Barr","BAG.L","888573845","8.00693","United Kingdom"
"6604","Miramar Hotel and Investment","0071.HK","888423204","1.28578","Hong Kong"
"6605","Morgan Advanced Materials","MGAM.L","887910006","3.21224","United Kingdom"
"6606","Kuros Biosciences","KURN.SW","887762581","22.3777","Switzerland"
"6607","Morguard","MRC.TO","886952532","83.0615","Canada"
"6608","Fuji Kyuko","9010.T","886844651","16.7021","Japan"
"6609","Theravance Biopharma","TBPH","886772288","17.08","Cayman Islands"
"6610","SmartFinancial (SmartBank)","SMBK","886384768","51.84","United States"
"6611","Koppers Holdings","KOP","886196096","46.86","United States"
"6612","Topsports International","6110.HK","885935172","0.142865","Hong Kong"
"6613","Beazer Homes USA","BZH","885763520","33.2","United States"
"6614","Sanyo Chemical Industries","4471.T","885708224","40.0388","Japan"
"6615","Telecom Plus PLC","TEP.L","885706068","11.4018","United Kingdom"
"6616","PeptiDream","4587.T","885584489","6.88808","Japan"
"6617","Karoon Energy","KAR.AX","885035762","1.26765","Australia"
"6618","Apollo Commercial Real Estate Finance","ARI","884385152","6.88","United States"
"6619","Standard Chartered Bank (Pakistan)","SCBPL.PK","884092348","0.228354","Pakistan"
"6620","BitGo","BTGO","883943104","7.52","United States"
"6621","Krosaki Harima","5352.T","883732789","26.2423","Japan"
"6622","Kvutzat Acro","ACRO.TA","881945563","13.9845","Israel"
"6623","YIT","YIT.HE","881393727","3.82021","Finland"
"6624","Capital City Bank Group","CCBG","880650176","51.46","United States"
"6625","Budget Saudi (United International Transportation Company)","4260.SR","880349705","8.421","Saudi Arabia"
"6626","FACC AG","FACC.VI","879696265","19.2115","Austria"
"6627","RFA Financial Inc.","RFA.TO","879456681","19.2193","Canada"
"6628","Standard Motor Products","SMP","877750080","39.29","United States"
"6629","SML MAHINDRA LIMITED","SMLMAH.NS","877106594","60.6086","India"
"6630","Funding Circle","FCH.L","877057636","3.09727","United Kingdom"
"6631","R&S Group","RSGN.SW","876474328","23.5913","Switzerland"
"6632","Aclaris Therapeutics","ACRS","875833408","5.95","United States"
"6633","Skellerup Holdings","SKL.NZ","874928186","4.46229","New Zealand"
"6634","Kura Sushi,Inc.","2695.T","874686142","11.0042","Japan"
"6635","CrossAmerica Partners","CAPL","874549312","22.91","United States"
"6636","RAK Properties","RAKPROP.AE","873992579","0.29","United Arab Emirates"
"6637","EuroTeleSites","ETS.VI","873223624","5.25643","Austria"
"6638","Furukawa Co.,Ltd.","5715.T","872943970","26.9171","Japan"
"6639","Sanken Electric Co., Ltd.","6707.T","872871117","43.6641","Japan"
"6640","Xvivo Perfusion AB","XVIVO.ST","872814992","27.7089","Sweden"
"6641","Fox Factory Holding","FOXF","872563584","20.76","United States"
"6642","Covenant Logistics","CVLG","872488064","34.38","United States"
"6643","ADS-TEC Energy","ADSE","872157440","11.6","Ireland"
"6644","BML, Inc.","4694.T","870654506","23.2276","Japan"
"6645","Talkspace","TALK","870574976","5.25","United States"
"6646","Great Southern Bancorp","GSBC","870492800","79.88","United States"
"6647","Nextdoor","NXDR","870408960","2.25","United States"
"6648","HealthStream","HSTM","869596288","29.74","United States"
"6649","Lesha Bank","QFBQ.QA","869230744","0.776099","Qatar"
"6650","Kiwi Property","KPG.NZ","869063817","0.526533","New Zealand"
"6651","Compass Diversified Holdings","CODI","868975424","11.55","United States"
"6652","Close Brothers Group","CBG.L","868409378","5.76174","United Kingdom"
"6653","HSBC Oman","HBMO.OM","867668167","0.433766","Oman"
"6654","Yuasa Trading","8074.T","867453587","41.1937","Japan"
"6655","Ibotta","IBTA","867259840","37.34","United States"
"6656","Al-Dawaa Medical Services Company","4163.SR","867000466","10.2","Saudi Arabia"
"6657","Channel Infrastructure NZ Limited","CHI.NZ","866662781","2.09142","New Zealand"
"6658","Dynavox Group","DYVOX.ST","866000103","8.16479","Sweden"
"6659","SunCoke Energy","SXC","864874688","10.19","United States"
"6660","Takara Bio","4974.T","863722455","7.17286","Japan"
"6661","Bunka Shutter","5930.T","863385629","12.2747","Japan"
"6662","Cargojet","CJT.TO","863094444","58.3177","Canada"
"6663","Judo Capital Holdings","JDO.AX","862540619","0.768511","Australia"
"6664","Quanex Building Products","NX","861608640","18.76","United States"
"6665","Hilton Food Group plc","HFG.L","861402323","9.57585","United Kingdom"
"6666","DBV Technologies","DBVT","860987584","13.7","France"
"6667","XPS Pensions Group","XPS.L","860880185","4.24015","United Kingdom"
"6668","Total Energy Services","TOT.TO","860823213","23.649","Canada"
"6669","Helus Pharma","HELP","859918336","11.77","Canada"
"6670","Flotek Industries","FTK","859872960","23.74","United States"
"6671","JM AB","JM.ST","859852516","13.33","Sweden"
"6672","Heiwado","8276.T","859634947","17.3822","Japan"
"6673","SIMPAR","SIMH3.SA","858789507","1.47114","Brazil"
"6674","Root Insurance","ROOT","858171200","55.39","United States"
"6675","Aisan Industry","7283.T","858158222","14.976","Japan"
"6676","AdaptHealth","AHCO","856486848","6.42","United States"
"6677","Pick n Pay Stores","PIK.JO","855887100","1.16545","South Africa"
"6678","Achieve Life Sciences","ACHV","855119744","8.31","Canada"
"6679","Playtika","PLTK","854376704","2.24","Israel"
"6680","InMode","INMD","853955520","14.84","Israel"
"6681","Japan Pulp and Paper Company","8032.T","853290193","7.73826","Japan"
"6682","South Plains Financial","SPFI","853223040","45.29","United States"
"6683","Hemnet Group AB","HEM.ST","852667596","9.50723","Sweden"
"6684","Fastned","FAST.AS","852659372","43.6097","Netherlands"
"6685","Daily Journal","DJCO","852387392","618.59","United States"
"6686","Royal holdings","8179.T","852271508","8.6494","Japan"
"6687","iQIYI","IQ","851634304","0.8825","China"
"6688","Lucky Strike Entertainment","LUCK","850686784","6.24","United States"
"6689","Mitek Systems","MITK","850556800","18.85","United States"
"6690","SP Group A/S","SPG.CO","850189189","72.568","Denmark"
"6691","B Communications","BCOM.TA","850162312","8.08819","Israel"
"6692","Marcus Corporation","MCS","850042624","27.57","United States"
"6693","Vital Healthcare Property Trust","VHP.NZ","849957343","1.05307","New Zealand"
"6694","Daqo New Energy","DQ","849886720","12.56","China"
"6695","CEWE","CWC.F","849563049","126.061","Germany"
"6696","Winnebago Industries","WGO","849480192","30.05","United States"
"6697","KOMEDA Holdings","3543.T","849470862","18.6655","Japan"
"6698","Northern Dynasty Minerals","NAK","848803712","1.51","Canada"
"6699","Vitasoy","0345.HK","848637940","0.834865","Hong Kong"
"6700","Black Diamond Group","BDI.TO","848328241","12.419","Canada"
"6701","Bank Nizwa","BKNZ.OM","848299093","0.379221","Oman"
"6702","Sky Harbour Group","SKYH","848130560","10.39","United States"
"6703","National Corporation for Tourism &amp; Hotels","NCTH.AE","847586225","0.39","United Arab Emirates"
"6704","GungHo Online Entertainment","3765.T","847418197","16.1823","Japan"
"6705","Sustained Infrastructure Holding Company (sisco)","2190.SR","847384617","10.4184","Saudi Arabia"
"6706","Ferroglobe","GSM","846478144","4.53","United Kingdom"
"6707","Eagle Bancorp","EGBN","846235072","27.76","United States"
"6708","Magazine Luíza","MGLU3.SA","845934924","1.0906","Brazil"
"6709","Himalaya Shipping","HSHP","845309888","17.93","Bermuda"
"6710","Galaxy Surfactants","GALAXYSURF.NS","844984675","23.8328","India"
"6711","Al Majed for Oud Company","4165.SR","844895999","33.7958","Saudi Arabia"
"6712","Pason Systems","PSI.TO","844882836","10.882","Canada"
"6713","PSI Software","PSAN.DE","844612148","52.3317","Germany"
"6714","Kingfa Science & Technology","KINGFA.NS","844567683","62.3234","India"
"6715","Mattr Corp.","MATR.TO","844556373","13.7747","Canada"
"6716","BlackSky Technology","BKSY","844279552","20.63","United States"
"6717","Mitsuuroko Group Holdings","8131.T","843608642","15.438","Japan"
"6718","Stingray Group","RAY-A.TO","843548063","12.3987","Canada"
"6719","Ottogi","007310.KS","843432369","245.232","South Korea"
"6720","Recticel","RECT.BR","841109899","14.8157","Belgium"
"6721","Sparebanken Sør","SOR.OL","840479500","20.1631","Norway"
"6722","Pexip","PEXIP.OL","840325732","8.03763","Norway"
"6723","PennyMac Mortgage Investment Trust","PMT","839758720","9.63","United States"
"6724","Agrana","AGR.VI","839339125","13.4318","Austria"
"6725","Anteris Technologies","AVR.AX","839229481","8.62143","Australia"
"6726","Rackspace Technology","RXT","838531648","3.29","United States"
"6727","Evertz Technologies","ET.TO","838396906","11.0923","Canada"
"6728","Synsam","SYNSAM.ST","837610693","5.93612","Sweden"
"6729","HIVE Digital Technologies","HIVE","836545856","3.05","Canada"
"6730","SI-BONE","SIBN","835418240","18.64","United States"
"6731","Tuas Limited","TUA.AX","835391785","1.52334","Australia"
"6732","Orrstown Financial Services","ORRF","835172288","42.46","United States"
"6733","Vishay Precision Group","VPG","834770752","62.76","United States"
"6734","ASGN","ASGN","833931008","19.53","United States"
"6735","Yubico","YUBICO.ST","833896527","9.72223","Sweden"
"6736","Bloomin' Brands","BLMN","833091520","9.73","United States"
"6737","Caisse régionale de Crédit Agricole Mutuel d'Ille-et-Vilaine","CIV.PA","832860679","138.504","France"
"6738","Kohnan Shoji","7516.T","832178508","28.8099","Japan"
"6739","Yalla Group","YALA","832022848","5.48","United Arab Emirates"
"6740","REVO Insurance S.p.A.","REVO.MI","831818028","28.608","Italy"
"6741","Sabre","SABR","831381376","2.06","United States"
"6742","TXO Partners, L.P.","TXO","831141632","14.99","United States"
"6743","Alerus Financial","ALRS","831021056","33.37","United States"
"6744","Arafura Rare Earths","ARU.AX","831009601","0.136848","Australia"
"6745","Yanlord","Z25.SI","830882651","0.430167","Singapore"
"6746","American Public Education","APEI","830524096","45.38","United States"
"6747","Paul Hartmann","PHH2.F","830213004","233.748","Germany"
"6748","Grupo Supervielle","SUPV","829782016","8.78","Argentina"
"6749","The Japan Wool Textile Co., Ltd. (Nikke Group)","3201.T","829579338","12.7367","Japan"
"6750","Hosiden Corporation","6804.T","829552951","16.8496","Japan"
"6751","Pantoro Limited","PNR.AX","829475242","2.12835","Australia"
"6752","Heritage Commerce","HTBK","828429632","13.45","United States"
"6753","Galliford Try","GFRD.L","827343287","8.19628","United Kingdom"
"6754","Ryoyo Ryosan Holdings","167A.T","827240044","20.6289","Japan"
"6755","Advanced Medical Solutions Group","AMS.L","827023443","3.80058","United Kingdom"
"6756","Mishra Dhatu Nigam","MIDHANI.NS","826695379","4.41281","India"
"6757","Cantaloupe","CTLP","825815936","11.2","United States"
"6758","Aubay","AUB.PA","825133715","64.775","France"
"6759","IP Group","IPO.L","824449628","0.93324","United Kingdom"
"6760","Backblaze","BLZE","823889024","13.31","United States"
"6761","Wiit S.p.A.","WIIT.MI","822496609","33.0271","Italy"
"6762","Arjo AB","ARJO-B.ST","822120557","3.0184","Sweden"
"6763","Dakota Gold","DC","821138688","6.12","United States"
"6764","Mahindra Lifespaces","MAHLIFE.NS","820878300","3.84334","India"
"6765","Core Lithium Ltd","CXO.AX","820623845","0.253529","Australia"
"6766","Ålandsbanken","ALBAV.HE","820146717","53.1457","Finland"
"6767","Barrett Business Services","BBSI","819876160","33.83","United States"
"6768","Cathay Real Estate Development","2501.TW","819038440","0.706335","Taiwan"
"6769","Yokorei Co.,Ltd.","2874.T","818865174","13.8339","Japan"
"6770","Middle East Healthcare Company","4009.SR","818209657","8.88972","Saudi Arabia"
"6771","Ferrari Group PLC","046.F","817548536","8.95453","United Kingdom"
"6772","Sakata INX Corporation","4633.T","817059874","16.7598","Japan"
"6773","GCM Grosvenor","GCMG","816035712","13.35","United States"
"6774","Basler Aktiengesellschaft","BSL.DE","815527017","26.5147","Germany"
"6775","Archicom","ARH.WA","815506269","13.9412","Poland"
"6776","Bank Jago","ARTO.JK","815187969","0.0588102","Indonesia"
"6777","Voltalia","VLTSA.PA","814846901","6.22165","France"
"6778","DoubleUGames","192080.KS","814796850","42.261","South Korea"
"6779","Peapack-Gladstone Financial","PGC","814422080","45.94","United States"
"6780","Hartalega","5168.KL","814213406","0.23895","Malaysia"
"6781","Minto Apartment Real Estate Investment Trust","MI-UN.TO","813694913","13.0425","Canada"
"6782","Solstad Offshore","SOFF.OL","813329736","7.48888","Norway"
"6783","Latham Group","SWIM","812934464","6.91","United States"
"6784","4D Molecular Therapeutics","FDMT","812089920","14.7","United States"
"6785","Financial Institutions","FISI","811507904","41.18","United States"
"6786","Takasago International Corporation","4914.T","811377528","8.32216","Japan"
"6787","Pharming Group","PHAR","811117376","11.46","Netherlands"
"6788","Abraj Energy Services","ABRJ.OM","810210410","1.05195","Oman"
"6789","IQE plc","IQE.L","810147961","0.608635","United Kingdom"
"6790","Vamos Locação de Caminhões, Máquinas e Equipamentos S.A.","VAMO3.SA","810004338","0.662992","Brazil"
"6791","Piaggio","PIA.MI","809989703","2.30259","Italy"
"6792","Safilo Group","SFL.MI","809751238","2.07466","Italy"
"6793","Hertz","HTZ","809144640","2.27","United States"
"6794","Itoki Corporation","7972.T","809092899","16.3556","Japan"
"6795","Saudi Automotive Services Company","4050.SR","809076179","11.5582","Saudi Arabia"
"6796","Construtora Tenda S.A.","TEND3.SA","808785123","6.59461","Brazil"
"6797","LSB Industries","LXU","808531968","11.23","United States"
"6798","Southern Missouri Bancorp","SMBC","808325568","73.41","United States"
"6799","Lincoln Educational Services","LINC","808263296","25.48","United States"
"6800","FRoSTA AG","NLM.F","807509192","118.618","Germany"
"6801","Thurgauer Kantonalbank","TKBP.SW","807430336","201.858","Switzerland"
"6802","IDOM Inc.","7599.T","807257427","8.03983","Japan"
"6803","Kelsian Group","KLS.AX","806434320","2.96744","Australia"
"6804","SKF India","SKFINDIA.NS","806182906","16.307","India"
"6805","Noor Financial Investment Company","NOOR.KW","806033956","1584.16","Kuwait"
"6806","Egypt Kuwait Holding Company","EKHOLDING.KW","805906644","685.921","Egypt"
"6807","Reformation Inc.","REF","805799488","13.64","United States"
"6808","Marimaca Copper","MARI.TO","805450367","5.95937","Canada"
"6809","Jensen-Group","JEN.BR","804295423","86.2891","Belgium"
"6810","CryoPort","CYRX","803294720","15.86","United States"
"6811","Power Mech Projects","POWERMECH.NS","803099037","25.4014","India"
"6812","CTO Realty Growth","CTO","802938496","21.42","United States"
"6813","Obsidian Energy","OBE","802708544","12.03","Canada"
"6814","Oman Cables Industry","OCAI.OM","802640280","8.94805","Oman"
"6815","Transcat","TRNS","802089152","85.695","United States"
"6816","CytomX Therapeutics","CTMX","801869376","3.68","United States"
"6817","Showa Sangyo","2004.T","801739816","24.6713","Japan"
"6818","Costain Group","COST.L","801719915","3.04317","United Kingdom"
"6819","Montrose Environmental","MEG","800798912","22.14","United States"
"6820","Tinexta","TNXT.MI","800530668","17.4439","Italy"
"6821","Aspen Group","APZ.AX","799116728","3.48603","Australia"
"6822","HiteJinro","000080.KS","798259965","11.4392","South Korea"
"6823","Burelle","BUR.PA","797124356","454.704","France"
"6824","Apogee Enterprises","APOG","796960128","38.19","United States"
"6825","Surge Energy","SGY.TO","796762618","8.03283","Canada"
"6826","Karnov Group","KAR.ST","796302249","8.28539","Sweden"
"6827","Carlyle Secured Lending","CGBD","796068992","11.57","United States"
"6828","Canada Goose","GOOS","795933888","8.15","Canada"
"6829","Monopar Therapeutics","MNPR","795728000","118.55","United States"
"6830","Nuvectis Pharma","NVCT","795535936","24.37","United States"
"6831","Ubisoft","UBI.PA","795530273","5.85184","France"
"6832","Nissan Shatai","7222.T","795251773","5.87107","Japan"
"6833","Sweetgreen","SG","795195968","6.68","United States"
"6834","Gold Royalty Corp","GROY","794664896","3.43","Canada"
"6835","MLP Group S.A.","MLG.WA","794321987","33.1037","Poland"
"6836","WELL Health Technologies","WELL.TO","794186546","3.10293","Canada"
"6837","Metallus","MTUS","794168256","19.16","United States"
"6838","Autobacs Seven","9832.T","794104360","10.1124","Japan"
"6839","Kirloskar Ferrous Industries","KIRLFER.NS","794003511","4.81133","India"
"6840","Iguatemi","IGTI3.SA","793893225","0.659069","Brazil"
"6841","Kopin Corporation","KOPN","793676032","4.27","United States"
"6842","Gilat Satellite Networks","GILT","793405440","10.3","Israel"
"6843","Anan Investment Holding","ANAN.AE","792426382","0.32","United Arab Emirates"
"6844","Ethos Watches","ETHOSLTD.NS","791076068","29.5644","India"
"6845","Phnom Penh Water Supply Authority","PWSA.KH","790527879","1.65","Cambodia"
"6846","Lightwave Logic","LWLG","789336320","5.12","United States"
"6847","EIZO Corporation","6737.T","789208735","20.0515","Japan"
"6848","Sivers Semiconductors AB","SIVE.ST","788827844","2.6702","Sweden"
"6849","BASSAC","BASS.PA","788252404","49.0755","France"
"6850","Eve Holding, Inc.","EVEX","787579136","2.26","United States"
"6851","Clairvest Group","CVG.TO","787330444","58.8397","Canada"
"6852","JK Paper","JKPAPER.NS","787170095","4.34136","India"
"6853","Mitsuboshi Belting","5192.T","787117698","28.2004","Japan"
"6854","IperionX","IPX","786555200","21.72","United States"
"6855","Tata Teleservices","TTML.NS","786523406","0.402329","India"
"6856","Hunting PLC","HTG.L","786191847","5.41008","United Kingdom"
"6857","Truecaller","TRUE-B.ST","785596206","2.54016","Sweden"
"6858","Logistea AB","LOGI-A.ST","785361302","1.53824","Sweden"
"6859","GFT Technologies","GFT.DE","784871396","30.7012","Germany"
"6860","Prima Meat Packers","2281.T","784658821","15.6113","Japan"
"6861","Similarweb","SMWB","784531008","8.89","Israel"
"6862","Senshu Electric","9824.T","783816645","46.0061","Japan"
"6863","Safari Industries India","SAFARI.NS","782867766","15.9778","India"
"6864","Ramaco Resources","METC","782844800","12.35","United States"
"6865","World Co., Ltd.","3612.T","782792915","10.2728","Japan"
"6866","PAR Technology","PAR","781755136","18.9","United States"
"6867","Phu Nhuan Jewelry (PNJ)","PNJ.VN","781317401","1.52683","Vietnam"
"6868","Festi hf.","FESTI.IC","780785828","2.52788","Iceland"
"6869","Varex Imaging","VREX","780585728","18.52","United States"
"6870","Peakstone Realty Trust","PKST","780562688","20.99","United States"
"6871","Olvi plc","OLVAS.HE","779903377","37.7951","Finland"
"6872","LEM Holding","LEHN.SW","779696421","684.83","Switzerland"
"6873","WH Smith","SMWH.L","779613876","5.18016","United Kingdom"
"6874","Dometic Group","DOM.ST","779411299","2.43947","Sweden"
"6875","Tronox","TROX","779336192","4.88","United States"
"6876","Tokyo Electron Device Limited","2760.T","778521904","26.4358","Japan"
"6877","Hibiya Engineering","1982.T","778176035","18.858","Japan"
"6878","HomeTrust Bancshares","HTB","778076224","47.06","United States"
"6879","Sanofi India Limited","SANOFI.NS","777836547","33.774","India"
"6880","GO (Etihad Atheeb Telecommunication Company)","7040.SR","777808031","22.8768","Saudi Arabia"
"6881","Shore Bancshares","SHBI","777574016","23.3","United States"
"6882","Entravision Communications","EVC","776144640","8.41","United States"
"6883","Rosenbauer International","ROS.VI","775764626","76.0554","Austria"
"6884","Cera Sanitaryware","CERA.NS","775745951","60.1588","India"
"6885","Thermador Groupe","THEP.PA","775335329","84.5447","France"
"6886","Borosil","BORORENEW.NS","775061109","5.26594","India"
"6887","Harworth Group","HWG.L","775055382","2.38314","United Kingdom"
"6888","Strawberry Fields REIT","STRW","774315712","13.7","United States"
"6889","Sukoon Insurance","SUKOON.AE","773433947","1.67456","United Arab Emirates"
"6890","Rapid7","RPD","773085376","11.47","United States"
"6891","Braskem","BAK","773059328","1.94","Brazil"
"6892","Westlake Chemical Partners","WLKP","772942144","21.93","United States"
"6893","PubMatic","PUBM","772528960","16.96","United States"
"6894","Geopark","GPRK","772259456","11.9","Chile"
"6895","NewPrinces S.p.A.","NWL.MI","771361881","18.5138","Italy"
"6896","Senvest Capital","SEC.TO","770918375","318.993","Canada"
"6897","Bain Capital Specialty Finance","BCSF","769989184","11.87","United States"
"6898","Aeon Hokkaido Corporation","7512.T","769507860","5.53099","Japan"
"6899","United States Antimony Corporation","UAMY","769300544","5.14","United States"
"6900","Emirates Stallions Group (ESG)","ESG.AE","769167924","3.08","United Arab Emirates"
"6901","Groupon","GRPN","766947520","18.86","United States"
"6902","Sakai Moving Service Co.,Ltd.","9039.T","766709264","19.0441","Japan"
"6903","ProKidney","PROK","766430528","1.92","United States"
"6904","Halfords Group","HFD.L","766017252","3.53684","United Kingdom"
"6905","The Ehime Bank","8541.T","765975842","19.6023","Japan"
"6906","Baladna","BLDN.QA","765118431","0.342033","Qatar"
"6907","Ponsse","PON1V.HE","765058637","27.3288","Finland"
"6908","First Milling Company","2283.SR","764900515","13.782","Saudi Arabia"
"6909","Aura Biosciences","AURA","764304448","7.37","United States"
"6910","United Development Company","UDCD.QA","763620057","0.215659","Qatar"
"6911","Nachi-Fujikoshi","6474.T","763607375","35.0339","Japan"
"6912","Volaris","VLRS","763277056","6.64","Mexico"
"6913","MA Financial Group","MAF.AX","763001118","3.86776","Australia"
"6914","Nissin Corporation","9066.T","762935226","51.9081","Japan"
"6915","Pakuwon Jati Tbk","PWON.JK","762536101","0.0158335","Indonesia"
"6916","Independent Bank Corporation","IBCP","762499840","37.01","United States"
"6917","LINK Mobility Group","LINK.OL","761253687","2.69643","Norway"
"6918","IMC Rare Earths","IMC","761040000","7.2","Brazil"
"6919","Liberty Financial Group","LFG.AX","760968043","2.50648","Australia"
"6920","IFA Hotels and Resorts","IFAHR.KW","760227503","2089.54","Kuwait"
"6921","Merida Industry","9914.TW","759881119","2.54154","Taiwan"
"6922","Hallador Energy Company","HNRG","759479488","16.11","United States"
"6923","Washington Trust Bancorp","WASH","758204224","39.75","United States"
"6924","Shen Zhen Shengxunda Technology (gamexun)","300518.SZ","758154497","3.80196","China"
"6925","Green Dot","GDOT","757902912","13.3","United States"
"6926","KDH (Khang Dien House Trading and Investment)","KDH.VN","757700607","0.675183","Vietnam"
"6927","Genomma Lab Internacional","LABB.MX","755985365","0.773187","Mexico"
"6928","Cancom","COK.F","755340521","26.2821","Germany"
"6929","Arclands Corporation","9842.T","755009741","12.018","Japan"
"6930","N-Able","NABL","753733056","3.99","United States"
"6931","Rain Industries","RAIN.NS","753720461","2.24091","India"
"6932","Golden Entertainment","GDEN","753686080","28.55","United States"
"6933","Bergman &amp; Beving","BERG-B.ST","753589071","28.2123","Sweden"
"6934","Hello Group Inc.","MOMO","753511744","5.1","China"
"6935","Iress Limited","IRE.AX","753400380","4.03342","Australia"
"6936","Neurogene","NGNE","752628096","37.61","United States"
"6937","Lotus Technology","LOT","751835904","1.16","China"
"6938","Evli","EVLI.HE","751519425","28.3754","Finland"
"6939","Movado Group","MOV","750360768","33.63","United States"
"6940","Basellandschaftliche Kantonalbank","BLKB.SW","749852132","1331.27","Switzerland"
"6941","Westrock Coffee","WEST","749778304","7.68","United States"
"6942","Yesway, Inc.","YSWY","749389056","24.03","United States"
"6943","Asseco Business Solutions","ABS.WA","748916918","22.8227","Poland"
"6944","Pakistan Oilfields Limited","POL.PK","748539645","2.63705","Pakistan"
"6945","Barco NV","BAR.BR","748197216","9.19293","Belgium"
"6946","Third Coast Bancshares","TCBX","747141952","44.86","United States"
"6947","Saudi Steel Pipes","1320.SR","747050056","14.7807","Saudi Arabia"
"6948","APG|SGA","APGN.SW","746190936","248.916","Switzerland"
"6949","Sheela Foam","SFL.NS","745437588","6.82614","India"
"6950","Zevra Therapeutics","ZVRA","744672576","12.54","United States"
"6951","Agthia Group","AGTHIA.AE","744528152","0.9","United Arab Emirates"
"6952","CEVA","CEVA","744393664","26.44","United States"
"6953","Super Hi International","9658.HK","744126810","1.26473","Singapore"
"6954","Riyadh Cement Company","3092.SR","743668312","6.19724","Saudi Arabia"
"6955","Synergie SE","SDG.PA","742864651","32.6782","France"
"6956","Papa John's Pizza","PZZA","742384064","22.55","United States"
"6957","Mama's Creations","MAMA","742096768","15.96","United States"
"6958","Sto SE &amp; Co. KGaA","STO3.DE","742065154","115.479","Germany"
"6959","Daiichi Jitsugyo","8059.T","741918488","23.3559","Japan"
"6960","Synektik Spólka Akcyjna","SNT.WA","741902962","86.9846","Poland"
"6961","TaskUs","TASK","740831168","8.08","United States"
"6962","Alpha &amp; Omega Semiconductor","AOSL","739838848","24.45","United States"
"6963","Enovix","ENVX","739541504","3.37","United States"
"6964","Mediterranean Towers","MDTR.TA","738315169","4.8555","Israel"
"6965","LSI Industries","LYTS","738286464","20.11","United States"
"6966","The Manitowoc Company","MTW","737467264","20.45","United States"
"6967","PennantPark Floating Rate Capital Ltd.","PFLT","737188928","7.43","United States"
"6968","Minerva S.A.","BEEF3.SA","736829697","0.743414","Brazil"
"6969","Mochida Pharmaceutical","4534.T","736662486","20.8856","Japan"
"6970","Ardmore Shipping","ASC","736150784","18.02","Bermuda"
"6971","Warteck Invest","WARN.SW","735603711","2377.71","Switzerland"
"6972","Lifenet Insurance Company","7157.T","735104498","9.14988","Japan"
"6973","Catapult Group International","CAT.AX","735091465","2.32642","Australia"
"6974","Once Upon A Farm","OFRM","734836416","17.5","United States"
"6975","VP Bank","VPBN.SW","734802740","116.904","Liechtenstein"
"6976","Collegium Pharmaceutical","COLL","734680896","23.7","United States"
"6977","Southern Province Cement Company","3050.SR","734506949","5.24648","Saudi Arabia"
"6978","Propel Holdings","PRL.TO","734455024","18.6538","Canada"
"6979","Momentum Group AB","MMGR-B.ST","734172770","14.8508","Sweden"
"6980","Uchida Yoko Co., Ltd.","8057.T","733562279","14.8734","Japan"
"6981","indie Semiconductor","INDI","733171392","3.47","United States"
"6982","Südwestdeutsche Salzwerke","SSH.F","733166631","69.7756","Germany"
"6983","TXT e-solutions","TXT.MI","733064814","58.0881","Italy"
"6984","Vitesse Energy","VTS","733036160","17.41","United States"
"6985","Shenzhen Bingchuan Network","300533.SZ","732839964","2.23259","China"
"6986","National Investments Company (Kuwait)","NINV.KW","732818613","920.047","Kuwait"
"6987","Air New Zealand","AIR.NZ","732392831","0.226497","New Zealand"
"6988","Al Meera Consumer Goods Company","MERS.QA","732318643","3.55495","Qatar"
"6989","Phathom Pharmaceuticals","PHAT","732153472","9.05","United States"
"6990","Indian Metals &amp; Ferro Alloys","IMFA.NS","731971145","13.5666","India"
"6991","Salhia Real Estate Company","SRE.KW","731831805","1218.09","Kuwait"
"6992","Paysign","PAYS","731749568","12.96","United States"
"6993","Arrow Financial","AROW","730760896","39.45","United States"
"6994","IsoEnergy","ISO.TO","730464710","11.1938","Canada"
"6995","Agomab Therapeutics","AGMB","730347456","14.83","Belgium"
"6996","WhiteFiber","WYFI","729567744","18.78","United States"
"6997","River City Bank","RCBC","728573184","52.06","United States"
"6998","Collins Foods Limited","CKF.AX","728524551","6.15097","Australia"
"6999","The Shibusawa Warehouse","9304.T","727534379","13.1281","Japan"
"7000","SF Urban Properties (SFP)","SFPN.SW","727015902","124.458","Switzerland"
"7001","Viña Concha y Toro","CONCHATORO.SN","726707138","0.983352","Chile"
"7002","Velocity Financial","VEL","726458752","18.4","United States"
"7003","New Found Gold","NFGC","726435712","1.89","Canada"
"7004","Wacom Co., Ltd.","6727.T","724927956","5.46041","Japan"
"7005","Campus Activewear","CAMPUS.NS","724668797","2.37068","India"
"7006","GMR Solutions Inc.","GMRS","724431168","13.41","United States"
"7007","2CRSI","AL2SI.PA","723082779","32.0037","France"
"7008","Mühlbauer Holding","MUB.DE","722877806","50.9362","Germany"
"7009","Scholastic","SCHL","722813888","38.32","United States"
"7010","Verastem Oncology","VSTM","722696256","7.98","United States"
"7011","Hovnanian Enterprises","HOV","722457856","121.22","United States"
"7012","Cardinal Infrastructure Group","CDNL","722151360","35.35","United States"
"7013","First Watch Restaurant","FWRG","722035520","11.7","United States"
"7014","Dubai Refreshment","DRC.AE","721940836","8.02156","United Arab Emirates"
"7015","Fundamenta Real Estate AG","FREN.SW","721749831","21.1146","Switzerland"
"7016","Fujibo Holdings","3104.T","721522038","21.3989","Japan"
"7017","Donegal Group","DGICA","720856448","19.42","United States"
"7018","Avon Protection","AVON.L","720198337","24.4536","United Kingdom"
"7019","Axial Retailing","8255.T","719923944","8.29008","Japan"
"7020","Petco","WOOF","719624448","2.52","United States"
"7021","TANLA","TANLA.NS","719552385","5.44906","India"
"7022","Kakao Games","293490.KQ","719549094","6.76324","South Korea"
"7023","Viridien","VIRI.PA","719515034","99.6628","France"
"7024","Mesa Laboratories","MLAB","719237056","128.53","United States"
"7025","Bliss GVS Pharma","BLISSGVS.NS","719206799","6.7674","India"
"7026","Séché Environnement","SCHP.PA","717915518","92.4526","France"
"7027","Waga Energy","WAGA.PA","716813622","26.8054","France"
"7028","Community West Bancshares","CWBC","716260480","26.4","United States"
"7029","Ackerstein Group","ACKR.TA","716142040","2.48229","Israel"
"7030","Cass Information Systems","CASS","715839296","56.03","United States"
"7031","PRA Group","PRAA","714935680","18.99","United States"
"7032","Zignago Vetro","ZV.MI","714416097","8.09396","Italy"
"7033","Ridley Corporation","RIC.AX","714121600","1.90507","Australia"
"7034","Patrizia Immobilien","P1Z.VI","713855436","8.25677","Germany"
"7035","THG (The Hut Group)","THG.L","713844041","0.449849","United Kingdom"
"7036","Ghitha","GHITHA.AE","713064679","2.95","United Arab Emirates"
"7037","DRI Healthcare Trust","DHT-UN.TO","712211715","12.6582","Canada"
"7038","Satellogic","SATL","711815744","4.63","United States"
"7039","Cromwell Property Group","CMW.AX","711115527","0.271536","Australia"
"7040","Suprajit Engineering","SUPRAJIT.NS","711052952","5.18338","India"
"7041","XOMA Royalty","XOMA","710155008","40.17","United States"
"7042","Hutchison Telecommunications Hong Kong Holdings","0215.HK","709993237","0.147329","Hong Kong"
"7043","Peoples Financial Services","PFIS","709835136","70.91","United States"
"7044","Funai Soken Holdings Incorporated","9757.T","709337089","7.5971","Japan"
"7045","Ironwood Pharmaceuticals","IRWD","708879360","4.29","United States"
"7046","ENCE Energía y Celulosa","ENC.MC","708456185","2.92592","Spain"
"7047","Franklin BSP Realty Trust","FBRT","708377408","8.53","United States"
"7048","Transport Corporation of India","TCI.NS","708253451","9.21831","India"
"7049","K-Electric","KEL.PK","707750060","0.025629","Pakistan"
"7050","Skipper Limited","SKIPPER.NS","707167529","5.78883","India"
"7051","Enhabit","EHAB","706913408","13.8","United States"
"7052","Auction Technology Group","ATG.L","706859232","5.83748","United Kingdom"
"7053","Better Collective A/S","BETCO-DKK.CO","706678103","12.398","Denmark"
"7054","CIR S.p.A. - Compagnie Industriali Riunite","CIR.MI","706574217","0.854751","Italy"
"7055","SOPHiA GENETICS","SOPH","706560960","8.3","Switzerland"
"7056","Foresight Group","FSG.L","705850013","6.3839","United Kingdom"
"7057","Jahez International Company for Information Systems Technology","6017.SR","705531000","3.45682","Saudi Arabia"
"7058","Allied Bank (Pakistan)","ABL.PK","704825888","0.615529","Pakistan"
"7059","Latitude Group Holdings","LFS.AX","703939036","0.677038","Australia"
"7060","PVA TePla AG","TPE.DE","703473801","34.4459","Germany"
"7061","DATAGROUP SE","D6H.DE","703390793","84.8","Germany"
"7062","Maharah for Human Resources Company","1831.SR","702524641","1.23306","Saudi Arabia"
"7063","Pinewood Technologies Group","PINE.L","702079704","6.09987","United Kingdom"
"7064","American Woodmark","AMWD","700651840","48.09","United States"
"7065","Mensch und Maschine","MUM.F","699478844","41.9816","Germany"
"7066","Maxvalu Tokai","8198.T","698694464","21.9122","Japan"
"7067","Alfa Financial Software","ALFA.L","698658885","2.33986","United Kingdom"
"7068","Shattuck Labs","STTK","698528256","6.96","United States"
"7069","Array Technologies","ARRY","698371776","4.54","United States"
"7070","Oxford Biomedica","OXB.L","698268537","5.7685","United Kingdom"
"7071","Algoma Central Corporation","ALC.TO","698217915","17.2111","Canada"
"7072","Caisse Régionale de Crédit Agricole du Morbihan","CMO.PA","698133794","133.155","France"
"7073","Credit Corp Group","CCP.AX","698123075","10.2564","Australia"
"7074","Doshisha Co.","7483.T","697830475","19.4419","Japan"
"7075","Aoyama Trading","8219.T","696764273","4.9086","Japan"
"7076","California BanCorp","BCAL","696702208","21.67","United States"
"7077","GOLDCREST Co.,Ltd.","8871.T","696266652","20.9498","Japan"
"7078","Midland States Bancorp","MSBI","695818304","33.53","United States"
"7079","SPARC","SPARC.NS","695724829","2.14385","India"
"7080","Seika Corporation","8061.T","695007436","19.5061","Japan"
"7081","Shentel","SHEN","694826752","12.55","United States"
"7082","Johnson Service Group PLC","JSG.L","694803400","1.92329","United Kingdom"
"7083","IDEC Corporation","6652.T","694173408","23.4201","Japan"
"7084","mobilezone Holding","MOZN.SW","692381162","16.0495","Switzerland"
"7085","Tiptree","TIPT","692285888","18.59","United States"
"7086","Bloomsbury Publishing","BMY.L","692135059","8.56146","United Kingdom"
"7087","AO World","AO.L","691838457","1.24432","United Kingdom"
"7088","Osisko Development","ODV","691717504","2.27","Canada"
"7089","Nerdy, Inc,","NRDY","691245056","9.57","United States"
"7090","Information Services Corporation","ISC.TO","691028669","36.9525","Canada"
"7091","Mativ Holdings","MATV","690980032","12.52","United States"
"7092","OmniAb","OABI","690604416","4.75","United States"
"7093","Ballard Power Systems","BLDP","690449856","2.29","Canada"
"7094","Shoei Co., Ltd.","7839.T","690263667","13.481","Japan"
"7095","GlobalData","DATA.L","689793055","1.05361","United Kingdom"
"7096","Kornit Digital","KRNT","689612864","16.05","Israel"
"7097","Energy Vault","NRGV","689171968","3.79","United States"
"7098","SLR Investment","SLRC","689025024","12.63","United States"
"7099","Sprout Social","SPT","688933440","11.37","United States"
"7100","Japan Lifeline","7575.T","688720187","9.81719","Japan"
"7101","Ricegrowers Limited","SGLLV.AX","688299277","9.9395","Australia"
"7102","Cannae Holdings","CNNE","687047808","15.84","United States"
"7103","Metals Exploration","MTL.L","686689355","0.224519","United Kingdom"
"7104","Diagnosticos da America (DASA)","DASA3.SA","686435044","0.549224","Brazil"
"7105","Phreesia","PHR","686112000","11.1","United States"
"7106","International Tower Hill Mines","THM","685827200","2.58","Canada"
"7107","Property For Industry","PFI.NZ","685816133","1.36487","New Zealand"
"7108","SNP Schneider-Neureither &amp; Partner","SHF.DE","684936725","93.9644","Germany"
"7109","Ascopiave","ASC.MI","684627256","3.16316","Italy"
"7110","Allogene Therapeutics","ALLO","684071936","1.98","United States"
"7111","Keihanshin Building","8818.T","683783720","7.16719","Japan"
"7112","Janus International Group","JBI","683543360","5.01","United States"
"7113","Hapvida","HAPV3.SA","683076930","1.43779","Brazil"
"7114","Gyre Therapeutics","GYRE","682857408","6.44","United States"
"7115","Shibaura Machine","6104.T","682027619","28.842","Japan"
"7116","Red River Bancshares","RRBI","681389120","103.49","United States"
"7117","RE/MAX Holdings","RMAX","681161536","12.36","United States"
"7118","Stratasys","SSYS","680550976","7.77","Israel"
"7119","Okamoto Industries","5122.T","680420274","40.0388","Japan"
"7120","Paisalo Digital","PAISALO.NS","680035989","0.743901","India"
"7121","Doman Building Materials Group","DBM.TO","679915133","7.73558","Canada"
"7122","SIG (Semen Indonesia)","SMGR.JK","679877075","0.100939","Indonesia"
"7123","Ecclesiastical Insurance Office plc","ELLA.L","679526012","1.93775","United Kingdom"
"7124","Sagimet Biosciences","SGMT","678772480","10.92","United States"
"7125","Nxera Pharma","4565.T","677467035","7.38535","Japan"
"7126","Udemy","UDMY","677283328","4.63","United States"
"7127","G City","GCT.TA","676810126","3.96089","Israel"
"7128","Oculis Holding AG","OCS","675775296","12.17","Switzerland"
"7129","ASOS","ASC.L","675629540","5.64678","United Kingdom"
"7130","SmarTone Telecommunications","0315.HK","675491580","0.613552","Hong Kong"
"7131","Evotec","EVO","675239296","1.9","Germany"
"7132","ES-CON JAPAN","8892.T","674335395","7.03245","Japan"
"7133","Systems Limited (Pakistan)","SYS.PK","674296799","0.457645","Pakistan"
"7134","Bar Harbor Bankshares","BHB","673828736","40.19","United States"
"7135","Saudi Ceramic Company","2040.SR","673753838","6.75917","Saudi Arabia"
"7136","Contango Ore","CTGO","673495488","20.14","United States"
"7137","Prime Medicine","PRME","672908160","3.71","United States"
"7138","NIPPON KANZAI Holdings","9347.T","672355530","18.5115","Japan"
"7139","Earth Corporation","4985.T","672277000","30.6707","Japan"
"7140","Arena REIT","ARF.AX","672160804","1.65298","Australia"
"7141","Aquestive Therapeutics","AQST","671487296","5.35","United States"
"7142","Direct Finance of Direct Group","DIFI.TA","671219315","226.712","Israel"
"7143","Zuken Inc.","6947.T","670750235","31.8257","Japan"
"7144","Acast AB","ACAST.ST","670740209","3.67599","Sweden"
"7145","Granite Ridge Resources","GRNT","670053184","5.08","United States"
"7146","Park Aerospace","PKE","669937344","30.8","United States"
"7147","WhiteHawk Minerals Corp","WHK","669603968","28.14","United States"
"7148","Valneva SE","VALN","669453568","7.06","France"
"7149","Frequency Electronics","FEIM","669422272","59.89","United States"
"7150","Alpha HPA Limited","A4N.AX","669269464","0.460962","Australia"
"7151","The Star Entertainment Group","SGR.AX","669164825","0.100835","Australia"
"7152","BFF Bank","BFF.MI","669132394","3.54227","Italy"
"7153","EPC Groupe","EXPL.PA","669069205","312.827","France"
"7154","Carlton Investments","CIN.AX","668979288","25.3961","Australia"
"7155","Rashtriya Chemicals and Fertilizers","RCF.NS","668741173","1.21217","India"
"7156","Kossan Rubber Industries","7153.KL","667727582","0.26495","Malaysia"
"7157","VersaBank","VBNK","667445632","20.59","Canada"
"7158","Bright Minds Biosciences","DRUG","667416384","68.02","United States"
"7159","ACNB Corporation","ACNB","667249088","65.61","United States"
"7160","Grid Dynamics","GDYN","665240384","8.2","United States"
"7161","Artea Bankas","ROE1L.VS","664795964","1.02919","Lithuania"
"7162","Kempower","KEMPOWR.HE","664777283","11.9898","Finland"
"7163","Praj Industries","PRAJIND.NS","664626140","3.61577","India"
"7164","Pollen Street Group","POLN.L","664264251","11.2395","United Kingdom"
"7165","COVER Corporation","5253.T","663690194","10.4075","Japan"
"7166","Legacy Housing Corporation","LEGH","663268800","27.89","United States"
"7167","Norma Group","NOEJ.F","662980907","23.119","Germany"
"7168","BellSystem24","6183.T","662600654","8.91247","Japan"
"7169","Claritev","CTEV","662476352","39.09","United States"
"7170","Autohellas","OTOEL.AT","661224051","13.769","Greece"
"7171","Contineum Therapeutics","CTNM","661003264","17.57","United States"
"7172","Slate Grocery REIT","SGR-UN.TO","660801065","11.1503","Canada"
"7173","Enghouse Systems","ENGH.TO","660259218","12.1435","Canada"
"7174","CorMedix","CRMD","660188416","8.47","United States"
"7175","Oeneo","SBT.PA","660010291","10.5361","France"
"7176","Litgrid AB","LGD1L.VS","659812538","1.30829","Lithuania"
"7177","Greenlam Industries","GREENLAM.NS","659427483","2.58449","India"
"7178","OTC Markets Group","OTCM","659090880","55","United States"
"7179","Matthews International Corporation","MATW","658597952","21.1","United States"
"7180","Bahnhof AB","3B7.F","657974855","6.11699","Sweden"
"7181","Italtile","ITE.JO","657530000","0.562416","South Africa"
"7182","Civmec Limited","CVL.AX","657035986","1.28925","Australia"
"7183","Hayat Communications Company","DIGITUS.KW","656845307","6116.37","Kuwait"
"7184","Helen of Troy","HELE","656370240","28.18","United States"
"7185","Bannerman Energy","BMN.AX","656333802","3.15831","Australia"
"7186","Enviri Corporation","NVRI","656265984","23.28","United States"
"7187","Oma Säästöpankki","OMASP.HE","655264363","19.7232","Finland"
"7188","Calian Group","CGY.TO","654438973","56.7953","Canada"
"7189","Duc Giang Chemicals Group","DGC.VN","654162346","1.72248","Vietnam"
"7190","Hyliion","HYLN","653665856","3.66","United States"
"7191","Kearny Financial","KRNY","653189632","10.06","United States"
"7192","Hingham Institution for Savings","HIFS","653088640","297.23","United States"
"7193","Grendene","GRND3.SA","652982557","0.723799","Brazil"
"7194","Gladstone Investment","GAIN","652283776","16.38","United States"
"7195","ODDITY Tech","ODD","651739904","14.13","Israel"
"7196","Mannai Corporation","MCCS.QA","651577511","1.4283","Qatar"
"7197","Groupe CRIT","CEN.PA","651568007","61.8677","France"
"7198","ParkOhio Holdings Corp.","PKOH","651036160","44.93","United States"
"7199","CJ CGV Co., Ltd.","079160.KS","650918276","3.93108","South Korea"
"7200","Peet Limited","PPC.AX","650782756","1.39009","Australia"
"7201","Arabi Group Holding","AGHC.KW","650721123","1254.07","Kuwait"
"7202","Cicor Technologies","CICN.SW","650586428","149.102","Switzerland"
"7203","Lumibird","LBIRD.PA","650498488","29.4802","France"
"7204","Fiera Milano","FM.MI","650185149","9.10571","Italy"
"7205","Aditya Birla Fashion and Retail","ABFRL.NS","649248375","0.53358","India"
"7206","Roland Corporation","7944.T","648985814","24.5751","Japan"
"7207","Floridienne S.A.","FLOB.BR","648785842","66.2868","Belgium"
"7208","JBCC Holdings","9889.T","648002243","10.6385","Japan"
"7209","Armada Hoffler Properties","AHH","647902656","6.25","United States"
"7210","Morita Holdings Corporation","6455.T","647818007","15.7717","Japan"
"7211","Nichiha Corporation","7943.T","647676348","19.5061","Japan"
"7212","MediaAlpha","MAX","647363200","12.22","United States"
"7213","Sembcorp Salalah Power & Water Company","SSPW.OM","647125416","0.677922","Oman"
"7214","Vinci Compass Investments","VINP","646665024","9.85","Brazil"
"7215","Village Super Market","VLGEA","646138112","43.63","United States"
"7216","MCAN Mortgage Corporation","MKP.TO","646044698","15.7902","Canada"
"7217","Yanbu Cement Company","3060.SR","645955929","4.10131","Saudi Arabia"
"7218","Energy Absolute","EA.BK","645808760","0.0869565","Thailand"
"7219","MiMedx Group","MDXG","645718848","4.43","United States"
"7220","Schweiter Technologies","SWTQ.SW","645421807","450.774","Switzerland"
"7221","Integral Corporation","5842.T","645311296","18.9286","Japan"
"7222","FleetPartners Group","FPR.AX","644711837","3.01786","Australia"
"7223","Shizuoka Gas","9543.T","644476164","8.54673","Japan"
"7224","Reservoir Media","RSVR","644143424","9.77","United States"
"7225","Digital Garage","4819.T","644124461","13.9686","Japan"
"7226","Atal S.A.","1AT.WA","643855224","14.8832","Poland"
"7227","Consensus Cloud Solutions","CCSI","643754560","35.13","United States"
"7228","The Rank Group","RNK.L","643628804","1.38228","United Kingdom"
"7229","DocMorris","DOCM.SW","643344442","12.6192","Switzerland"
"7230","Creotech Instruments","CRI.WA","643224388","183.55","Poland"
"7231","Craneware","CRW.L","642733759","18.773","United Kingdom"
"7232","DoubleDown Interactive","DDI","642708160","12.97","United States"
"7233","Ooma","OOMA","642361344","23.38","United States"
"7234","Hindustan Construction Company","HCC.NS","641315640","0.244827","India"
"7235","Bank Alfalah","BAFL.PK","641281151","0.203302","Pakistan"
"7236","Mutares","MUX.DE","640958774","29.422","Germany"
"7237","Credit Agricole Mutuel Toulouse 31","CAT31.PA","640310884","141.877","France"
"7238","ME Group International","MEGP.L","639470742","1.70688","United Kingdom"
"7239","AngioDynamics","ANGO","639412032","15.47","United States"
"7240","Northfield Bancorp","NFBK","639406784","15.31","United States"
"7241","Interfor","IFP.TO","638435401","9.70754","Canada"
"7242","Reitir fasteignafélag","REITIR.IC","638413879","0.950021","Iceland"
"7243","Jinko Solar","JKS","638392576","12.19","China"
"7244","Rogers Sugar (Lantic)","RSI.TO","638366777","4.96614","Canada"
"7245","Verra Mobility","VRRM","638327744","4.2","United States"
"7246","EnQuest","ENQ.L","638098052","0.342864","United Kingdom"
"7247","Pepper Money Limited","PPM.AX","637629336","1.4189","Australia"
"7248","Yext","YEXT","637422848","6.44","United States"
"7249","Saudi Paper Manufacturing Company","2300.SR","636751274","17.2308","Saudi Arabia"
"7250","Citycon","CTY1S.HE","636161937","3.46552","Finland"
"7251","Chatham Lodging Trust","CLDT","636050880","12.99","United States"
"7252","Gladstone Commercial","GOOD","635711168","13.02","United States"
"7253","Sveafastigheter AB","SVEAF.ST","635420406","3.21977","Sweden"
"7254","Vaalco Energy","EGY","635358336","6.04","United States"
"7255","PNE AG","PNE3.DE","634278108","8.28003","Germany"
"7256","Docebo","DCBO","634098752","25.48","Canada"
"7257","Bank AL Habib","BAHL.PK","634035680","0.570471","Pakistan"
"7258","NerdWallet","NRDS","633478656","9.91","United States"
"7259","Viaplay Group","VPLAY-B.ST","633137845","0.139744","Sweden"
"7260","RAK Ceramics","RAKCEC.AE","633104776","0.64","United Arab Emirates"
"7261","Tri Chemical Laboratories","4369.T","632841032","19.474","Japan"
"7262","Hypoport","HYQ.F","632035764","95.4762","Germany"
"7263","GDI Integrated Facility Services","GDI.TO","631553405","26.8246","Canada"
"7264","TINC NV","TINC.BR","631503981","13.0248","Belgium"
"7265","Hollywood Bowl Group","BOWL.L","631415732","3.78706","United Kingdom"
"7266","Onward Holdings Co., Ltd.","8016.T","631347066","4.63269","Japan"
"7267","Lumax Industries","LUMAXIND.NS","631312035","67.5364","India"
"7268","Duniec Bros.","DUNI.TA","631288203","81.7786","Israel"
"7269","Cars.com","CARS","631150656","11.79","United States"
"7270","Northern Data AG","NB2.DE","630469740","9.82091","Germany"
"7271","Tian An China Investments Company","0028.HK","628348348","0.428594","Hong Kong"
"7272","Altimmune","ALT","628292160","3.23","United States"
"7273","Lycopodium","LYL.AX","628275674","15.8096","Australia"
"7274","Wakita & Co.,LTD.","8125.T","628274771","12.634","Japan"
"7275","International Financial Advisors Holding","IFA.KW","627986994","1104.7","Kuwait"
"7276","The Honest Company","HNST","627613568","5.85","United States"
"7277","Gemini Space Station","GEMI","627516672","4.84","United States"
"7278","Atos","ATO.PA","627026065","31.7479","France"
"7279","Patriot Battery Metals","PMET.TO","626846184","3.37118","Canada"
"7280","Arnoldo Mondadori Editore","MN.MI","626839327","2.41889","Italy"
"7281","Cognyte Software","CGNT","626675200","8.48","Israel"
"7282","Miller Industries","MLR","626527040","55.19","United States"
"7283","Basler Kantonalbank","BSKP.SW","625859880","122.724","Switzerland"
"7284","ACICO Industries Company","ACICO.KW","625215140","1891.93","Kuwait"
"7285","Samhällsbyggnadsbolaget i Norden","SBB-B.ST","624398728","0.319879","Sweden"
"7286","OppFi","OPFI","623724416","7.32","United States"
"7287","Medgulf (The Mediterranean and Gulf Cooperative Insurance and Reinsurance Company)","8030.SR","623658792","4.5141","Saudi Arabia"
"7288","AH Realty Trust","AHRT","623409792","6.5","United States"
"7289","Tilray Brands","TLRY","623241536","4.53","Canada"
"7290","Avalon Pharma (Middle East Pharmaceutical)","4016.SR","623119098","17.8034","Saudi Arabia"
"7291","Forge Global","FRGE","623007296","45","United States"
"7292","Al-Maidan Clinic for Oral Health Services","MIDAN.KW","622562243","3074.38","Kuwait"
"7293","Klaveness Combination Carriers","KCC.OL","622297162","10.4909","Norway"
"7294","oOh!media Limited","OML.AX","622029866","1.17761","Australia"
"7295","A'ayan Leasing and Investment Company","AAYAN.KW","621702687","936.245","Kuwait"
"7296","eDreams ODIGEO","EDR.MC","620821399","5.98907","Spain"
"7297","SMCP S.A.","SMCP.PA","619986809","7.93697","France"
"7298","IPH Limited","IPH.AX","617940992","2.40925","Australia"
"7299","OneSpan","OSPN","617458112","16.755","United States"
"7300","Galiano Gold","GAU","617356544","2.36","Canada"
"7301","ADENTRA Inc.","ADEN.TO","617325526","25.4615","Canada"
"7302","Summit Hotel Properties","INN","616921792","5.72","United States"
"7303","Aeon Kyushu","2653.T","616293191","18.0303","Japan"
"7304","SMASCO (Saudi Manpower Solutions Company)","1834.SR","615728785","1.53932","Saudi Arabia"
"7305","Movida Participações","MOVI3.SA","615190810","1.52214","Brazil"
"7306","ECN Capital","ECN.TO","614662284","2.18172","Canada"
"7307","Solowin Holdings","SWIN","614008064","3.28","Hong Kong"
"7308","Integral Diagnostics Limited","IDX.AX","613985198","1.64578","Australia"
"7309","Obrascón Huarte Lain","OHLA.MC","612527858","0.443075","Spain"
"7310","Transport International Holdings","0062.HK","612373701","1.14164","Hong Kong"
"7311","F.I.L.A. - Fabbrica Italiana Lapis ed Affini","FILA.MI","611960127","12.0944","Italy"
"7312","EagleRock Land","EROK","611881344","25.02","United States"
"7313","Hyster-Yale Materials Handling","HY","611784832","34.12","United States"
"7314","WashTec AG","WSU.DE","611648984","45.8193","Germany"
"7315","Audax Renovables","ADX.MC","611565142","1.37225","Spain"
"7316","Cytek Biosciences","CTKB","610921280","4.7","United States"
"7317","Care Property Invest NV","CPINV.BR","610571091","14.4435","Belgium"
"7318","RVRC Holding","RVRC.ST","610474042","5.83648","Sweden"
"7319","Betterware de Mexico","BWMX","610044032","15.45","Mexico"
"7320","WA1 Resources","WA1.AX","609898076","8.20369","Australia"
"7321","Weebit Nano","WBT.AX","609554752","2.53529","Australia"
"7322","Autolus Therapeutics","AUTL","609512192","2.29","United Kingdom"
"7323","MapLight Therapeutics","MPLT","609404736","13.14","United States"
"7324","DIP Corporation","2379.T","609383692","11.6395","Japan"
"7325","Zephyrus Wing Energies","ZPRS.TA","609136486","8.94276","Israel"
"7326","Pakistan State Oil Company","PSO.PK","608680515","1.29652","Pakistan"
"7327","MyState Limited","MYS.AX","607638024","3.56526","Australia"
"7328","Bluelinx","BXC","607437568","77.28","United States"
"7329","REGENXBIO","RGNX","607321344","9.2","United States"
"7330","MISTRAS Group","MG","607058944","19.06","United States"
"7331","RWS Holdings","RWS.L","605921553","1.63249","United Kingdom"
"7332","Amotiv Limited","AOV.AX","605911121","4.52679","Australia"
"7333","LightPath Technologies","LPTH","605289920","9.64","United States"
"7334","AmRest","EAT.MC","604550819","2.82591","Spain"
"7335","Hankyu Hanshin REIT","8977.T","604428670","869.431","Japan"
"7336","Elior Group","ELIOR.PA","603794861","2.40493","France"
"7337","First Business Financial Services","FBIZ","602853760","72.04","United States"
"7338","ProCredit","PCZ.DE","602752359","10.2337","Germany"
"7339","TPG Real Estate Finance Trust","TRTX","602636736","7.85","United States"
"7340","Sumitomo Seika Chemicals Company","4008.T","601548179","9.38729","Japan"
"7341","Modern Mills for Food Products","2284.SR","601523713","7.42496","Saudi Arabia"
"7342","Al-Saif Stores for Development &amp; Investment","4192.SR","601214391","1.71776","Saudi Arabia"
"7343","Insteel Industries","IIIN","601073600","31.05","United States"
"7344","Arvinas","ARVN","600692416","9.31","United States"
"7345","Bridgewater Bancshares","BWB","600617600","21.54","United States"
"7346","Shinagawa Refractories","5351.T","600247017","13.1538","Japan"
"7347","Standard Lithium","SLI","599685504","2.43","Canada"
"7348","AlTi Global","ALTI","598822720","3.84","United States"
"7349","ASP Isotopes","ASPI","597906560","3.9","United States"
"7350","Evolus","EOLS","597756480","9.05","United States"
"7351","Greene County Bancorp","GCBC","597083712","35.07","United States"
"7352","NioCorp Developments","NB","596906880","4.1","United States"
"7353","VTEX","VTEX","596848960","3.61","United Kingdom"
"7354","West Holdings","1407.T","596481564","15.0402","Japan"
"7355","Grenke","GLJ.F","595957001","13.4899","Germany"
"7356","Southern First Bancshares","SFST","595678656","62.89","United States"
"7357","United International Holding Company","4083.SR","595621716","7.94162","Saudi Arabia"
"7358","Singapore Post","S08.SI","595573452","0.264415","Singapore"
"7359","Gokaldas Exports","GOKEX.NS","595412302","8.12543","India"
"7360","Northpointe Bancshares","NPB","595153408","17.21","United States"
"7361","Nilfisk Holding","NLFSK.CO","594716482","21.9239","Denmark"
"7362","Sturm, Ruger &amp; Co","RGR","594710720","37.22","United States"
"7363","Sparebanken Møre","MORG.OL","594284084","11.9865","Norway"
"7364","Nanosonics Limited","NAN.AX","594204892","1.9879","Australia"
"7365","Eikon Therapeutics","EIKN","593648768","10.96","United States"
"7366","Zojirushi","7965.T","592382226","9.32954","Japan"
"7367","Endúr ASA","ENDUR.OL","592371228","11.5776","Norway"
"7368","Bukalapak.com","BUKA.JK","592006122","0.00644651","Indonesia"
"7369","Wellneo Sugar","2117.T","591755562","18.0752","Japan"
"7370","Unity Bancorp","UNTY","591608256","58.91","United States"
"7371","Limbach Holdings","LMB","590883392","49.55","United States"
"7372","Cabaletta Bio","CABA","590018112","3.48","United States"
"7373","OrthoPediatrics","KIDS","589820096","22.59","United States"
"7374","TV TOKYO Holdings","9413.T","589743424","22.0726","Japan"
"7375","BrightSpire Capital","BRSP","589602624","4.66","United States"
"7376","BMC Minerals","BMC.AX","589474682","2.14636","Canada"
"7377","Unilever Pakistan Foods","UPFL.PK","588935109","92.4555","Pakistan"
"7378","FDC India","FDC.NS","588684066","3.61577","India"
"7379","Malam - Team","MLTM.TA","588431128","26.8749","Israel"
"7380","Mastek","MASTEK.NS","588325257","18.9743","India"
"7381","Bit Digital","BTBT","587832640","1.63","United States"
"7382","Kimball Electronics","KE","587755712","24.44","United States"
"7383","SiteMinder","SDR.AX","587211495","2.07433","Australia"
"7384","W&amp;T Offshore","WTI","587168064","3.89","United States"
"7385","Bawan Company","1302.SR","587072929","9.78455","Saudi Arabia"
"7386","Weave Communications","WEAV","586393536","7.33","United States"
"7387","Integra Resources","ITRG","586303168","2.89","Canada"
"7388","IDI","IDIP.PA","585804863","82.1026","France"
"7389","Weathernews Inc.","4825.T","585634414","13.1858","Japan"
"7390","Grupo Empresarial San José","GSJ.MC","585302814","9.00105","Spain"
"7391","Tectonic Therapeutic","TECX","584917056","29.92","United States"
"7392","Maxell, Ltd.","6810.T","584674706","15.8615","Japan"
"7393","Mavi Giyim Sanayi ve Ticaret","MAVI.IS","584268698","0.745617","Turkey"
"7394","India Tourism Development Corp","ITDC.NS","584067151","6.80974","India"
"7395","Qualitas Limited","QAL.AX","584004581","1.93748","Australia"
"7396","Energy Resources of Australia","ERA.AX","583976186","0.00144051","Australia"
"7397","Australian Agricultural Company","AAC.AX","583924881","0.968741","Australia"
"7398","Gulf Oil Lubricants","GULFOILLUB.NS","583546193","11.7756","India"
"7399","BrainsWay","BWAY","583417792","14.51","Israel"
"7400","MTY Food Group","MTY.TO","583395747","25.5412","Canada"
"7401","Opthea","OPT","583100736","3.41","Australia"
"7402","Ecora Resources","ECOR.L","583011835","2.33716","United Kingdom"
"7403","CSB Bank","CSBBANK.NS","582924000","3.43953","India"
"7404","ADTRAN","ADTN","582592064","7.15","United States"
"7405","BlossomHill Therapeutics","BLSM","582204864","20.02","United States"
"7406","Avax S.A.","AVAX.AT","581280988","3.91906","Greece"
"7407","Saibu Gas Holdings","9536.T","581272047","16.1502","Japan"
"7408","TomTom","TOM2.AS","580974980","4.68427","Netherlands"
"7409","Wabash National","WNC","580912064","14.26","United States"
"7410","Kelly Services","KELYA","580370752","16.71","United States"
"7411","NRJ Group","NRG.PA","579803644","7.48924","France"
"7412","Fourth Milling","2286.SR","579562759","1.07326","Saudi Arabia"
"7413","Quess","QUESS.NS","579495673","3.87986","India"
"7414","Krispy Kreme","DNUT","579489984","3.34","United States"
"7415","Vadilal Industries","VADILALIND.NS","579363092","80.6033","India"
"7416","Arata Corporation","2733.T","579321619","17.3052","Japan"
"7417","Garofalo Health Care","GHC.MI","579100120","6.5589","Italy"
"7418","Rayonier Advanced Materials","RYAM","579034432","8.56","United States"
"7419","Musti Group","MUSTI.HE","578531831","17.3276","Finland"
"7420","Arabian Cement Company","3010.SR","578444170","5.78444","Saudi Arabia"
"7421","ARGO GRAPHICS","7595.T","578009524","8.41199","Japan"
"7422","Northrim BanCorp","NRIM","577696576","25.97","United States"
"7423","Chrysos Corporation Limited","C79.AX","577452740","4.95534","Australia"
"7424","NEC Capital Solutions","8793.T","577159148","26.7888","Japan"
"7425","Miquel y Costas &amp; Miquel","MCM.MC","576689868","15.4669","Spain"
"7426","Citi Trends, Inc.","CTRN","575925696","69.14","United States"
"7427","Eastern Province Cement Company","3080.SR","575791653","6.69525","Saudi Arabia"
"7428","Core Laboratories","CLB","574933312","12.53","Netherlands"
"7429","Tatton Asset Management","TAM.L","574752497","9.46765","United Kingdom"
"7430","PZ Cussons plc","PZC.L","574416423","1.36334","United Kingdom"
"7431","Blackline Safety","BLN.TO","573691442","6.56111","Canada"
"7432","GAMCO Investors","GAMI","573450816","26.7","United States"
"7433","Civista Bancshares","CIVB","573297152","27.57","United States"
"7434","NETGEAR","NTGR","573205504","21.09","United States"
"7435","Qatar General Insurance & Reinsurance Company","QGRI.QA","573120792","0.654945","Qatar"
"7436","Aurelia Metals","AMI.AX","572503434","0.332757","Australia"
"7437","Zion Oil &amp; Gas","ZNOG","572103872","0.48","United States"
"7438","Universal Health Realty Income Trust","UHT","572069824","41.16","United States"
"7439","Iwaki Co.","6237.T","570778178","25.73","Japan"
"7440","Fujimori Kogyo","7917.T","570648451","7.96925","Japan"
"7441","Arabian Mills for Food Products","2285.SR","570424918","11.1161","Saudi Arabia"
"7442","YG Entertainment","122870.KQ","569048544","30.6816","South Korea"
"7443","Nichols plc","NICL.L","568884936","15.554","United Kingdom"
"7444","Kyokuto Kaihatsu Kogyo","7226.T","568519884","14.7643","Japan"
"7445","Equasens","EQS.PA","568143460","37.7951","France"
"7446","H.I.S. Co., Ltd.","9603.T","567995508","7.5971","Japan"
"7447","Inghams Group","ING.AX","567531541","1.52694","Australia"
"7448","Addiko Bank","ZYE1.F","567466767","29.422","Austria"
"7449","AvenuesAI Limited","CCAVENUE.NS","567427398","0.163006","India"
"7450","S Foods Inc.","2292.T","567419830","17.9148","Japan"
"7451","Wild Bunch","WBAH.F","566923642","23.6783","Germany"
"7452","Cineplex","CGX.TO","565926523","8.98256","Canada"
"7453","Al-Ahleia Insurance","AINS.KW","565917744","2303.36","Kuwait"
"7454","Solid Power","SLDP","565889408","2.48","United States"
"7455","Vetropack","VETN.SW","565873929","28.5449","Switzerland"
"7456","Investors Title Company","ITIC","565624704","299.59","United States"
"7457","Gulf Keystone Petroleum","GKP.L","565253947","2.59955","Bermuda"
"7458","MasterCraft Boat","MCFT","565105536","23.33","United States"
"7459","Trilogy Metals","TMQ","564878208","3.27","Canada"
"7460","Sekisui Jushi Corporation","4212.T","564334972","18.7682","Japan"
"7461","Kyoei Steel","5440.T","564118672","12.9805","Japan"
"7462","ARS Pharmaceuticals","SPRY","563866432","5.67","United States"
"7463","Zura Bio","ZURA","563475328","5.88","United States"
"7464","Happiest Minds Technologies","HAPPSTMNDS.NS","562955420","3.74649","India"
"7465","Ryobi Limited","5851.T","562920010","17.6966","Japan"
"7466","Redwood Trust","RWT","562743680","4.48","United States"
"7467","IFB Industries","IFBIND.NS","562609791","13.8852","India"
"7468","Gujarat Alkalies and Chemicals","GUJALKALI.NS","561882851","7.65123","India"
"7469","Zeria Pharmaceutical","4559.T","561425519","12.7367","Japan"
"7470","Tadiran Group","TDRN.TA","560806984","65.3164","Israel"
"7471","Plus Alpha Consulting","4071.T","559949372","13.3463","Japan"
"7472","init innovation in traffic systems","IXX.DE","558699013","51.1106","Germany"
"7473","RCS MediaGroup","RCS.MI","558360220","1.0792","Italy"
"7474","Wickes Group","WIX.L","557362495","2.53462","United Kingdom"
"7475","York Water","YORW","557289472","34.34","United States"
"7476","Figeac Aero","FGA.PA","557264688","12.5829","France"
"7477","Ur-Energy","URG","557009216","1.4","United States"
"7478","Alpen Co.,Ltd.","3028.T","556784091","14.8477","Japan"
"7479","Ethan Allen","ETD","556511488","21.87","United States"
"7480","Marshalls plc","MSLH.L","555468619","2.19649","United Kingdom"
"7481","Schoeller-Bleckmann Oilfield Equipment","SBO.VI","555310824","35.2367","Austria"
"7482","RaySearch Laboratories AB","RAY-B.ST","554827869","18.6159","Sweden"
"7483","MSTC Limited","MSTCLTD.NS","554593293","7.87775","India"
"7484","Heimar","HEIMAR.IC","552791206","0.285006","Iceland"
"7485","AS Merko Ehitus","MRK1T.TL","552674722","31.2246","Estonia"
"7486","Alight","ALIT","551854592","14.89","United States"
"7487","Asia Financial Holdings","0662.HK","551685009","0.59697","Hong Kong"
"7488","3D Systems","DDD","551608128","3.32","United States"
"7489","VRL Logistics","VRLLOG.NS","551521391","3.15269","India"
"7490","Forward Air","FWRD","550965888","16.31","United States"
"7491","Intrepid Potash","IPI","550512512","40.91","United States"
"7492","Home Bancorp","HBCP","550244160","69.91","United States"
"7493","Smith &amp; Wesson","SWBI","550182912","12.27","United States"
"7494","Bouvet","BOUV.OL","550156618","5.37456","Norway"
"7495","Nextensa","NEXTA.BR","550025446","54.4249","Belgium"
"7496","Industrial Logistics Properties Trust","ILPT","549986048","8.24","United States"
"7497","Nueva Expresión Textil","NXT.MC","549438513","1.27689","Spain"
"7498","Electrosteel Castings","ELECTCAST.NS","548661322","0.887536","India"
"7499","E7 Group PJSC","E7.AE","548132410","0.26","United Arab Emirates"
"7500","Nexxen","NEXN","547303232","9.61","Israel"
"7501","SD BioSensor","137310.KS","546987989","4.57274","South Korea"
"7502","Oxford Industries","OXM","546920064","36.63","United States"
"7503","Aeris Resources","AIS.AX","546688302","0.365169","Australia"
"7504","Kameda Seika","2220.T","546255425","8.63656","Japan"
"7505","MapmyIndia","MAPMYINDIA.NS","545840326","10.2524","India"
"7506","Western Copper and Gold","WRN","545082816","2.41","Canada"
"7507","CARE's Ratings","CARERATING.NS","544068600","18.0831","India"
"7508","Artiva Biotherapeutics","ARTV","543902592","11.125","United States"
"7509","Methode Electronics","MEI","543782528","15.32","United States"
"7510","PostNL","PNL.AS","543394238","1.05187","Netherlands"
"7511","Ovid Therapeutics","OVID","542928064","2.78","United States"
"7512","Euroseas","ESEA","542805696","76.935","Greece"
"7513","Pangaea Logistics Solutions","PANL","542777536","8.29","United States"
"7514","Tallink Grupp","T5N.F","542176757","0.701244","Estonia"
"7515","ARKO Corp.","ARKO","541857024","4.83","United States"
"7516","Almawarid Manpower Company","1833.SR","541692192","27.0846","Saudi Arabia"
"7517","Ooredoo Oman","ORDS.OM","541044568","0.831169","Oman"
"7518","Laurent-Perrier","LPE.PA","540694910","94.197","France"
"7519","Fulgent Genetics","FLGT","540675456","19.65","United States"
"7520","TRE Holdings Corporation","9247.T","540398777","11.4919","Japan"
"7521","Cenomi Retail (Fawaz Abdulaziz Al Hokair &amp; Company)","4240.SR","540073827","4.70585","Saudi Arabia"
"7522","MOIL","MOIL.NS","539927727","2.6534","India"
"7523","Costamare Bulkers Holdings Limited","CMDB","539736064","22.21","Monaco"
"7524","Kid ASA","KID.OL","539674142","13.2777","Norway"
"7525","Centiel","CNTL.SW","539627826","6.613","Switzerland"
"7526","Capricor Therapeutics","CAPR","539529792","9.28","United States"
"7527","Vastned Belgium NV","VASTB.BR","538133347","33.3178","Belgium"
"7528","NetDragon Websoft","0777.HK","537871715","1.02237","China"
"7529","Carriage Services","CSV","537774528","33.86","United States"
"7530","Sligro Food","SLIGR.AS","537605025","12.1875","Netherlands"
"7531","ATHEX  (Athens Stock Exchange)","EXAE.AT","537529333","9.29178","Greece"
"7532","Abacus Group","ABG.AX","537456196","0.601412","Australia"
"7533","Interloop","ILP.PK","537300042","0.383318","Pakistan"
"7534","Electra Consumer Products","ECP.TA","537227894","23.466","Israel"
"7535","Perfect Presentation for Commercial Services CompanyPerfect Presentation for Commercial Services","7204.SR","536898456","1.78966","Saudi Arabia"
"7536","Meeza QSTP LLC (Public)","MEZA.QA","536656512","0.826923","Qatar"
"7537","Electra Real Estate","ELCRE.TA","536328373","7.80206","Israel"
"7538","Revenio","REG1V.HE","535879132","18.4207","Finland"
"7539","Porvair plc","PRV.L","535869397","11.6046","United Kingdom"
"7540","Unitika Ltd.","3103.T","534924583","9.27821","Japan"
"7541","Argosy Property","ARG.NZ","534727112","0.611837","New Zealand"
"7542","SEALSQ","LAES","534657632","2.4","Switzerland"
"7543","Oil States International","OIS","534458400","8.86","United States"
"7544","Raymond","RAYMOND.NS","533890793","8.02223","India"
"7545","Amper, S.A.","AMP.MC","533715196","5.40761","Spain"
"7546","Invictus Investment Company","INVICTUS.AE","533652790","0.48","United Arab Emirates"
"7547","Quad","QUAD","533139104","10.36","United States"
"7548","NIPPON PARKING DEVELOPMENT","2353.T","533053841","1.71961","Japan"
"7549","Titan Machinery","TITN","531988768","22.83","United States"
"7550","BAVARIA Industries Group AG","B8A.MU","531982492","118.618","Germany"
"7551","Sinko Industries","6458.T","531215426","7.9115","Japan"
"7552","AMTD Digital","HKD","531132128","1.69","Hong Kong"
"7553","SandRidge Energy","SD","530547488","14.31","United States"
"7554","Ion Beam Applications","IBAB.BR","530214361","18.2579","Belgium"
"7555","Puravankara","PURVA.NS","529874827","2.23435","India"
"7556","Bénéteau","BEN.PA","529537408","6.67519","France"
"7557","Qatari Investors Group","QIGD.QA","529413470","0.425824","Qatar"
"7558","Daiwa Industries","6459.T","529382214","10.7797","Japan"
"7559","everplay group plc","EVPL.L","529129860","3.6721","United Kingdom"
"7560","PDS Multinational","PDSL.NS","529070324","3.74596","India"
"7561","Hokkaido Gas","9534.T","528818889","5.98656","Japan"
"7562","Martinrea International","MRE.TO","528612957","7.55434","Canada"
"7563","Kura Sushi USA","KRUS","528517856","43.5","United States"
"7564","NCC Group plc","NCC.L","528119689","1.91246","United Kingdom"
"7565","Sierra Bancorp","BSRR","527739872","40.71","United States"
"7566","IBEX","IBEX","527665056","39.41","United States"
"7567","AMC Networks","AMCX","527587136","12.79","United States"
"7568","Swarmer","SWMR","527514048","33.1","United States"
"7569","Quadient","QDT.PA","527459994","15.5599","France"
"7570","Bankwell Financial Group","BWFG","527345952","66.15","United States"
"7571","Brandywine Realty Trust","BDN","526783456","3.05","United States"
"7572","Columbus McKinnon","CMCO","526772448","18.25","United States"
"7573","Tamdeen Real Estate Company","TAM.KW","525479801","1308.8","Kuwait"
"7574","Shofu Inc.","7979.T","525222744","14.7579","Japan"
"7575","Kaufman &amp; Broad","KOF.PA","525017850","26.7473","France"
"7576","Malibu Boats","MBUU","524989408","26.68","United States"
"7577","Automated Systems Company KPSC","ASC.KW","524814310","5248.15","Kuwait"
"7578","Flushing Financial Corp","FFIC","524179680","15.47","United States"
"7579","Nat Games (Nexon Games)","225570.KQ","524116802","8.33419","South Korea"
"7580","Senseonics Holdings","SENS","523453088","9.9","United States"
"7581","Snt Dynamics","003570.KS","521937795","20.9461","South Korea"
"7582","PolyNovo","PNV.AX","519972542","0.752665","Australia"
"7583","One Liberty Properties","OLP","519916768","23.74","United States"
"7584","Rieter Holding","RIEN.SW","519440245","3.82043","Switzerland"
"7585","Nyab AB","NYAB.ST","518789859","0.728905","Sweden"
"7586","Sygnity","SGN.WA","518698192","22.9034","Poland"
"7587","Cerus Corporation","CERS","517918976","2.57","United States"
"7588","BEWi ASA","BEWI.OL","517897817","2.18964","Norway"
"7589","Gaotu Techedu","GOTU","517122816","2.2","China"
"7590","Boiron","BOI.PA","516890654","29.7709","France"
"7591","Bally's Corporation","BALY","516807872","10.24","United States"
"7592","Veradigm","MDRX","516615808","4.74","United States"
"7593","Kyverna Therapeutics","KYTX","516392768","8.35","United States"
"7594","Faysal Bank","FABL.PK","515618523","0.339738","Pakistan"
"7595","Deutsche Pfandbriefbank","PBB.DE","515131603","3.83068","Germany"
"7596","Strike Company","6196.T","514910902","8.93814","Japan"
"7597","Orange County Bancorp","OBT","514865792","38.4","United States"
"7598","Sappi","SAP.JO","514804600","0.847998","South Africa"
"7599","Eagle Point Credit Company","ECC","514751584","3.87","United States"
"7600","Société Fermière du Casino Municipal de Cannes","FCMC.PA","513384348","3256.19","France"
"7601","goeasy","GSY.TO","513341283","32.0153","Canada"
"7602","Aurelius Group","AR4.DE","513292829","19.24","Germany"
"7603","The Oncology Institute","TOI","512912480","5.13","United States"
"7604","Gray Media","GTN","512862240","4.98","United States"
"7605","Premium Water Holdings","2588.T","512163240","23.8372","Japan"
"7606","Heidelberger Druckmaschinen","HDD.DE","511769165","1.68159","Germany"
"7607","PayPoint","PAY.L","511725791","8.65614","United Kingdom"
"7608","IVU Traffic Technologies","IVU.DE","511691277","29.6546","Germany"
"7609","Mitsubishi Research Institute","3636.T","511664305","32.4673","Japan"
"7610","Ellaktor","ELLAKTOR.AT","511460180","1.47226","Greece"
"7611","Cogent Communications","CCOI","511133024","9.98","United States"
"7612","Jindal Worldwide","JINDWORLD.NS","510984799","0.509659","India"
"7613","Foseco India","FOSECOIND.NS","510922887","67.4517","India"
"7614","Valhi","VHI","510914336","18.04","United States"
"7615","Eslead Corporation","8877.T","510849095","33.109","Japan"
"7616","Entera Bio","ENTX","510768384","2.95","Israel"
"7617","Oman Cement Company","OCOI.OM","510489337","1.54286","Oman"
"7618","Restore plc","RST.L","510115577","3.86821","United Kingdom"
"7619","MBM Resources","5983.KL","510084918","1.30494","Malaysia"
"7620","Calfrac Well Services","CFW.TO","510077206","5.05314","Canada"
"7621","Tokmanni","TOKMAN.HE","509667749","8.76846","Finland"
"7622","Simona","SIM0.F","509361555","84.8936","Germany"
"7623","Osaka Steel","5449.T","509107975","17.0165","Japan"
"7624","Caledonia Mining","CMCL","508899296","26.32","Jersey"
"7625","Immobiliare Grande Distribuzione SIIQ","IGD.MI","508145079","4.60519","Italy"
"7626","RENOVA, Inc.","9519.T","508094494","5.62083","Japan"
"7627","TAT Technologies","TATT","506992352","39.005","Israel"
"7628","Belships ASA","BELCO.OL","506976420","2.00572","Norway"
"7629","Kappa Create","7421.T","506351482","10.2599","Japan"
"7630","NeuroPace","NPCE","506283008","14.75","United States"
"7631","Gravity Co.","GRVY","506123136","72.835","South Korea"
"7632","Eshraq Investments","ESHRAQ.AE","505940391","0.19","United Arab Emirates"
"7633","Greenlight Re","GLRE","505288000","15.48","Cayman Islands"
"7634","NAGAWA Co., Ltd.","9663.T","503198764","32.4673","Japan"
"7635","CJ ENM CO., Ltd.","035760.KQ","503144083","24.2282","South Korea"
"7636","Coor Service Management Holding AB","COOR.ST","501754248","5.28063","Sweden"
"7637","The Pack Corporation","3950.T","501592312","9.16913","Japan"
"7638","Hansen Technologies","HSN.AX","501592271","2.45246","Australia"
"7639","Phoenix Mecano","PMN.SW","501311878","546.13","Switzerland"
"7640","Jaguar Mining","JAG.TO","501094731","5.87237","Canada"
"7641","Dutch Lady Milk Industries","3026.KL","500780013","7.82469","Malaysia"
"7642","Deutsche Rohstoff","DR0.DE","500227581","104.431","Germany"
"7643","Air Astana","7YH.F","499930877","5.65182","Kazakhstan"
"7644","Bank7","BSVN","499631168","52.45","United States"
"7645","Alujain Corporation","2170.SR","499432761","7.21724","Saudi Arabia"
"7646","Medley, Inc.","4480.T","499127705","16.516","Japan"
"7647","Surya Roshni","SURYAROSNI.NS","499105553","2.29331","India"
"7648","Shamal Az-Zour Al-Oula Power and Water Company","AZNOULA.KW","498898539","453.544","Kuwait"
"7649","The Elmet Group","ELMT","498622016","16.37","United States"
"7650","Tactile Medical","TCMD","498576832","22.01","United States"
"7651","Scribe Therapeutics","SCTX","498567712","30.81","United States"
"7652","Seco S.p.A.","IOT.MI","498476345","3.76207","Italy"
"7653","Novavest Real Estate AG","NREN.SW","497524624","48.9164","Switzerland"
"7654","Kvika banki","KVIKA.IC","497514664","0.10822","Iceland"
"7655","Vital KSK Holdings","3151.T","497512212","10.4011","Japan"
"7656","Idaho Strategic Resources","IDR","497100000","31.41","United States"
"7657","Lifedrink Company","2585.T","497087235","9.57979","Japan"
"7658","GB Group (GBG)","GBG.L","496521030","2.16944","United Kingdom"
"7659","Ponce Financial Group","PDLB","495851936","20.5","United States"
"7660","Shui On Land","0272.HK","495514986","0.0618655","China"
"7661","Mayville Engineering Company","MEC","495471456","19.43","United States"
"7662","Grenevia","GEA.WA","495293297","0.861864","Poland"
"7663","West Bancorporation","WTBA","494439008","29.01","United States"
"7664","Dingdong Maicai","DDL","494165088","2.26","China"
"7665","Teikoku Sen-i Co., Ltd.","3302.T","494099041","19.2815","Japan"
"7666","TOKAI Corp.","9729.T","494039013","15.9963","Japan"
"7667","Medistim","MEDI.OL","493770555","27.0073","Norway"
"7668","Select Harvests Limited","SHV.AX","493679761","3.52204","Australia"
"7669","Eiken Chemical","4549.T","493270479","14.9632","Japan"
"7670","Ataa Educational Company","4292.SR","493178900","11.718","Saudi Arabia"
"7671","Titan International","TWI","493103552","7.64","United States"
"7672","Tidewater Renewables","LCFS.TO","492942241","13.492","Canada"
"7673","Wirtualna Polska (WP Holding)","WPL.WA","492835791","16.5518","Poland"
"7674","Prothena","PRTA","492834976","9.6","Ireland"
"7675","Aduro Clean Technologies","ADUR","491954720","13.88","Canada"
"7676","Al-Yamamah Steel Industries Company","1304.SR","491914035","9.68335","Saudi Arabia"
"7677","Bank of Jerusalem","JBNK.TA","491084340","6.96398","Israel"
"7678","eGuarantee","8771.T","490420423","11.0235","Japan"
"7679","Plastika Kritis","PLAKR.AT","490335715","17.9091","Greece"
"7680","Malteries Franco-Belges","MALT.PA","490273754","988.487","France"
"7681","Samty Residential Investment Corporation","3459.T","489698198","574.274","Japan"
"7682","Texmaco Rail &amp; Engineering","TEXRAIL.NS","489357181","1.20275","India"
"7683","First Foundation","FFWM","489265120","5.9","United States"
"7684","Kintetsu Department Store","8244.T","489079996","12.1271","Japan"
"7685","AMERISAFE","AMSF","487683680","26.31","United States"
"7686","National Cement Company P.S.C.","NCC.AE","487505279","1.35871","United Arab Emirates"
"7687","Nuix Limited","NXL.AX","487450548","1.4189","Australia"
"7688","Subros","SUBROS.NS","487395133","7.47129","India"
"7689","Universal Logistics Holdings","ULH","487013312","18.47","United States"
"7690","Metall Zug AG","METN.SW","486806189","1089.78","Switzerland"
"7691","Bourrelier Group","ALBOU.PA","486461701","78.3812","France"
"7692","PTC India","PTC.NS","486428091","1.64329","India"
"7693","KKR Real Estate Finance Trust","KREF","486111136","7.56","United States"
"7694","Hangzhou Electronic Soul Network Technology","603258.SS","485913036","2.00158","China"
"7695","Puma Biotechnology","PBYI","485744800","9.41","United States"
"7696","Farmers &amp; Merchants Bancorp","FMAO","484677536","35.19","United States"
"7697","ATOM Corporation","7412.T","484547744","2.50884","Japan"
"7698","Nippon Chemi-Con Corporation","6997.T","484021476","17.671","Japan"
"7699","Nederman Holding","NMAN.ST","483650052","13.802","Sweden"
"7700","Voltamp Energy","VOES.OM","483116895","0.483117","Oman"
"7701","Sunlight REIT","0435.HK","483049943","0.274887","Hong Kong"
"7702","Oula Fuel Marketing Company","OULAFUEL.KW","482970588","1085.27","Kuwait"
"7703","Spire Global","SPIR","482593792","11.88","United States"
"7704","Evolent Health","EVH","481632800","4.26","United States"
"7705","Combined Group Contracting Company","CGC.KW","481546459","2818.45","Kuwait"
"7706","Armah Sports","9590.SR","481305535","14.6475","Saudi Arabia"
"7707","Miahona Company","2084.SR","480860881","2.9881","Saudi Arabia"
"7708","Jadwa Investment - Jadwa Reit Saudi Fund","4342.SR","480815679","2.57796","Saudi Arabia"
"7709","ATN International","ATNI","478582304","31.07","United States"
"7710","Wing On Company International","0289.HK","478266999","1.65953","Hong Kong"
"7711","Fauji Cement Company","FCCL.PK","478155761","0.194939","Pakistan"
"7712","Flat Capital AB","FLAT-B.ST","477978710","0.959638","Sweden"
"7713","Vogenx","VOGX","477591072","32.15","United States"
"7714","Dawood Hercules Corporation","DAWH.PK","477574475","0.992286","Pakistan"
"7715","Acinque","AC5.MI","477352103","2.41889","Italy"
"7716","The Tinplate Company Of India","TINPLATE.NS","477329834","4.55676","India"
"7717","Huya","HUYA","477285120","2.09","China"
"7718","Global Dominion Access","DOM.MC","477136859","3.1806","Spain"
"7719","Kamada","KMDA","477131648","8.27","Israel"
"7720","NVE Corporation","NVEC","476751168","98.56","United States"
"7721","Kaiser (China) Culture","002425.SZ","476215201","0.497787","China"
"7722","Johnson Outdoors","JOUT","476196192","45.44","United States"
"7723","Rimini Street","RMNI","476115584","5.1","United States"
"7724","Komax Holding","KOMN.SW","476004971","92.8793","Switzerland"
"7725","Plasson Industries","PLSN.TA","475667255","49.8188","Israel"
"7726","Strata Critical Medical","SRTA","475066752","5.37","United States"
"7727","Birla Carbon (Thailand)","BCT.BK","474308309","1.58103","Thailand"
"7728","Summit Midstream","SMC","474294304","34.41","United States"
"7729","Shoe Carnival","SCVL","473247296","17.43","United States"
"7730","Jacquet Metals","JCQ.PA","473132412","23.3167","France"
"7731","Editas Medicine","EDIT","473026496","3.08","United States"
"7732","Cooper Standard","CPS","473016320","26.62","United States"
"7733","29Metals","29M.AX","472687078","0.270095","Australia"
"7734","Hexagon Composites","HEX.OL","472217788","1.41815","Norway"
"7735","DFS Furniture","DFS.L","471256670","2.03554","United Kingdom"
"7736","Pareto Bank","PARB.OL","470916878","6.13313","Norway"
"7737","MPS Limited","MPSLTD.NS","470876775","27.7386","India"
"7738","Algoma Steel","ASTL","470193536","4.45","Canada"
"7739","NRC Health","NRC","470040768","21.25","United States"
"7740","Computer Engineering &amp; Consulting","9692.T","469575973","15.3161","Japan"
"7741","SThree","STEM.L","469295277","3.87497","United Kingdom"
"7742","Stabilus","STM.DE","468780092","18.979","Luxembourg"
"7743","Abu Dhabi Ship Building","ADSB.AE","468681935","2.21","United Arab Emirates"
"7744","Smartoptics Group","SMOP.OL","468401551","4.77739","Norway"
"7745","Aston Martin","AML.L","468365565","0.46148","United Kingdom"
"7746","Ginkgo Bioworks","DNA","468014944","6.95","United States"
"7747","Commercial Bancgroup","CBK","467624352","34.13","United States"
"7748","Chofu Seisakusho","5946.T","467318467","13.7441","Japan"
"7749","Hampiðjan","HAMP.IC","467126709","0.74556","Iceland"
"7750","Groupe SAMSE","SAMS.PA","466938203","138.388","France"
"7751","Qatar National Cement Company","QNCD.QA","466806387","0.714286","Qatar"
"7752","Atea Pharmaceuticals","AVIR","466791360","5.82","United States"
"7753","VIP Industries","VIPIND.NS","466645853","3.285","India"
"7754","OBOOK Holdings Inc. (OwlTing)","OWLS","466400416","5.28","Taiwan"
"7755","Calavo Growers","CVGW","466334752","26.09","United States"
"7756","Altshuler Shaham Finance","ALTF.TA","466331586","2.34793","Israel"
"7757","Gree","3632.T","466302831","2.71417","Japan"
"7758","Relmada Therapeutics","RLMD","466147232","4.37","United States"
"7759","One REIT, Inc.","3290.T","466065138","478.668","Japan"
"7760","Fiducial Real Estate","ORIA.PA","466012328","193.046","France"
"7761","Sea1 Offshore","SEA1.OL","465895810","3.03429","Norway"
"7762","AIC Mines Limited","A1M.AX","465335698","0.583405","Australia"
"7763","Wajax Corporation","WJX.TO","465334882","21.3653","Canada"
"7764","Patrimoine et Commerce SA","PAT.PA","465097729","28.608","France"
"7765","adesso SE","ADN1.DE","464943441","72.5666","Germany"
"7766","Soft-World International","5478.TWO","464890617","3.10283","Taiwan"
"7767","AdvanSix","ASIX","464420416","17.2","United States"
"7768","RPG Life Sciences","RPGLIFE.NS","464335357","28.0752","India"
"7769","Medmix","MEDX.SW","464320394","11.1331","Switzerland"
"7770","sterling &amp; wilson solar","SWSOLAR.NS","464215263","1.98772","India"
"7771","Consolidated Water","CWCO","464052832","28.98","Cayman Islands"
"7772","Citizens &amp; Northern Corp","CZNC","463257632","25.83","United States"
"7773","Sunteck Realty","SUNTECK.NS","462791385","3.15163","India"
"7774","Canopy Growth","CGC","462672896","0.9729","Canada"
"7775","Farmland Partners","FPI","462516928","10.53","United States"
"7776","Mitsubishi Kakoki Kaisha","6331.T","461910188","20.276","Japan"
"7777","Sight Sciences","SGHT","461637376","8.38","United States"
"7778","Villeroy &amp; Boch","VIB3.DE","460803797","17.2113","Germany"
"7779","Leonteq","LEON.SW","460411440","26.0062","Switzerland"
"7780","C4 Therapeutics","CCCC","460114016","3.74","United States"
"7781","Locaweb","LWSA3.SA","460044552","0.819913","Brazil"
"7782","Luxfer","LXFR","459860352","17.19","United Kingdom"
"7783","Nexen Tire Corporation","002350.KS","459610151","4.47686","South Korea"
"7784","West Coast Paper Mills","WSTCSTPAPR.NS","459283761","6.95369","India"
"7785","EVS Broadcast Equipment","EVS.BR","458857971","34.1319","Belgium"
"7786","Chorus Aviation","CHR.TO","458660246","20.3213","Canada"
"7787","Groupe Guillin","ALGIL.PA","457866823","24.7703","France"
"7788","Ocugen","OCGN","457799040","1.35","United States"
"7789","S4 Capital","SFOR.L","457500470","0.687081","United Kingdom"
"7790","Oatly","OTLY","457302656","14.33","Sweden"
"7791","The Gym Group","GYM.L","457214861","2.63742","United Kingdom"
"7792","The Westaim Corporation","WED.V","456969699","13.7457","Canada"
"7793","El Pollo Loco","LOCO","456829472","15","United States"
"7794","National Petroleum Services Company","NAPESCO.KW","456266013","5050.54","Kuwait"
"7795","John Mattson Fastighetsföretagen","JOMA.ST","456120987","6.15636","Sweden"
"7796","Meier Tobler Group","MTG.SW","455206714","42.1672","Switzerland"
"7797","Gladstone Capital Corporation","GLAD","454346624","20.11","United States"
"7798","Nouveau Monde Graphite","NMG","454236416","1.38","Canada"
"7799","Raisio plc","RAIVV.HE","453579143","2.86661","Finland"
"7800","EMX Royalty","EMX","453291424","4.16","Canada"
"7801","EVgo","EVGO","452902656","1.44","United States"
"7802","Mears Group plc","MER.L","452823733","5.74145","United Kingdom"
"7803","Hektaş","HEKTS.IS","452698854","0.0537009","Turkey"
"7804","PensionBee Group","PBEE.L","452309386","1.89353","United Kingdom"
"7805","GPI S.p.A.","GPI.MI","452191633","15.653","Italy"
"7806","Boohoo Group","DEBS.L","452099301","0.287411","United Kingdom"
"7807","Frontera Energy","FEC.TO","452008625","6.38711","Canada"
"7808","trivago","TRVG","451574112","6.4","Germany"
"7809","eMudhra","EMUDHRA.NS","451445628","5.50251","India"
"7810","RBB Bancorp","RBB","451148768","26.67","United States"
"7811","Wall Financial Corporation","WFC.TO","451075773","14.1444","Canada"
"7812","YouGov plc","YOU.L","450977077","3.84928","United Kingdom"
"7813","American Coastal Insurance Corporation","ACIC","450951168","9.54","United States"
"7814","Lubawa","LBW.WA","450939389","3.00086","Poland"
"7815","Axactor ASA","ACR.OL","450786026","0.559514","Norway"
"7816","Ibstock plc","IBST.L","450654679","1.14085","United Kingdom"
"7817","Boss Energy","BOE.AX","450640451","1.08542","Australia"
"7818","Network18","NETWORK18.NS","450390401","0.291612","India"
"7819","JM Holdings Co.,Ltd.","3539.T","450236316","8.83548","Japan"
"7820","Linc AB","LINC.ST","449674035","7.77149","Sweden"
"7821","Allergy Therapeutics","AGY.L","449656194","0.0710074","United Kingdom"
"7822","CI&amp;T","CINT","449240256","3.51","Brazil"
"7823","kneat.com","FOBK.F","449223771","4.6517","Ireland"
"7824","Virgin Galactic","SPCE","448723872","2.96","United States"
"7825","Shenzhen Zqgame","300052.SZ","447638410","1.70947","China"
"7826","Gulf Medical Projects Company","GMPC.AE","447193638","0.64","United Arab Emirates"
"7827","Priority Technology Holdings","PRTH","446826816","5.42","United States"
"7828","Marimekko","MEKKO.HE","446719629","11.0129","Finland"
"7829","Group Five Pipe Saudi Company","9523.SR","446669687","15.9525","Saudi Arabia"
"7830","Gooch &amp; Housego","GHH.L","446084802","16.2979","United Kingdom"
"7831","Ismail Industries","ISIL.PK","445855851","6.71905","Pakistan"
"7832","Charming Medical","MCTA","445550176","29.355","Hong Kong"
"7833","HelloFresh","HFG.DE","445542971","3.07361","Germany"
"7834","HOMAG Group","HG1.F","445153159","28.3754","Germany"
"7835","Riso Kagaku Corporation","6413.T","444974532","7.09661","Japan"
"7836","Lindex Group","LINDEX.HE","443763453","2.7038","Finland"
"7837","Innovative Aerosystems","ISSC","443541504","24.78","United States"
"7838","CompX International","CIX","443256096","35.93","United States"
"7839","Carvolix","CVX.PA","442934296","7.11711","France"
"7840","Bank of Marin Bancorp","BMRC","442750752","27.34","United States"
"7841","Arcturus Therapeutics","ARCT","442262944","15.56","United States"
"7842","Magnera","MAGN","441440000","12.4","United States"
"7843","Union Properties","UPP.AE","441225295","0.154387","United Arab Emirates"
"7844","Attica Holdings","ATTICA.AT","441139817","1.81416","Greece"
"7845","Lifestyle Communities Limited","LIC.AX","441049071","3.62288","Australia"
"7846","Servcorp Limited","SRV.AX","440742301","4.41515","Australia"
"7847","Brunel International","BRNL.AS","440171258","8.7452","Netherlands"
"7848","Guardian Metal Resources","GMTL","440136544","11.07","United Kingdom"
"7849","Kalyani Steels","KSL.NS","440118166","10.0577","India"
"7850","Acacia Research","ACTG","440116512","4.51","United States"
"7851","Bumble","BMBL","439732096","2.87","United States"
"7852","iHeartMedia","IHRT","439601216","2.84","United States"
"7853","Global Indemnity","GBLI","439218432","30","Cayman Islands"
"7854","Galectin Therapeutics","GALT","438695968","4.35","United States"
"7855","Commercial Facilities Company S.A.K.P.","FACIL.KW","438084699","864.973","Kuwait"
"7856","CPH Group AG","CPHN.SW","438027410","73.065","Switzerland"
"7857","Millat Tractors","MTL.PK","437680806","1.09686","Pakistan"
"7858","McBride","MCB.L","437663161","2.57791","United Kingdom"
"7859","Rezolute","RZLT","437167168","4.54","United States"
"7860","Tejon Ranch","TRC","436936736","16.17","United States"
"7861","International Money Express","IMXI","436860128","14.46","United States"
"7862","i3 Verticals","IIIV","436679648","16.54","United States"
"7863","Zamil Industrial Investment Company","2240.SR","436229995","7.2705","Saudi Arabia"
"7864","Plumas Bancorp","PLBC","436121504","62.67","United States"
"7865","Rotshtein Realestate","ROTS.TA","436060262","24.9327","Israel"
"7866","BioAge Labs","BIOA","436020640","9.5","United States"
"7867","Pioneer Bancorp","PBFS","435960896","18.03","United States"
"7868","IGG Inc","0799.HK","435593355","0.395429","Singapore"
"7869","Enento Group","ENENTO.HE","435566816","18.3975","Finland"
"7870","Evommune","EVMN","435505344","12","United States"
"7871","Home Invest Belgium","HOMI.BR","435446988","21.8863","Belgium"
"7872","Soltec Power Holdings","SOL.MC","435375203","0.953599","Spain"
"7873","Van de Velde","VAN.BR","434725341","35.0041","Belgium"
"7874","Tullow Oil","TLW.L","434409363","0.286734","United Kingdom"
"7875","eQ Oyj","EQV1V.HE","434344646","10.4896","Finland"
"7876","Vital Farms","VITL","433608384","10.1","United States"
"7877","Xerox","XRX","433337888","3.3","United States"
"7878","M1 Kliniken AG","M12.DE","432386614","23.0259","Germany"
"7879","Foster Electric Company","6794.T","432059368","19.2302","Japan"
"7880","Alantra Partners","ALNT.MC","431703334","11.3967","Spain"
"7881","Marston's","MARS.L","431437193","0.678966","United Kingdom"
"7882","TKM Grupp AS","TKM1T.TL","431021915","10.5826","Estonia"
"7883","FRP Holdings","FRPH","430809856","22.44","United States"
"7884","Havertys","HVT","430695968","27.62","United States"
"7885","Djurslands Bank A/S","DJUR.CO","430336413","163.336","Denmark"
"7886","Prenetics","PRE","430054880","25.63","Hong Kong"
"7887","Luceco plc","LUCE.L","430008325","2.92145","United Kingdom"
"7888","JCI Hitachi India","JCHAC.NS","429941645","15.7544","India"
"7889","Esprinet","PRT.MI","429797326","8.69287","Italy"
"7890","Emeco Holdings","EHL.AX","429365429","0.828292","Australia"
"7891","Capita plc","CPI.L","429314362","3.58418","United Kingdom"
"7892","Camping World","CWH","428923840","6.72","United States"
"7893","Panoro Energy ASA","PEN.OL","428445408","3.22259","United Kingdom"
"7894","Cross Country Healthcare","CCRN","428060928","13.25","United States"
"7895","Glarner Kantonalbank","GLKBN.SW","427987614","31.7028","Switzerland"
"7896","Wheels India","WHEELS.NS","427858954","17.5115","India"
"7897","Benitec Biopharma","BNTC","427367936","12.44","United States"
"7898","Topy Industries","7231.T","427171969","19.7627","Japan"
"7899","Universal Store Holdings","UNI.AX","427147694","5.56756","Australia"
"7900","Community Healthcare Trust","CHCT","426942240","14.9","United States"
"7901","Compass Therapeutics","CMPX","426808352","2.37","United States"
"7902","MARR S.p.A.","MARR.MI","426674098","6.81475","Italy"
"7903","Tide Water Oil","TIDEWATER.NS","426582649","25.0972","India"
"7904","TFF Group","TFF.PA","426086755","19.6534","France"
"7905","Ascencio","ASCE.BR","425725039","61.6351","Belgium"
"7906","Plaza Retail REIT","PLZ-UN.TO","425672784","3.81342","Canada"
"7907","Hamilton Beach Brands","HBB","425449792","31.65","United States"
"7908","Semperit","SEM.VI","424675503","20.6419","Austria"
"7909","Vitru","VTRU3.SA","424665425","2.8442","Brazil"
"7910","Whitefield Industrials Limited","WHF.AX","424593870","3.50043","Australia"
"7911","Shoulder Innovations","SI","424498496","20.39","United States"
"7912","Advantage Solutions","ADV","424385344","31.92","United States"
"7913","Independent Petroleum Group K.S.C.P.","IPG.KW","424382690","2348.71","Kuwait"
"7914","PureTech Health","PRTC","424034496","17.42","United States"
"7915","Maruzen","5982.T","423961851","26.6604","Japan"
"7916","eREX Co.,Ltd.","9517.T","423900089","5.42191","Japan"
"7917","KYORIN Pharmaceutical","4569.T","423892624","7.37894","Japan"
"7918","SFC Energy AG","F3C.DE","423872098","24.3633","Germany"
"7919","PlayWay","PLW.WA","423397583","63.516","Poland"
"7920","Investar Holding","ISTR","423092448","30.71","United States"
"7921","Barnes &amp; Noble Education","BNED","422912736","12.2","United States"
"7922","Mepco (Middle East Company for Manufacturing and Producing Paper)","1202.SR","422843020","4.87896","Saudi Arabia"
"7923","SRA Holdings","3817.T","422603105","31.2482","Japan"
"7924","Tera Light","TRLT.TA","422324345","5.35103","Israel"
"7925","Weyco Group","WEYS","422057920","44.19","United States"
"7926","Multiconsult","MULTI.OL","421752202","15.3006","Norway"
"7927","Cedar Woods Properties Limited","CWP.AX","421738716","4.93374","Australia"
"7928","Star Group","SGU","421624128","12.85","United States"
"7929","BOE Varitronix","0710.HK","421263333","0.546585","Hong Kong"
"7930","Gladstone Land","LAND","421012960","9.76","United States"
"7931","Mahindra Logistics","MAHLOG.NS","420648260","4.2371","India"
"7932","Deep Fission, Inc.","FISN","420588384","7.14","United States"
"7933","Formycon AG","FYB.DE","419267023","23.7237","Germany"
"7934","Prelude Therapeutics","PRLD","418968320","5.25","United States"
"7935","Serve Robotics","SERV","418797248","4.83","United States"
"7936","Vinh Hoan Corporation","VHC.VN","418633117","1.9987","Vietnam"
"7937","Avacta Group","AVCT.L","418256106","0.892664","United Kingdom"
"7938","BSR Real Estate Investment Trust","HOM-UN.TO","418093414","10.7588","Canada"
"7939","Borussia Dortmund","BVB.F","417813905","3.78532","Germany"
"7940","loanDepot","LDI","417656480","0.9399","United States"
"7941","Hydratec Industries","HYDRA.AS","417209035","320.968","Netherlands"
"7942","Palram Industries","PLRM.TA","416823227","16.2027","Israel"
"7943","ECARX Holdings","ECX","416570304","1.06","China"
"7944","Bijou Brigitte","BIJ.DE","416532379","55.5879","Germany"
"7945","Sohu.com","SOHU","416405792","13.85","China"
"7946","Symphony Limited","SYMPHONY.NS","416353302","6.06298","India"
"7947","Rocket Pharmaceuticals","RCKT","416045728","3.79","United States"
"7948","Boston Omaha","BOC","415746624","13.8","United States"
"7949","Turners Automotive Group","TRA.NZ","415552471","4.56524","New Zealand"
"7950","Skycity Entertainment Group","SKC.NZ","415316660","0.376515","New Zealand"
"7951","908 Devices","MASS","414990400","10.04","United States"
"7952","Polyplex","POLYPLEX.NS","414858755","12.7304","India"
"7953","Nichireki Group","5011.T","414829223","14.5782","Japan"
"7954","Sjóvá-Almennar tryggingar","SJOVA.IC","414585063","0.356877","Iceland"
"7955","Bed Bath &amp; Beyond","BBBY","414399584","4.35","United States"
"7956","Talgo S.A.","TLGO.MC","413950200","3.08757","Spain"
"7957","NACL Industries","NACLIND.NS","412699657","1.76184","India"
"7958","Fonciere Inea","INEA.PA","412689588","38.144","France"
"7959","Nexity","NXI.PA","412359392","7.40784","France"
"7960","Eik fasteignafélag","EIK.IC","412085742","0.121437","Iceland"
"7961","RattanIndia Power","RTNPOWER.NS","411532833","0.076634","India"
"7962","Aarti Drugs","AARTIDRUGS.NS","411403331","4.50754","India"
"7963","Selectirente","SELER.PA","411348893","98.8487","France"
"7964","Austriacard Holdings","ACAG.VI","411286113","11.4548","Austria"
"7965","The Okinawa Electric Power Company","9511.T","411242776","7.57143","Japan"
"7966","Community Health Systems","CYH","410337248","2.91","United States"
"7967","JCR Pharmaceuticals","4552.T","410248507","3.36223","Japan"
"7968","Fujiya Co., Ltd.","2211.T","410163065","15.9128","Japan"
"7969","Regal Partners Limited","RPL.AX","410050372","1.76822","Australia"
"7970","SofWave Medical","SOFW.TA","409798829","11.2907","Israel"
"7971","Central Asia Metals","CAML.L","409791185","2.40478","United Kingdom"
"7972","Medicare Group","MCGS.QA","409790441","1.45604","Qatar"
"7973","Stitch Fix","SFIX","409617376","3.07","United States"
"7974","Essentra plc","ESNT.L","409452124","1.44449","United Kingdom"
"7975","Melcor Developments","MRD.TO","409117110","13.6515","Canada"
"7976","Mirrabooka Investments Limited","MIR.AX","409050084","1.82224","Australia"
"7977","Enanta Pharmaceuticals","ENTA","408338144","14.02","United States"
"7978","Meteoric Resources","MEI.AX","408232982","0.140449","Australia"
"7979","Bajaj Electricals","BAJAJELEC.NS","408195466","3.53744","India"
"7980","PowerFleet","AIOT","408046784","3.04","United States"
"7981","Lumi Rental Company","4262.SR","407494201","7.40899","Saudi Arabia"
"7982","Dine Brands Global","DIN","407244832","32.17","United States"
"7983","NexPoint Real Estate Finance","NREF","406782880","17.66","United States"
"7984","Caleres","CAL","406771776","12.11","United States"
"7985","Materialise NV","MTLS","406761504","7.03","Belgium"
"7986","Daikokutenbussan","2791.T","406175451","30.2857","Japan"
"7987","K-Bro Linen","KBL.TO","405836469","31.5441","Canada"
"7988","Gevo","GEVO","405468832","1.64","United States"
"7989","Invalda INVL, AB","IVL1L.VS","405145976","32.5619","Lithuania"
"7990","Harbour Centre Development","0051.HK","405021177","0.571458","Hong Kong"
"7991","Heisco (Heavy Engineering Industries and Shipbuilding Company)","SHIP.KW","404643828","2040.95","Kuwait"
"7992","Nel ASA","NEL.OL","404441604","0.22004","Norway"
"7993","FRP Advisory Group","FRP.L","404377075","1.63655","United Kingdom"
"7994","Pacific Biosciences","PACB","404079968","1.3","United States"
"7995","Viking Line Abp","VIK1V.HE","403916736","23.3748","Finland"
"7996","ShaMaran Petroleum","SNM.OL","403899760","0.139878","Bermuda"
"7997","MCI Capital Alternatywna Spólka Inwestycyjna","MCI.WA","403807065","7.69728","Poland"
"7998","Vox Royalty","VOXR","403767584","5.81","Canada"
"7999","Hamborner REIT","HABA.DE","403453128","4.95988","Germany"
"8000","Genie Energy","GNE","402953440","15.31","United States"
"8001","Franchise Brands plc","FRAN.L","402928687","2.10317","United Kingdom"
"8002","EQT Holdings Limited","EQT.AX","402745780","15.0317","Australia"
"8003","Murapol S.A.","MUR.WA","402443766","9.86382","Poland"
"8004","Orient Electric","ORIENTELEC.NS","402386364","1.88568","India"
"8005","Kaveri Seed","KSCL.NS","402384110","7.88357","India"
"8006","Pro Real Estate Investment Trust","PRV-UN.TO","402290471","4.79215","Canada"
"8007","Nathan's Famous","NATH","402185440","98.15","United States"
"8008","Bapcor Limited","BAP.AX","402178796","0.59781","Australia"
"8009","Saudi Fisheries Company","6050.SR","401678108","17.4971","Saudi Arabia"
"8010","Seanergy Maritime","SHIP","401511712","18.53","Greece"
"8011","Uzin Utz","UZU.DE","401245988","79.5441","Germany"
"8012","Real Brokerage Inc.","REAX","401017216","18.4","Canada"
"8013","Sandhar","SANDHAR.NS","400968903","6.64567","India"
"8014","Acco Brands","ACCO","400614848","4.34","United States"
"8015","X4 Pharmaceuticals","XFOR","400552832","4.04","United States"
"8016","Chaince Digital Holdings","CD","400413856","3.64","United States"
"8017","Parke Bancorp","PKBK","400360448","34.04","United States"
"8018","MVB Financial","MVBF","400191776","30.91","United States"
"8019","Walaa Cooperative Insurance Company","8060.SR","400180315","3.13723","Saudi Arabia"
"8020","Energiekontor","EKT.DE","399876638","28.8406","Germany"
"8021","Atrium Mortgage Investment","AI.TO","399573346","8.26482","Canada"
"8022","Pasona Group","2168.T","399530953","10.6963","Japan"
"8023","Primis Financial","FRST","399513056","16.11","United States"
"8024","Auna SA","AUNA","399163552","5.39","Luxembourg"
"8025","Globe Trade Centre","GTC.WA","398745319","0.69437","Poland"
"8026","Larimar Therapeutics","LRMR","397871648","3.83","United States"
"8027","KG Mobility (SsangYong Motor)","003620.KS","397776423","1.96554","South Korea"
"8028","Lexeo Therapeutics","LXEO","397103904","4.84","United States"
"8029","Bafang Yunji","2753.TW","397059064","5.67412","Taiwan"
"8030","Orascom Development","ODHN.SW","397040564","6.66163","Switzerland"
"8031","Optimum Communications","OPTU","396688800","1.04","United States"
"8032","Aspen Aerogels","ASPN","396686400","4.78","United States"
"8033","Tanzanian Gold Corporation","TRX","396243584","1.21","Canada"
"8034","F-Secure","FSECURE.HE","396198257","2.26771","Finland"
"8035","Ranger Energy Services","RNGR","395962240","16.92","United States"
"8036","Movano","MOVE","395909376","14.32","United States"
"8037","First Carolina Financial Services","FCBM","395817152","12.74","United States"
"8038","Alok Industries","ALOKINDS.NS","395747657","0.0797036","India"
"8039","FW Thorpe Plc","TFW.L","395587505","3.53008","United Kingdom"
"8040","Kuwait Reinsurance Company","KUWAITRE.KW","395579917","1166.26","Kuwait"
"8041","Lesaka Technologies","LSAK","395523232","4.61","South Africa"
"8042","en Japan","4849.T","395393060","10.4653","Japan"
"8043","First Bancorp","FNLC","395220352","35.03","United States"
"8044","Shinpoong Pharm","019170.KS","394867237","7.35327","South Korea"
"8045","SAPTCO (Saudi Public Transport Company)","4040.SR","394151644","3.15321","Saudi Arabia"
"8046","PCB Bancorp","PCB","394091520","28.06","United States"
"8047","Vasta Platform","VSTA","393989824","4.9","Brazil"
"8048","Monro","MNRO","393927168","12.6","United States"
"8049","SHL Finance Company","1183.SR","393885308","3.93885","Saudi Arabia"
"8050","Radiant Logistics","RLGT","393854272","8.41","United States"
"8051","Suja Life, Inc.","SUJA","393588864","10.19","United States"
"8052","TruBridge","TBRG","393577312","26.24","United States"
"8053","LendingTree","TREE","393248096","28.01","United States"
"8054","I'LL inc.","3854.T","393005275","15.7203","Japan"
"8055","L.B. Foster","FSTR","392913120","37.35","United States"
"8056","Magnetic Resources NL","MAU.AX","392598464","1.30668","Australia"
"8057","IPD Group Limited","IPG.AX","392434330","3.77413","Australia"
"8058","Unipres Corporation","5949.T","392368308","8.75848","Japan"
"8059","Aimco","AIV","391855968","2.54","United States"
"8060","Ring Energy","REI","390809408","1.5","United States"
"8061","Unimot","UNT.WA","390519366","47.637","Poland"
"8062","Energy Recovery","ERII","390493312","7.65","United States"
"8063","D2L Inc.","DTOL.TO","390092963","7.43109","Canada"
"8064","Ashiana Housing","ASHIANA.NS","390022622","3.87986","India"
"8065","Perma-Fix Environmental Services","PESI","389993280","18.38","United States"
"8066","Toscana Aeroporti","TYA.MI","389598085","20.9327","Italy"
"8067","LNA Santé","LNA.PA","389140469","37.7951","France"
"8068","Zentalis Pharmaceuticals","ZNTL","389101568","4.11","United States"
"8069","Duni AB","DUNI.ST","388912641","8.27491","Sweden"
"8070","Aeroporto G. Marconi Bologna","ADB.MI","388185976","10.7454","Italy"
"8071","Mortgage Advice Bureau (Holdings)","MAB1.L","388061472","6.73556","United Kingdom"
"8072","KNOT Offshore Partners","KNOP","388030432","11.23","United Kingdom"
"8073","The Property Franchise Group","TPFG.L","388016720","6.08635","United Kingdom"
"8074","PharmaSGP","PSG.DE","387716280","33.6779","Germany"
"8075","Marie Brizard Wine &amp; Spirits","MBWS.PA","387659478","3.46552","France"
"8076","Lifeway Foods","LWAY","387639136","25.66","United States"
"8077","General Oceans ASA","GENO.OL","387433481","2.03792","Norway"
"8078","Greenply","GREENPLY.NS","387364937","3.10135","India"
"8079","Digital Arts Inc.","2326.T","387190547","28.842","Japan"
"8080","Mobia Medical, Inc.","MOBI","387175456","11.63","United States"
"8081","Richtech Robotics","RR","387175328","1.72","United States"
"8082","Baader Bank","BWB.DE","387019031","7.93115","Germany"
"8083","Yü Group","YU.L","386812868","22.3166","United Kingdom"
"8084","Mitsuba Corporation","7280.T","386518599","8.40557","Japan"
"8085","Everspin Technologies","MRAM","385947648","15.85","United States"
"8086","Phnom Penh Autonomous Port","PPAP.KH","385879324","3.37","Cambodia"
"8087","BrasilAgro","LND","385511808","3.87","Brazil"
"8088","Arbonia","ARBN.SW","385000974","5.5418","Switzerland"
"8089","NIOX Group","NIOX.L","384799883","0.914304","United Kingdom"
"8090","Clearfield","CLFD","384697600","28.32","United States"
"8091","Cerence","CRNC","384004864","8.49","United States"
"8092","Waterstone Financial","WSBF","383809568","21.35","United States"
"8093","Bystronic AG","BYS.SW","383471512","185.759","Switzerland"
"8094","Akastor ASA","AKAST.OL","383364516","1.40524","Norway"
"8095","Anup Engineering","ANUP.NS","383348928","19.1373","India"
"8096","Deceuninck","DECB.BR","383107767","2.75032","Belgium"
"8097","EyePoint Pharmaceuticals","EYPT","382735520","4.565","United States"
"8098","City Cement Company","3003.SR","382540150","2.73243","Saudi Arabia"
"8099","Genesco","GCO","382524128","34.44","United States"
"8100","Forterra plc","FORT.L","382480991","1.90164","United Kingdom"
"8101","Vst Tillers Tractors","VSTTILLERS.NS","382406381","44.1948","India"
"8102","Egetis Therapeutics AB","EGTX.ST","382301374","0.822247","Sweden"
"8103","Sanford Limited","SAN.NZ","382262343","4.08283","New Zealand"
"8104","The Metals Royalty Company","TMCR","382237536","5.67","Canada"
"8105","Vaibhav Global","VAIBHAVGBL.NS","381832790","2.27891","India"
"8106","Ice Fish Farm","IFISH.OL","381499121","3.12037","Iceland"
"8107","Lifezone Metals","LZM","381237728","4.24","United Kingdom"
"8108","Perion Network","PERI","381225632","9.23","Israel"
"8109","Tohokushinsha Film","2329.T","381131398","3.21465","Japan"
"8110","Q32 Bio","QTTB","381049184","12.8","United States"
"8111","Genki Global Dining Concepts","9828.T","380727551","21.5593","Japan"
"8112","Vista Group International","VGL.NZ","380091471","1.58842","New Zealand"
"8113","AutoCanada Inc.","ACQ.TO","379977563","16.5296","Canada"
"8114","Doha Insurance Group","DOHI.QA","379945062","0.75989","Qatar"
"8115","Heidelbergcement India","HEIDELBERG.NS","379474040","1.67441","India"
"8116","Mirbud S.A.","MRB.WA","379263213","3.44493","Poland"
"8117","Mo-BRUK S.A.","MBR.WA","378649601","107.789","Poland"
"8118","Habib Metropolitan Bank","HMB.PK","377781341","0.360536","Pakistan"
"8119","Bushiroad","7803.T","377747478","2.79758","Japan"
"8120","Bakkt Holdings","BKKT","377682048","8.38","United States"
"8121","Gorilla Technology","GRRR","377430720","13.72","Taiwan"
"8122","Café de Coral","0341.HK","377203396","0.673505","Hong Kong"
"8123","TWFG, Inc.","TWFG","377136160","29.28","United States"
"8124","Ölgerðin Egill Skallagrímsson","OLGERD.IC","376879239","0.131611","Iceland"
"8125","Nice One Beauty Digital Marketing Company","4193.SR","376807642","3.2624","Saudi Arabia"
"8126","Schweizerische Nationalbank","SNBN.SW","376470586","3764.71","Switzerland"
"8127","Orthofix Medical","OFIX","376325600","9.31","United States"
"8128","Kuwait National Cinema Company","KCIN.KW","376192590","4062.46","Kuwait"
"8129","Kits Eyecare","KITS.TO","375973399","11.056","Canada"
"8130","Holley","HLLY","375825824","3.1","United States"
"8131","Ranpak","PACK","375621312","4.38","United States"
"8132","Wemade","112040.KQ","375473466","11.1073","South Korea"
"8133","Chalice Mining","CHN.AX","375156289","0.961538","Australia"
"8134","ElringKlinger","ZIL2.DE","375046365","5.91929","Germany"
"8135","Artesian Resources","ARTNA","374874496","36.3","United States"
"8136","Arabian Pipes Company","2200.SR","374843548","1.49937","Saudi Arabia"
"8137","BHG Group AB","BHG.ST","374655432","2.08813","Sweden"
"8138","Norcros","NXR.L","374473979","4.19282","United Kingdom"
"8139","Universal Entertainment Corporation","6425.T","373907621","4.82518","Japan"
"8140","Judges Scientific plc","JDG.L","373862337","56.1296","United Kingdom"
"8141","Daiichi Kensetsu","1799.T","373800601","21.1102","Japan"
"8142","AS Tallinna Sadam","TSM1T.TL","373748130","1.4211","Estonia"
"8143","Al Taiseer Group TALCO Industrial Company","4143.SR","373485315","9.33713","Saudi Arabia"
"8144","Secure Trust Bank PLC","STB.L","373426457","20.1526","United Kingdom"
"8145","IVF Hartmann","VBSN.SW","373056236","156.656","Switzerland"
"8146","Lux Industries","LUXIND.NS","372955688","12.4022","India"
"8147","Instone Real Estate Group","INS.DE","372819017","8.60565","Germany"
"8148","Stride Property Group","SPG.NZ","372558387","0.664784","New Zealand"
"8149","Simulations Plus","SLP","372541504","18.42","United States"
"8150","Hypothekarbank Lenzburg","HBLN.SW","371908714","5176.47","Switzerland"
"8151","Thob Al Aseel Company","4012.SR","371780875","0.929452","Saudi Arabia"
"8152","Open Lending","LPRO","371532640","3.14","United States"
"8153","Ercros","ECR.MC","371104027","4.05861","Spain"
"8154","American Battery Technology Company","ABAT","371047200","2.72","United States"
"8155","Agenus","AGEN","370879680","8.24","United States"
"8156","Middle East Specialized Cables Company","2370.SR","370715600","9.26789","Saudi Arabia"
"8157","Orion Group Holdings","ORN","370531872","9.15","United States"
"8158","Allot","ALLT","370347872","7.57","Israel"
"8159","LPKF Laser &amp; Electronics","LPK.DE","370339696","15.118","Germany"
"8160","National Finance","NFCI.OM","370135832","0.568831","Oman"
"8161","GWA Group Limited","GWA.AX","370105710","1.45491","Australia"
"8162","Nissha Co., Ltd.","7915.T","369939824","7.80242","Japan"
"8163","Diana Shipping","DSX","369508736","2.97","Greece"
"8164","Stillfront Group","SF.ST","369435501","0.717368","Sweden"
"8165","Al Soor Fuel Marketing Company K.S.C.P.","SOOR.KW","369412235","877.932","Kuwait"
"8166","Datalogic S.p.A.","DAL.MI","369106437","6.61705","Italy"
"8167","BVZ Holding","BVZN.SW","368903765","1869.97","Switzerland"
"8168","Theeb Rent A Car Company","4261.SR","368782630","5.59003","Saudi Arabia"
"8169","Ashtead Technology","AT.L","368434810","4.57828","United Kingdom"
"8170","Alandalus Property Company","4320.SR","367874879","3.94152","Saudi Arabia"
"8171","Cigniti Technologies","CIGNITITEC.NS","367419162","13.3379","India"
"8172","Dhofar International Development &amp; Investment Holding","DIDI.OM","367210399","0.74026","Oman"
"8173","Alpine Income Property Trust","PINE","367092128","19.48","United States"
"8174","Chubu Steel Plate","5461.T","366197709","13.7441","Japan"
"8175","Gaumont SA","GAM.PA","365882620","117.456","France"
"8176","doValue S.p.A.","DOV.MI","365822594","1.92813","Italy"
"8177","Al Suwadi Power","SUWP.OM","365553383","0.511688","Oman"
"8178","Rasiyat Holding Company","RASIYAT.KW","365426982","2436.18","Kuwait"
"8179","National Fertilizers","NFL.NS","365201187","0.74443","India"
"8180","Vertu Motors","VTU.L","364891248","1.19833","United Kingdom"
"8181","Gulf Warehousing Company","GWCS.QA","364820702","0.622527","Qatar"
"8182","Build-A-Bear Workshop","BBW","364463456","29.07","United States"
"8183","Australian Clinical Labs","ACL.AX","364064015","1.95189","Australia"
"8184","Telos","TLS","363968160","4.87","United States"
"8185","All for One Group","A1OS.DE","363880378","78.3812","Germany"
"8186","Oman Education and Training Investments (OETI)","OETI.OM","363636373","5.19481","Oman"
"8187","Eimskipafélag Íslands","EIM.IC","363396908","2.24701","Iceland"
"8188","Lucky Core Industries (LCI)","LCI.PK","363067396","0.786209","Pakistan"
"8189","TT Electronics","TTG.L","362948984","2.03419","United Kingdom"
"8190","Liva Group","LIVA.OM","362158502","0.909091","Oman"
"8191","Avingtrans","AVG.L","362137905","9.80578","United Kingdom"
"8192","CION Investment Corporation","CION","362131904","7.36","United States"
"8193","gremz, Inc.","3150.T","361594679","15.6369","Japan"
"8194","Federal-Mogul Goetze","FMGOETZE.NS","361380667","6.4959","India"
"8195","Southern States Bancshares","SSBK","361068608","36.37","United States"
"8196","Amplitude Energy","AEL.AX","360703693","1.20282","Australia"
"8197","North American Construction Group","NOA","360646176","13.4","Canada"
"8198","Filatex India","FILATEX.NS","360605017","0.812067","India"
"8199","LSL Property Services plc","LSL.L","360480276","3.69238","United Kingdom"
"8200","Canada Packers","CPKR.TO","360413587","12.1072","Canada"
"8201","Future plc","FUTR.L","360233338","4.07109","United Kingdom"
"8202","Gérard Perrier Industrie S.A.","PERR.PA","360037512","95.3599","France"
"8203","Waterdrop Inc.","WDH","359266016","0.9999","China"
"8204","Gogo Inflight Internet","GOGO","359095840","2.65","United States"
"8205","Arqit Quantum","ARQQ","358837760","20.62","United Kingdom"
"8206","Presidio Production Company","FTW","358408704","10.86","United States"
"8207","Timberland Bancorp","TSBK","358380544","46.09","United States"
"8208","MS INTERNATIONAL plc","MSI.L","358026392","21.7756","United Kingdom"
"8209","Gran Tierra Energy","GTE","357691776","10.11","Canada"
"8210","JTEKT India","JTEKTINDIA.NS","357687113","1.28944","India"
"8211","Value Line","VALU","357464576","38.1","United States"
"8212","Blend Labs","BLND","357135104","1.51","United States"
"8213","Clean Energy Fuels","CLNE","357120928","1.62","United States"
"8214","Fenix Outdoor","FOI-B.ST","357057068","32.3026","Switzerland"
"8215","Pico Far East Holdings","0752.HK","356805138","0.279351","Hong Kong"
"8216","Envela Corporation","ELA","356738144","13.74","United States"
"8217","The Cross-Harbour Holdings","0032.HK","356544161","0.956683","Hong Kong"
"8218","Perspective Therapeutics","CATX","356153184","3.12","United States"
"8219","Aramis Group","ARAMI.PA","356022571","4.36097","France"
"8220","Ribbon Communications","RBBN","355858496","1.99","United States"
"8221","Capricorn Energy","CNE.L","355699687","5.18016","United Kingdom"
"8222","NewtekOne","NEWT","355571072","12.31","United States"
"8223","On the Beach Group","OTB.L","355212282","2.48593","United Kingdom"
"8224","Kuwait Investment Company","KINV.KW","355057849","644.681","Kuwait"
"8225","Knr Constructions","KNRCON.NS","355044711","1.26245","India"
"8226","Hokkaido Coca-Cola Bottling","2573.T","354911336","26.0829","Japan"
"8227","Capital A (Air Asia)","5099.KL","354897312","0.0792373","Malaysia"
"8228","Paysafe","PSFE","354543040","6.79","United States"
"8229","Vitruvio Real Estate","YVIT.MC","354483564","20.9327","Spain"
"8230","Kyokuyo","1301.T","354454821","29.8366","Japan"
"8231","Village Farms International","VFF","354018816","2.895","Canada"
"8232","Lime Technologies AB","LIME.ST","353562365","26.5342","Sweden"
"8233","COLTENE Holding AG","CLTN.SW","353343562","59.1331","Switzerland"
"8234","Inmobiliaria del Sur","ISUR.MC","353339692","19.3627","Spain"
"8235","Kuwait Insurance Company","KINS.KW","353269796","1483.74","Kuwait"
"8236","Wonderla Holidays","WONDERLA.NS","352609786","5.55967","India"
"8237","Agora, Inc.","API","352572608","4.17","China"
"8238","Fastighets AB Trianon","TRIAN-B.ST","351931994","1.90879","Sweden"
"8239","WithSecure Oyj","WITH.HE","351735546","2.00023","Finland"
"8240","PCC Rokita","PCR.WA","351671662","17.3592","Poland"
"8241","Tamkeen Human Resources Company","1835.SR","351319590","13.2573","Saudi Arabia"
"8242","Nippon Air conditioning Services","4658.T","351163860","10.1316","Japan"
"8243","Avex Inc.","7860.T","351088221","8.22591","Japan"
"8244","StealthGas","GASS","351075648","9.33","Greece"
"8245","Lyell Immunopharma","LYEL","350913600","14.32","United States"
"8246","Wing Tai Properties","0369.HK","350669503","0.255115","Hong Kong"
"8247","ThredUp","TDUP","350660864","2.67","United States"
"8248","SNDL Inc.","SNDL","350613632","1.41","Canada"
"8249","COLOPL","3668.T","350603846","2.727","Japan"
"8250","fuboTV","FUBO","350067552","11.59","United States"
"8251","MGP Ingredients","MGPI","349906016","16.34","United States"
"8252","Timbercreek Financial","TF.TO","349769610","4.22666","Canada"
"8253","Equita Group","EQUI.MI","349247085","6.77986","Italy"
"8254","Civeo","CVEO","348972352","33.76","United States"
"8255","Ashoka Buildcon","ASHOKA.NS","348604919","1.24181","India"
"8256","ON24","ONTF","348249024","8.1","United States"
"8257","Sumou Real Estate Company","4323.SR","348078496","6.96157","Saudi Arabia"
"8258","Argo Global Listed Infrastructure","ALI.AX","347366026","1.84385","Australia"
"8259","Parrot S.A.","PARRO.PA","347219799","11.2222","France"
"8260","OPAL Fuels","OPAL","346018016","1.98","United States"
"8261","EHang Holdings","EH","345854848","4.56","China"
"8262","Newegg","NEGG","345651520","16.48","United States"
"8263","Hargreaves Services","HSP.L","345517129","11.253","United Kingdom"
"8264","Al Batinah Power","BATP.OM","345332018","0.511688","Oman"
"8265","GuangZhou Wahlap Technology","301011.SZ","345069391","2.23408","China"
"8266","Irani Papel e Embalagem S.A.","RANI3.SA","344764865","1.50056","Brazil"
"8267","Orell Füssli AG","OFN.SW","344668729","175.851","Switzerland"
"8268","PT Aspirasi Hidup Indonesia Tbk","ACES.JK","344653868","0.0201312","Indonesia"
"8269","ZipRecruiter","ZIP","344527616","4.19","United States"
"8270","Peach Property Group AG","PEAN.SW","344469714","6.19195","Switzerland"
"8271","Australian Ethical Investment Limited","AEF.AX","344343358","3.02507","Australia"
"8272","Capital Limited","CAPD.L","343424422","1.52159","United Kingdom"
"8273","Viemed Healthcare","VMD","343174944","9.01","United States"
"8274","Mikron Holding","MIKN.SW","343052521","20.5573","Switzerland"
"8275","Fiera Capital","FSZ.TO","342521274","3.23343","Canada"
"8276","Repay Holdings","RPAY","342155456","3.88","United States"
"8277","Fope S.p.A.","FPE.MI","342117736","62.798","Italy"
"8278","Tsubakimoto Kogyo","8052.T","341831963","18.6013","Japan"
"8279","IDP Education","IEL.AX","341204458","1.22587","Australia"
"8280","Brødrene A &amp; O Johansen","AOJ-B.CO","341137065","15.7989","Denmark"
"8281","izertis","IZER.MC","341043639","9.60577","Spain"
"8282","Kendrion","KENDR.AS","340890244","22.491","Netherlands"
"8283","PrimeEnergy Resources","PNRG","340812928","215.35","United States"
"8284","Advanced Technology Company K.S.C.P.","ATC.KW","340796737","1749.38","Kuwait"
"8285","Oportun Financial","OPRT","340765536","7.41","United States"
"8286","China Motor Bus Company","0026.HK","340601156","7.53228","Hong Kong"
"8287","Sutro Biopharma","STRO","340577280","20.54","United States"
"8288","Parag Milk Foods","PARAGMILK.NS","340391327","2.69066","India"
"8289","Transcontinental Realty Investors","TCI","340166624","38.77","United States"
"8290","Vista Gold","VGZ","340113216","2.33","United States"
"8291","Verano Holdings","VRNOF","340106912","0.94","United States"
"8292","AB Akola Group","AKO1L.VS","340061645","2.05838","Lithuania"
"8293","STRATEC","SBS.F","339981859","27.9684","Germany"
"8294","Jupiter Mines Limited","JMS.AX","339818575","0.172861","Australia"
"8295","Public Policy Holding Company","PPHC","339633824","11.24","United States"
"8296","Merlin, Inc.","MRLN","339587744","3.36","United States"
"8297","Ladun Investment Company","9535.SR","339556298","0.679113","Saudi Arabia"
"8298","Cadiz Inc.","CDZI","339555072","4.01","United States"
"8299","Abeona Therapeutics","ABEO","339101216","5.93","United States"
"8300","Caltagirone Editore","CED.MI","339036410","3.17479","Italy"
"8301","NL Industries","NL","338868224","6.93","United States"
"8302","Prince Pipes And Fittings","PRINCEPIPE.NS","338857479","3.0643","India"
"8303","Oceania Healthcare","OCA.NZ","338724384","0.467702","New Zealand"
"8304","AVITA Medical","RCEL","338339712","10.94","United States"
"8305","Younited Financial","YOUNI.PA","338136733","7.44273","Luxembourg"
"8306","Bredband2 i Skandinavien AB","BRE2.ST","337924291","0.353073","Sweden"
"8307","Nano Dimension","NNDM","337342432","1.6","United States"
"8308","Mehadrin","MEDN.TA","337263050","97.9747","Israel"
"8309","Wilmington plc","WIL.L","337121522","3.76001","United Kingdom"
"8310","Sidetrade","ALBFR.PA","337060738","236.074","France"
"8311","Arkan Al-Kuwait Real Estate Company","ARKAN.KW","336944048","1082.03","Kuwait"
"8312","MT Højgaard Holding","MTHH.CO","336909805","43.7119","Denmark"
"8313","Abdulmohsen Al-Hokair Group for Tourism and Development Company","1820.SR","336821866","0.54329","Saudi Arabia"
"8314","Orion S.A.","OEC","336640224","5.97","United States"
"8315","Card Factory plc","CARD.L","336503063","1.00628","United Kingdom"
"8316","Omni Bridgeway","OBL.AX","335245645","1.15745","Australia"
"8317","Eagle Football Group","EFG.PA","335188334","2.04675","France"
"8318","Nordic Paper","NPAPER.ST","334821133","5.00414","Sweden"
"8319","Nilkamal","NILKAMAL.NS","334564862","22.3456","India"
"8320","Cellectis","CLLS","334328000","3.32","France"
"8321","Electrovaya","ELVA","333927936","6.745","Canada"
"8322","Clearwater Paper","CLW","333844736","20.7","United States"
"8323","V-ZUG Holding","VZUG.SW","333481093","52.0124","Switzerland"
"8324","Tanmiah Food Company","2281.SR","333430985","16.6715","Saudi Arabia"
"8325","ADF Group","DRX.TO","333279544","11.6722","Canada"
"8326","Integrated Holding Company K.S.C.P.","INTEGRATED.KW","333051991","1253.73","Kuwait"
"8327","Upstream Bio","UPB","333007904","6.08","United States"
"8328","Bell Financial Group","BFG.AX","332664441","1.03717","Australia"
"8329","Lands' End","LE","332616192","10.82","United States"
"8330","Bourse Direct","BSD.PA","332496412","6.44261","France"
"8331","Saudi Cable Company","2110.SR","332321361","49.8016","Saudi Arabia"
"8332","BayCom (United Business Bank)","BCML","332189952","30.42","United States"
"8333","Grieg Seafood","GSF.OL","331397189","2.95251","Norway"
"8334","The RMR Group","RMR","331356384","19.4","United States"
"8335","CoastalSouth Bancshares","COSO","331138176","27.7","United States"
"8336","Air Asia Company Limited (AACL)","2630.TW","330868831","1.57979","Taiwan"
"8337","Fiverr","FVRR","330746688","9.2","Israel"
"8338","Emirates Insurance Company","EIC.AE","330419863","2.2","United Arab Emirates"
"8339","CPI Card Group","PMTS","330353664","28.65","United States"
"8340","Abbott Laboratories (Pakistan)","ABOT.PK","330260876","3.37344","Pakistan"
"8341","Rane (Madras) Limited","RML.NS","329802685","11.9333","India"
"8342","John Marshall Bancorp","JMSB","329236096","23.33","United States"
"8343","Twin Disc","TWIN","328984672","22.81","United States"
"8344","The National Company for Glass Industries","2150.SR","328745924","9.99228","Saudi Arabia"
"8345","Selvaag Bolig","SBO.OL","328653153","3.50772","Norway"
"8346","InflaRx","IFRX","328631136","2.23","Germany"
"8347","Kewal Kiran Clothing","KKCL.NS","328624156","5.33263","India"
"8348","Mitsubishi Paper Mills","3864.T","328598605","7.50085","Japan"
"8349","Ernst Russ","ERAG.DE","328313116","9.74532","Germany"
"8350","Kistos Holdings","KIST.L","328261643","3.94936","United Kingdom"
"8351","SmartCraft ASA","SMCRT.OL","328123531","1.99594","Norway"
"8352","MM Forgings","MMFL.NS","327992923","6.79333","India"
"8353","Flexsteel Industries","FLXS","327560896","80.37","United States"
"8354","Coronado Global Resources","CRN.AX","327376881","0.174301","Australia"
"8355","Friedman Industries","FRD","327172192","45.36","United States"
"8356","SuRo Capital","SSSS","326920416","12.54","United States"
"8357","Imagicaaworld Entertainment","IMAGICAA.NS","326736419","0.577401","India"
"8358","Beyout Investment Group","BEYOUT.KW","326551797","1088.51","Kuwait"
"8359","Maui Land &amp; Pineapple Company","MLP","326484544","16.44","United States"
"8360","Coelacanth Energy","CEI.V","326267240","0.514739","Canada"
"8361","Immuneering","IMRX","326074880","5.04","United States"
"8362","Rocky Brands","RCKY","326047968","43.52","United States"
"8363","Horizon Technology Finance","HRZN","325784800","4.86","United States"
"8364","Byggmax Group","BMAX.ST","324026052","5.52709","Sweden"
"8365","Gulf Pharmaceutical Industries","JULPHAR.AE","323972072","0.28","United Arab Emirates"
"8366","Penguin International Limited","BTM.SI","323711335","1.4602","Singapore"
"8367","Campine","CAMB.BR","323584120","215.723","Belgium"
"8368","Infotel SA","INF.PA","323482564","47.1566","France"
"8369","Vanda Pharmaceuticals","VNDA","322870752","5.34","United States"
"8370","Medios AG","ILM1.DE","322714586","12.6526","Germany"
"8371","B.P. Marsh &amp; Partners","BPM.L","322442794","9.19714","United Kingdom"
"8372","Embecta","EMBC","322393120","5.69","United States"
"8373","Palms Sports","PALMS.AE","321834079","2.15","United Arab Emirates"
"8374","Corby Spirit and Wine","CSW-A.TO","321769437","11.3025","Canada"
"8375","Andrews Sykes Group","ASY.L","321289212","7.67556","United Kingdom"
"8376","CMON","1792.HK","321019461","0.177752","Singapore"
"8377","Transcontinental","TCL-A.TO","320401130","3.82792","Canada"
"8378","World Holdings","2429.T","320395514","18.1522","Japan"
"8379","Montauk Renewables","MNTK","320267552","2.25","United States"
"8380","Qatar Islamic Insurance Group","QISI.QA","320192307","2.13462","Qatar"
"8381","Cairo Communication","CAI.MI","319991293","2.6631","Italy"
"8382","Mangalam Cement","MANGLMCEM.NS","319635153","11.6242","India"
"8383","Batic Investments and Logistics Company","4110.SR","319582414","0.532637","Saudi Arabia"
"8384","JDC Group AG","JDC.DE","319489058","23.3748","Germany"
"8385","Emergent BioSolutions","EBS","319432896","6.23","United States"
"8386","Jumbo Interactive Limited","JIN.AX","319406659","5.04177","Australia"
"8387","Victorian Plumbing Group","VIC.L","319374670","0.972463","United Kingdom"
"8388","7Road","0797.HK","319364127","0.137125","China"
"8389","Compagnie d'Entreprises CFE","CFEB.BR","319322341","12.9666","Belgium"
"8390","Portillo's","PTLO","319082208","4.4","United States"
"8391","Sanara MedTech","SMTI","319008576","34.72","United States"
"8392","Newron Pharmaceuticals","NWRN.SW","318979267","15.3313","Italy"
"8393","Bonduelle","BON.PA","318861003","9.98953","France"
"8394","KinderCare Learning Companies","KLC","318810816","2.69","United States"
"8395","Northern Region Cement Company","3004.SR","318783475","1.77102","Saudi Arabia"
"8396","Shoper","SHO.WA","318781594","11.3306","Poland"
"8397","Funko","FNKO","318615936","5.69","United States"
"8398","Gurit Holding","GURN.SW","318167002","68.1115","Switzerland"
"8399","Al-Jouf Agricultural Development","6070.SR","317984502","10.5995","Saudi Arabia"
"8400","United Bankers Oyj","UNITED.HE","317744259","28.608","Finland"
"8401","Treace Medical Concepts","TMCI","317368608","4.88","United States"
"8402","Jindal Poly Films","JINDALPOLY.NS","316875063","7.23684","India"
"8403","XANO Industri","XANO-B.ST","316618501","5.33831","Sweden"
"8404","City of London Investment Group Plc","CLIG.L","316526087","6.41095","United Kingdom"
"8405","Propel Funeral Partners","PFP.AX","316015613","2.29041","Australia"
"8406","Parken Sport (F.C. Copenhagen)","PARKEN.CO","315845582","32.3562","Denmark"
"8407","Science Group","SAG.L","315424702","7.80405","United Kingdom"
"8408","Dialight plc","DIA.L","315336410","7.84462","United Kingdom"
"8409","M-tron Industries","MPTI","315162976","72.51","United States"
"8410","What's Cooking Group","WHATS.BR","315155568","169.787","Belgium"
"8411","OVB Holding","O4B.DE","314891239","22.0956","Germany"
"8412","Firm Capital Mortgage Investment Corporation","FC.TO","314835408","8.56932","Canada"
"8413","Mount Gibson Iron","MGX.AX","314576950","0.266494","Australia"
"8414","Relais Group Oyj","RELAIS.HE","314172346","16.8043","Finland"
"8415","Hikal","HIKAL.NS","313697482","2.54417","India"
"8416","Nayifat Finance Company","4081.SR","313322349","2.68716","Saudi Arabia"
"8417","Concurrent Technologies","CNC.L","313307953","3.44893","United Kingdom"
"8418","Animalcare Group","ANCR.L","312843421","4.53095","United Kingdom"
"8419","Novabase","NBA.LS","312821157","8.30329","Portugal"
"8420","NI Holdings","NODK","312804416","15.33","United States"
"8421","Alto Ingredients","ALTO","312600928","4.03","United States"
"8422","Syntec Optics","OPTX","312571872","7.76","United States"
"8423","Xunlei","XNET","312328192","4.9","China"
"8424","STEICO SE","ST5.DE","310527364","22.0491","Germany"
"8425","Rafhan Maize Products Company","RMPL.PK","310243742","33.5893","Pakistan"
"8426","Lalique Group","LLQ.SW","310240545","40.5543","Switzerland"
"8427","Myriad Genetics","MYGN","308948352","3.23","United States"
"8428","Kyodo Printing","7914.T","308715387","11.1582","Japan"
"8429","E. W. Scripps Company","SSP","308587744","3.33","United States"
"8430","Generalfinance","GF.MI","308566560","24.4214","Italy"
"8431","NACCO Industries","NC","308033920","40.85","United States"
"8432","C&amp;F Financial Corporation","CFFI","307707520","94.63","United States"
"8433","OneConnect Financial Technology","OCFT","307704928","7.89","China"
"8434","Chain Bridge Bancorp","CBNA","307421120","46.85","United States"
"8435","Kingsway Financial Services","KFS","307154208","10.73","Canada"
"8436","Tele Columbus","TC1.HM","306986692","0.523317","Germany"
"8437","First Western Financial","MYFW","306918016","31.43","United States"
"8438","TriSalus Life Sciences","TLSI","306641504","4.98","United States"
"8439","United Heavy Machinery","OMZZP.ME","306332329","111.86","Russia"
"8440","Brinova Fastigheter","BRIN-B.ST","306109554","1.3294","Sweden"
"8441","Sasken Technologies","SASKEN.NS","305904134","20.1365","India"
"8442","Turn Therapeutics","TTRX","305802784","10.07","United States"
"8443","Regional Management Corp.","RM","305650560","33.13","United States"
"8444","Accent Group","AX1.AX","305269292","0.507779","Australia"
"8445","National Industries Company","NICBM.KW","305053805","864.973","Kuwait"
"8446","Helical","HLCL.L","304922538","2.67799","United Kingdom"
"8447","Sionna Therapeutics","SION","304764704","6.75","United States"
"8448","Zengame Technology","2660.HK","304303911","0.29402","China"
"8449","Metro Mining","MMI.AX","304084411","0.986747","Australia"
"8450","Stalprodukt","STP.WA","304053843","59.7481","Poland"
"8451","Mediclin","MED.DE","303814398","6.39609","Germany"
"8452","Islamic Arab Insurance","SALAMA.AE","303645824","0.37031","United Arab Emirates"
"8453","Fossil Group","FOSL","303378208","5.13","United States"
"8454","Red Sea International Company","4230.SR","302209437","6.26115","Saudi Arabia"
"8455","Race Oncology","RAC.AX","302209424","1.54134","Australia"
"8456","TrueBlue","TBI","302007904","9.92","United States"
"8457","Dave & Buster's","PLAY","301617984","8.67","United States"
"8458","Xebio Holdings","8281.T","300840688","7.26986","Japan"
"8459","BAUER AG","B5A0.HM","300296407","6.97756","Germany"
"8460","ClearView Wealth Limited","CVW.AX","300194028","0.468165","Australia"
"8461","Forafric Global PLC","AFRI","300107264","11.13","Gibraltar"
"8462","IVE Group","IGL.AX","299945062","1.95909","Australia"
"8463","Aiphone Co.,Ltd.","6718.T","299929260","18.3254","Japan"
"8464","Anora Group","ANORA.HE","299705864","4.43656","Finland"
"8465","Naqi Water Company","2282.SR","298809557","14.9405","Saudi Arabia"
"8466","CapsoVision","CV","298780064","5.97","United States"
"8467","Automatic Bank Services","SHVA.TA","298729129","7.43623","Israel"
"8468","Bpost","13B.F","298640792","1.4932","Belgium"
"8469","Zumiez","ZUMZ","298638240","17.7","United States"
"8470","Beetaloo Energy Australia","BTL.AX","298540464","0.19807","Australia"
"8471","Australian Finance Group","AFG.AX","298343357","1.10199","Australia"
"8472","Clinuvel Pharmaceuticals","CUV.AX","298194374","5.91328","Australia"
"8473","SKY Network Television Limited","SKT.NZ","298060965","2.16496","New Zealand"
"8474","EnviTec Biogas","ETG.DE","297898008","20.0605","Germany"
"8475","United Foodbrands Limited","UFBL.NS","297786944","7.6126","India"
"8476","Halwani Bros","6001.SR","297742408","8.421","Saudi Arabia"
"8477","Alembic Limited","ALEMBICLTD.NS","297646776","1.15914","India"
"8478","Pyxis Oncology","PYXS","297349696","3.565","United States"
"8479","Al Jazeera Steel Products","ATMI.OM","296835419","2.37662","Oman"
"8480","Matrix Service Company","MTRX","296812128","10.55","United States"
"8481","AIAI Holdings Corporation","AIAI","296783584","4.2","United States"
"8482","Bicycle Therapeutics","BCYC","296769760","4.24","United Kingdom"
"8483","Zotefoams","ZTF.L","296738443","6.01872","United Kingdom"
"8484","NervGen Pharma","NGEN.V","296699810","3.74562","Canada"
"8485","Alico","ALCO","296668256","39.99","United States"
"8486","IFL (Ibrahim Fibres)","IBFL.PK","296628072","0.955302","Pakistan"
"8487","Confidence Petroleum","CONFIPET.NS","296388212","0.892088","India"
"8488","Strattec Security","STRT","296018336","74.42","United States"
"8489","Árima Real Estate","ARM.MC","295799624","12.0944","Spain"
"8490","Gentrack Group","GTK.NZ","295735722","2.62972","New Zealand"
"8491","Princeton Bancorp","BPRN","295692928","43.4","United States"
"8492","James Fisher and Sons","FSJ.L","295660149","5.85642","United Kingdom"
"8493","Boyaa Interactive","0434.HK","295267063","0.408185","China"
"8494","Santhera Pharmaceuticals","SANN.SW","294979010","19.3437","Switzerland"
"8495","ProQR Therapeutics","PRQR","294938784","2.09","Netherlands"
"8496","High Liner Foods","HLF.TO","294597904","10.5195","Canada"
"8497","Conduent","CNDT","293934304","1.89","United States"
"8498","Soluna Holdings","SLNH","293508704","1.2","United States"
"8499","Infinity Natural Resources","INR","293239104","15.73","United States"
"8500","Canaan","CAN","293206880","0.3933","China"
"8501","Toho Co., Ltd.","8142.T","293169673","9.1948","Japan"
"8502","Los Andes Copper","LA.V","293112069","9.64229","Canada"
"8503","Bank Mayapada Internasional","MAYA.JK","292990036","0.0111966","Indonesia"
"8504","Fulcrum Therapeutics","FULC","292981472","3.84","United States"
"8505","Kingstone Companies","KINS","292707392","20.22","United States"
"8506","Funkwerk AG","FEW.F","292632373","36.3083","Germany"
"8507","Pizza Pizza","PZA.TO","292622721","8.65631","Canada"
"8508","James Latham plc","LTHM.L","291755020","14.472","United Kingdom"
"8509","Alamar Foods Company","6014.SR","291746786","11.4411","Saudi Arabia"
"8510","Onity Group","ONIT","291489184","34.89","United States"
"8511","AC Immune","ACIU","291320896","2.93","Switzerland"
"8512","Burgenland Holding","BHD.VI","291312944","97.1043","Austria"
"8513","Ready Capital","RC","291299360","1.76","United States"
"8514","Afentra","AET.L","291002347","1.05767","United Kingdom"
"8515","Jack in the Box","JACK","290758624","15.16","United States"
"8516","Sinad Holding Company","4080.SR","290146811","2.29567","Saudi Arabia"
"8517","Neobo Fastigheter","NEOBO.ST","290049639","2.07994","Sweden"
"8518","Fate Therapeutics","FATE","289965664","2.42","United States"
"8519","CAB Payments","CABP.L","289791851","1.14153","United Kingdom"
"8520","J.Jill","JILL","289758400","19.38","United States"
"8521","Amarin Corporation","AMRN","289594048","13.71","Ireland"
"8522","NexPoint Diversified Real Estate Trust","NXDT","289427840","5.45","United States"
"8523","Foghorn Therapeutics","FHTX","289206496","4.87","United States"
"8524","United Carton Industries Company","1323.SR","288689447","7.21724","Saudi Arabia"
"8525","Millennium &amp; Copthorne Hotels New Zealand","MCK.NZ","288549634","1.82374","New Zealand"
"8526","Sogefi S.p.A.","SGF.MI","288518610","2.41889","Italy"
"8527","Gateway Distriparks","GATEWAY.NS","288230636","0.576872","India"
"8528","Prosperity Real Estate Investment Trust","0808.HK","288142642","0.179856","Hong Kong"
"8529","RCM Technologies","RCMT","288056832","40.51","United States"
"8530","Ellomay Capital","ELLO","287931680","20.89","Israel"
"8531","Neon Equity AG","D77.DE","286903855","6.51239","Germany"
"8532","Sino AG","XTP.DE","286784808","122.689","Germany"
"8533","Giordano","0709.HK","286590528","0.177305","Hong Kong"
"8534","Incap Oyj","ICP1V.HE","286383124","9.76858","Finland"
"8535","Transgene SA","TNG.PA","286377580","1.02919","France"
"8536","Alfen","ALFEN.AS","286051811","13.1527","Netherlands"
"8537","Saratoga Investment","SAR","285757888","17.77","United States"
"8538","NN, Inc.","NNBR","285729792","3.46","United States"
"8539","Apollo Pipes","APOLLOPIPE.NS","285690813","6.5049","India"
"8540","Velan","VLN.TO","285598794","13.231","Canada"
"8541","Pihlajalinna Oyj","PIHLIS.HE","285593191","12.6992","Finland"
"8542","Text (LiveChat)","TXT.WA","285525898","11.0884","Poland"
"8543","BRC Group Holdings","RILY","285418272","7.1","United States"
"8544","Strike Energy","STX.AX","285172650","0.0792279","Australia"
"8545","Intracom Holdings","INTRK.AT","285163690","3.43645","Greece"
"8546","Brooge Energy","BROG","284928800","2.6","United Arab Emirates"
"8547","Orchestra BioMed","OBIO","284897920","4.74","United States"
"8548","Xperi","XPER","284339744","5.83","United States"
"8549","Ajinomoto (Malaysia)","2658.KL","284233354","4.675","Malaysia"
"8550","Taiga Building Products","TBL.TO","284076907","2.63169","Canada"
"8551","Supermax Corporation Berhad","7106.KL","283885153","0.0928563","Malaysia"
"8552","Ames National Corp.","ATLO","283873888","32.05","United States"
"8553","So-Young International","SY","283732256","2.82","China"
"8554","Akatsuki Inc","3932.T","283727130","23.5805","Japan"
"8555","Azkoyen S.A.","AZK.MC","283622710","11.6293","Spain"
"8556","Secuoya, Grupo de Comunicación, S.A.","SEC.MC","283548041","35.3529","Spain"
"8557","Coveo Solutions","CVO.TO","282987250","3.04493","Canada"
"8558","Econocom Group","ECONB.BR","282970188","1.73857","Belgium"
"8559","Emperor Watch &amp; Jewellery","0887.HK","282322941","0.0389051","Hong Kong"
"8560","CAMP4 Therapeutics","CAMP","281761856","4.49","United States"
"8561","Anika Therapeutics","ANIK","281042272","21","United States"
"8562","Remedy Entertainment","REMEDY.HE","281007355","20.6768","Finland"
"8563","Beacon Lighting Group","BLX.AX","280813653","1.22443","Australia"
"8564","Jeju Air","089590.KS","280780093","3.48487","South Korea"
"8565","Coop Pank AS","CPA1T.TL","280770155","2.70962","Estonia"
"8566","ALX Oncology","ALXO","280702304","2.03","United States"
"8567","Vanquis Banking Group","VANQ.L","280343463","1.11989","United Kingdom"
"8568","CS Disco","LAW","280267360","4.37","United States"
"8569","Alector","ALEC","280258880","2.51","United States"
"8570","Palladyne AI","PDYN","280242752","5.68","United States"
"8571","Lightbridge Corporation","LTBR","280186528","7.48","United States"
"8572","Marine Products Corporation","MPX","280037408","8.18","United States"
"8573","Groupe Pizzorno Environnement","GPE.PA","279812258","72.3921","France"
"8574","Delegat","DGL.NZ","279628114","2.76503","New Zealand"
"8575","Orient Cement","ORIENTCEM.NS","279412368","1.35994","India"
"8576","Escalade Sports","ESCA","279382464","20.295","United States"
"8577","Biodesix","BDSX","279340864","26.475","United States"
"8578","Entrada Therapeutics","TRDA","279175904","7.17","United States"
"8579","United Projects Company For Aviation Services","UPAC.KW","278962215","738.629","Kuwait"
"8580","Keiyo Gas","9539.T","278733447","8.66865","Japan"
"8581","Damaan Islamic Insurance Company (Beema)","BEMA.QA","278571438","1.39286","Qatar"
"8582","Eisen- und Hüttenwerke","EIS.F","278357949","15.8158","Germany"
"8583","Chicago Atlantic Real Estate Finance","REFI","278245632","10.86","United States"
"8584","Lineage Cell Therapeutics","LCTX","278198208","1.1","United States"
"8585","Qingci Games","6633.HK","277781251","0.401807","China"
"8586","Com2uS","078340.KQ","277710289","24.265","South Korea"
"8587","8x8","EGHT","277316160","1.92","United States"
"8588","Runway Growth Finance","RWAY","276605376","6.6","United States"
"8589","Duos Technologies Group","DUOT","276328544","8.78","United States"
"8590","John Wood Group","WG.L","276090680","0.399424","United Kingdom"
"8591","Cartesian Therapeutics","RNAC","275928800","9.12","United States"
"8592","Cresco Labs","CRLBF","275910368","0.741","United States"
"8593","Gabler Group AG","XK4.F","275799512","45.5867","Germany"
"8594","BRT Apartments","BRT","275697376","14.67","United States"
"8595","The Hackett Group","HCKT","275646816","11.08","United States"
"8596","Jakks Pacific","JAKK","275252544","24.05","United States"
"8597","Edisun Power Europe","ESUN.SW","275051332","86.935","Switzerland"
"8598","Western New England Bancorp","WNEB","274828896","13.71","United States"
"8599","GE Power India","GEPIL.NS","274557971","4.07664","India"
"8600","TechTarget","TTGT","274140768","3.79","United States"
"8601","Delta Plus Group","ALDLT.PA","274048332","38.2603","France"
"8602","Middlefield Banc","MBCN","273627936","33.67","United States"
"8603","The Pearl REIF","PRFD.OM","273443551","0.462338","Oman"
"8604","Hawthorn Bancshares","HWBK","273128832","39.58","United States"
"8605","B&amp;G Foods","BGS","273086240","3.36","United States"
"8606","Automotive Axles","AUTOAXLES.NS","272791350","18.0513","India"
"8607","Knowit","KNOW.ST","272523600","10.0054","Sweden"
"8608","Akebia Therapeutics","AKBA","272478560","0.9833","United States"
"8609","Gakken Holdings","9470.T","272418707","6.5448","Japan"
"8610","LCNB Corp.","LCNB","272270272","19.1","United States"
"8611","U.S. Gold Corp","USAU","272185888","16.47","United States"
"8612","RxSight","RXST","272019904","6.54","United States"
"8613","Limoneira","LMNR","271980128","15","United States"
"8614","Herfy Food Services Company","6002.SR","271473756","4.19718","Saudi Arabia"
"8615","TOP Financial Group Limited","TOP","271309856","2.06","Hong Kong"
"8616","COG Financial Services","COG.AX","271122751","1.27125","Australia"
"8617","eVISO S.p.A.","EVISO.MI","270748785","12.1642","Italy"
"8618","MacroGenics","MGNX","270725792","4.25","United States"
"8619","American Realty Investors","ARL","270708256","16.76","United States"
"8620","Fintel Plc","FNTL.L","270573370","2.59684","United Kingdom"
"8621","Compagnie Du Mont-Blanc","MLCMB.PA","270189818","300.035","France"
"8622","Tristel","TSTL.L","269834720","5.61296","United Kingdom"
"8623","AerSale","ASLE","269178944","5.64","United States"
"8624","Microvast","MVST","269174144","0.7","United States"
"8625","Nam Tai Property","NTPIF","268433008","4.4","China"
"8626","Siyaram Silk Mills","SIYSIL.NS","268282628","5.9132","India"
"8627","Qatar Industrial Manufacturing Company","QIMD.QA","268148546","0.564286","Qatar"
"8628","Oryzon Genomics","ORY.MC","268013100","3.27015","Spain"
"8629","Gloo Holdings","GLOO","267971200","3.06","United States"
"8630","Pure Cycle (water)","PCYO","267962752","11.12","United States"
"8631","Raoom trading Company","4144.SR","267317378","21.3854","Saudi Arabia"
"8632","DeFi Technologies","DEFI.NE","267293437","0.688735","Canada"
"8633","Westwing Group","WEW.DE","267267190","14.1877","Germany"
"8634","Al-Deera Holding Company","ALDEERA.KW","267164133","1629.52","Kuwait"
"8635","Tredegar","TG","266764272","7.66","United States"
"8636","BEST S.A.","BST.WA","266744889","9.36592","Poland"
"8637","USANA","USNA","266616384","14.43","United States"
"8638","National Bankshares","NKSH","266546736","41.84","United States"
"8639","AFT Pharmaceuticals","AFT.NZ","266515023","2.54148","New Zealand"
"8640","Netcall","NET.L","266499468","1.56216","United Kingdom"
"8641","STINAG Stuttgart Invest","STG.F","266363856","16.9982","Germany"
"8642","CM.com","CMCOM.AS","266180050","8.01256","Netherlands"
"8643","Indoco Remedies","INDOCO.NS","265920779","2.885","India"
"8644","Gencor Industries","GENC","265744128","18.13","United States"
"8645","India Nippon Electricals","INDNIPPON.NS","265638622","11.7428","India"
"8646","Banque Cantonale du Jura","BCJ.SW","265023543","88.5449","Switzerland"
"8647","Aspo Oyj","ASPO.HE","264587902","8.44284","Finland"
"8648","Standard BioTools","LAB","264558864","0.6739","United States"
"8649","Omega Flex","OFLX","264471248","26.2","United States"
"8650","Ainsworth Game Technology","AGI.AX","264408951","0.785076","Australia"
"8651","SEACOR Marine","SMHI","264273712","9.74","United States"
"8652","Asure Software","ASUR","264245840","9.15","United States"
"8653","Anavex Life Sciences","AVXL","264185984","2.85","United States"
"8654","Whitehawk Therapeutics","WHWK","263951712","4.63","United States"
"8655","TROOPS, Inc.","TROO","263865968","2.16","Hong Kong"
"8656","Silver Mines Limited","SVL.AX","263754499","0.118842","Australia"
"8657","A2Z Cust2Mate Solutions","AZ","263718528","5.99","Canada"
"8658","WildBrain","WILD.TO","263520433","1.23247","Canada"
"8659","Acrow Limited","ACF.AX","263457939","0.637424","Australia"
"8660","AB Dynamics","ABDP.L","262535715","11.4694","United Kingdom"
"8661","Skel fjárfestingafélag","SKEL.IC","262505122","0.140438","Iceland"
"8662","Laboratorio Reig Jofre","RJF.MC","262460566","3.19805","Spain"
"8663","Ayyan Investment Company","2140.SR","262117030","2.6046","Saudi Arabia"
"8664","Oman Flour Mills","OFMI.OM","262044211","1.50909","Oman"
"8665","LX Hausys","108670.KS","262031816","26.2564","South Korea"
"8666","Alliance Entertainment","AENT","261920864","5.14","United States"
"8667","National General Insurance Company","NGI.AE","261846014","1.58743","United Arab Emirates"
"8668","Chinese Estates Holdings","0127.HK","261581351","0.137125","Hong Kong"
"8669","Martifer SGPS","MAR.LS","261545985","2.67473","Portugal"
"8670","Designer Brands","DBI","261501968","5.15","United States"
"8671","Ecoener","ENER.MC","261451407","4.59356","Spain"
"8672","Slam Corp","SLMWF","261266432","11.14","United States"
"8673","Kitex Garments","KITEX.NS","261086848","1.30871","India"
"8674","American Resources Corp","AREC","261009904","2.44","United States"
"8675","GPA","PCAR3.SA","260857417","0.529609","Brazil"
"8676","Rajesh Exports","RAJESHEXPO.NS","260835105","0.883408","India"
"8677","Saudi Advanced Industries Company","2120.SR","260832514","4.42089","Saudi Arabia"
"8678","Archer Limited","ARCH.OL","260143218","2.61465","Norway"
"8679","Stelrad Group","SRAD.L","260093019","2.04231","United Kingdom"
"8680","A'ayan Real Estate Company K.S.C.P.","AAYANRE.KW","259877415","625.243","Kuwait"
"8681","Linedata Services","LIN.PA","259399131","53.262","France"
"8682","Brockhaus Technologies","BKHT.DE","258792046","24.7703","Germany"
"8683","Al Kout Industrial Projects Company","ALKOUT.KW","258560712","2562.52","Kuwait"
"8684","Streamwide","ALSTW.PA","258449346","95.5925","France"
"8685","Vp plc","VP.L","258407605","6.53944","United Kingdom"
"8686","Cosmo First","COSMOFIRST.NS","258317675","9.95131","India"
"8687","Hindustan Oil Exploration Company","HINDOILEXP.NS","258089647","1.95163","India"
"8688","Arabian Shield Cooperative Insurance Company","8070.SR","258051533","3.23311","Saudi Arabia"
"8689","Wayi International Digital Entertainment","3086.TWO","257979858","0.945984","Taiwan"
"8690","Far East Consortium International","0035.HK","257534739","0.0841881","Hong Kong"
"8691","Corporate Travel Management","CTD.AX","257155594","1.75742","Australia"
"8692","Global Water Resources","GWRS","256854544","8.92","United States"
"8693","Prim, S.A.","PRM.MC","256831204","15.118","Spain"
"8694","Squirrel Media","SQRL.MC","256473767","2.67473","Spain"
"8695","GoPro","GPRO","256461136","1.39","United States"
"8696","CLS Holdings plc","CLI.L","256293906","0.63839","United Kingdom"
"8697","Andrew Peller","ADW-A.TO","255436173","5.79987","Canada"
"8698","Neowiz Games","095660.KQ","255091002","13.0323","South Korea"
"8699","SmartRent","SMRT","254843696","1.33","United States"
"8700","Virginia National Bankshares","VABK","254825504","46.97","United States"
"8701","Liontrust Asset Management PLC","LIO.L","254812062","4.11843","United Kingdom"
"8702","Sanam Real Estate Company","SANAM.KW","254574500","1101.46","Kuwait"
"8703","Dadelo","DAD.WA","254482591","21.8","Poland"
"8704","Richmond Mutual Bancorporation","RMBI","254357008","15.86","United States"
"8705","Neumora Therapeutics","NMRA","253659472","1.35","United States"
"8706","APB Apranga","APG1L.VS","253343785","4.58193","Lithuania"
"8707","GDI Property Group","GDI.AX","252725862","0.468165","Australia"
"8708","Ares Commercial Real Estate","ACRE","252439072","4.55","United States"
"8709","Richardson Electronics","RELL","252394416","16.98","United States"
"8710","AS Tallinna Vesi","TVE1T.TL","252354926","12.6177","Estonia"
"8711","Instabank ASA","INSTA.OL","252070901","0.542298","Norway"
"8712","Verve Group SE","VER.ST","252064730","1.25959","Sweden"
"8713","Silver Bow Mining","SBMT","251878096","8.53","United States"
"8714","Myer Holdings","MYR.AX","251808385","0.145491","Australia"
"8715","EaseMyTrip","EASEMYTRIP.NS","251795290","0.0631913","India"
"8716","Al Imtiaz Investment Group Company","ALIMTIAZ.KW","251644164","243.942","Kuwait"
"8717","Amtech Systems","ASYS","251591392","14.37","United States"
"8718","Bank Ochrony Srodowiska","BOS.WA","251553880","2.7075","Poland"
"8719","OpGen","OPGN","251197920","24.75","United States"
"8720","Immersion Corporation","IMMR","250930768","7.56","United States"
"8721","Integrated Wind Solutions","IWS.OL","250208646","6.26225","Norway"
"8722","Keystone Law Group","KEYS.L","250111889","7.95282","United Kingdom"
"8723","First Internet Bancorp","INBK","249867552","28.61","United States"
"8724","Atrium Therapeutics","RNA","249742416","14.6","United States"
"8725","Etteplan","ETTE.HE","249591702","9.88487","Finland"
"8726","Prodware","ALPRO.PA","249520944","32.0917","France"
"8727","Jassim Transport &amp; Stevedoring Company","JTC.KW","249306727","1373.59","Kuwait"
"8728","AB Amber Grid","AMG1L.VS","248934788","1.39551","Lithuania"
"8729","Bonei Hatichon Civil Engineering &amp; Infrastructures","BOTI.TA","248540330","15.2183","Israel"
"8730","Profound Medical","PROF","248474352","6.8","Canada"
"8731","Information Services Group","III","248361072","5.13","United States"
"8732","Outdoor Holding Company","POWW","248272880","2.14","United States"
"8733","Banco de Brasília","BSLI3.SA","247949381","0.509994","Brazil"
"8734","Solar A/S","SOLAR-B.CO","247930985","31.1895","Denmark"
"8735","Absa Bank","ABSP.JO","247926000","55.3035","South Africa"
"8736","Stellus Capital Investment Corporation","SCM","247775440","8.7","United States"
"8737","Adagene","ADAG","247758944","3.69","China"
"8738","Omaxe","OMAXE.NS","247444881","1.34734","India"
"8739","Aviat Networks","AVNW","247325728","19.32","United States"
"8740","Somany Ceramics","SOMANYCERA.NS","247227259","6.02805","India"
"8741","Al Khaleej Training and Education Company","4290.SR","247196997","3.80303","Saudi Arabia"
"8742","Rane Holdings","RANEHOLDIN.NS","247139486","17.3093","India"
"8743","OraSure Technologies","OSUR","246907664","3.58","United States"
"8744","Uxin Limited","UXIN","246377888","1.12","China"
"8745","Aurora Cannabis","ACB","246276144","3.89","Canada"
"8746","Invivyd","IVVD","246123552","0.835","United States"
"8747","Niagen Bioscience","NAGE","246081856","3.11","United States"
"8748","Celtic","CCP.L","245647249","2.58332","United Kingdom"
"8749","Volati AB","VOLO.ST","245446993","2.65867","Sweden"
"8750","Adgar Investments and Development","ADGR.TA","245233291","1.29801","Israel"
"8751","Cy4gate","CY4.MI","245223194","10.6059","Italy"
"8752","Dustin Group","DUST.ST","245162502","0.180601","Sweden"
"8753","enCore Energy","EU","244794032","1.26","Canada"
"8754","Wawel","WWL.WA","244767892","189.471","Poland"
"8755","Comstock Inc.","LODE","244697616","3.22","United States"
"8756","Geojit Financial Services","GEOJITFSL.NS","244540222","0.876105","India"
"8757","Genfit","GNFT","244433360","4.85","France"
"8758","PennantPark Investment","PNNT","244207392","3.74","United States"
"8759","Hindustan Sanitaryware &amp; Industries","HSIL.NS","244173718","3.77","India"
"8760","Xponential Fitness","XPOF","244118800","4.93","United States"
"8761","Chargeurs","CRI.PA","243901291","10.0942","France"
"8762","MBIA","MBI","243858608","4.78","United States"
"8763","Lantronix","LTRX","243801712","5.22","United States"
"8764","Koskisen Oyj","KOSKI.HE","243774505","10.1175","Finland"
"8765","Al Dhafra Insurance","DHAFRA.AE","243676661","2.44","United Arab Emirates"
"8766","BTB Real Estate Investment Trust","BTB-UN.TO","243675140","2.73319","Canada"
"8767","One Stop Systems","OSS","243465040","9.76","United States"
"8768","Sovereign Metals","SVM.AX","243316078","0.370931","Australia"
"8769","Najran Cement Company","3002.SR","243087798","1.47541","Saudi Arabia"
"8770","Nature's Sunshine Products","NATR","242818176","13.8","United States"
"8771","Treatt plc","TET.L","242795520","4.11273","United Kingdom"
"8772","Third Harmonic Bio","THRD","242787568","5.38","United States"
"8773","InfuSystem","INFU","242591264","12.18","United States"
"8774","Rare Earths Americas","REA","242439776","12.15","United States"
"8775","FuRyu","6238.T","242350562","9.14988","Japan"
"8776","Acme United","ACU","242105936","63.15","United States"
"8777","Compugen","CGEN","242020192","2.555","Israel"
"8778","029 Group","Z29.DE","241888592","48.3777","Germany"
"8779","cBrain","CBRAIN.CO","241860849","12.3669","Denmark"
"8780","ZE PAK SA","ZEP.WA","241834513","4.75832","Poland"
"8781","Sharjah Cement and Industrial Development","SCIDC.AE","241791128","0.4","United Arab Emirates"
"8782","Roche Bobois","RBO.PA","241663227","24.0726","France"
"8783","Reliance Infrastructure","RELINFRA.NS","241560319","0.591797","India"
"8784","AudioCodes","AUDC","241286400","9.99","Israel"
"8785","HMH Holding","HMH","241093360","20.02","United States"
"8786","Real Matters","REAL.TO","240750123","3.24068","Canada"
"8787","Embention","ALUAV.PA","240731155","41.6327","Spain"
"8788","Manazel","MANAZEL.AE","240701408","0.09","United Arab Emirates"
"8789","KAMCO Investment Company","KAMCO.KW","240657589","702.993","Kuwait"
"8790","MCH Group","MCHN.SW","240606275","7.77709","Switzerland"
"8791","Median Technologies SA","ALMDT.PA","240526443","4.90755","France"
"8792","Icelandair","ICEAIR.IC","240505034","0.00584882","Iceland"
"8793","TerrAscend","TSND.TO","240458645","0.645236","Canada"
"8794","Enter Air","ENT.WA","240331815","13.699","Poland"
"8795","Webzen","069080.KQ","240319059","8.26782","South Korea"
"8796","Immobel","IMMO.BR","240258896","23.4911","Belgium"
"8797","Munshaat Real Estate Projects Company","MUNSHAAT.KW","239924843","745.108","Kuwait"
"8798","Synthomer","SYNT.L","239919744","1.46343","United Kingdom"
"8799","BTG Consulting plc","BTG.L","239796697","1.48777","United Kingdom"
"8800","M&amp;C Saatchi","SAA.L","239791352","2.01526","United Kingdom"
"8801","Draganfly","DPRO","238865008","6.43","Canada"
"8802","Salam International Investment","SIIS.QA","238678798","0.208791","Qatar"
"8803","Qoria Limited","QOR.AX","238456590","0.16926","Australia"
"8804","Imperial Petroleum","IMPP","238275968","5.27","Greece"
"8805","Eledon Pharmaceuticals","ELDN","238095184","2.93","United States"
"8806","Smart Parking Limited","SPZ.AX","237824818","0.565399","Australia"
"8807","Warpaint London PLC","W7L.L","237742791","2.97555","United Kingdom"
"8808","Forrester Research","FORR","237606704","12.48","United States"
"8809","StarragTornos Group","STGN.SW","237468155","43.4675","Switzerland"
"8810","Ioneer","IONR","237385568","2.96","Australia"
"8811","Lubelski Wegiel Bogdanka","LWB.WA","237095488","6.97061","Poland"
"8812","Genel Energy","GENL.L","237046730","0.860203","United Kingdom"
"8813","Resimac Group Limited","RMC.AX","236451381","0.59781","Australia"
"8814","GoldMining Inc.","GLDG","236279088","1.1","Canada"
"8815","Vátryggingafélag Íslands","SKAGI.IC","236255413","0.120289","Iceland"
"8816","LiveWire Group","LVWR","236224336","1.15","United States"
"8817","Teixeira Duarte","TDSA.LS","235911153","0.561693","Portugal"
"8818","Chicago Atlantic BDC","LIEN","235736688","10.33","United States"
"8819","Innate Pharma","IPHA","235687712","2.11","France"
"8820","Repco Home Finance","REPCOHOME.NS","235577710","3.76555","India"
"8821","Healius Limited","HLS.AX","235364778","0.324114","Australia"
"8822","ChargePoint","CHPT","235150496","9.08","United States"
"8823","Amlak International Finance Company","1182.SR","235071631","2.30632","Saudi Arabia"
"8824","Aeluma","ALMU","234857456","12.83","United States"
"8825","Protara Therapeutics","TARA","234609088","3.97","United States"
"8826","Daikoku Denki","6430.T","234575445","16.0476","Japan"
"8827","Kore Potash plc","KP2.L","234518965","0.0453095","United Kingdom"
"8828","Prakash Industries","PRAKASH.NS","234403408","1.30892","India"
"8829","National CineMedia","NCMI","234235392","2.49","United States"
"8830","SHUAA Capital","SHUAA.AE","234131223","0.0639874","United Arab Emirates"
"8831","A'Saffa Foods","SPFI.OM","233766240","1.94805","Oman"
"8832","Accsys Technologies","AXS.L","233539826","0.948117","United Kingdom"
"8833","LoveSac","LOVE","233482768","15.95","United States"
"8834","Kaltura","KLTR","233403360","1.53","United States"
"8835","Orogen Royalties","OGN.V","233315287","3.92942","Canada"
"8836","GreenX Metals","GRX.AX","232775484","0.745462","Australia"
"8837","Celon Pharma","CLN.WA","232488784","5.97481","Poland"
"8838","FutureFuel","FF","232475600","5.3","United States"
"8839","Síminn hf.","SIMINN.IC","232164201","0.101611","Iceland"
"8840","Acadian Timber","ADN.TO","232145846","12.361","Canada"
"8841","Kogan.com Ltd","KGN.AX","232139033","2.44886","Australia"
"8842","SIGA Technologies","SIGA","232074576","3.23","United States"
"8843","Eurobio Scientific","ALERS.PA","231831516","23.0259","France"
"8844","Kaldalón","KALD.IC","231425957","0.213135","Iceland"
"8845","Digital Domain","0547.HK","231043901","0.0289556","Hong Kong"
"8846","HireQuest","HQI","230858752","16.62","United States"
"8847","Ontex Group","ONTEX.BR","230716521","2.88406","Belgium"
"8848","National Cleaning Company","CLEANING.KW","230592278","936.245","Kuwait"
"8849","Peoples Bancorp of North Carolina","PEBK","230466672","43.31","United States"
"8850","Silicom","SILC","230278032","40.065","Israel"
"8851","Huuuge","HUG.WA","230213421","5.59802","United States"
"8852","Autosports Group","ASG.AX","230159569","1.08038","Australia"
"8853","Monash IVF Group","MVF.AX","230121424","0.590608","Australia"
"8854","FreightCar America","RAIL","229866880","7.01","United States"
"8855","Jin Air","272450.KS","229568788","4.45474","South Korea"
"8856","Sol-Gel Technologies","SLGL","229507328","70.1","Israel"
"8857","KCP Limited","KCP.NS","229485801","1.78005","India"
"8858","1-800-Flowers.com, Inc.","FLWS","229472560","3.58","United States"
"8859","Greenwich LifeSciences","GLSI","229420400","15.63","United States"
"8860","Tonix Pharmaceuticals","TNXP","229309184","13.37","United States"
"8861","OP Bancorp (Open Bank)","OPBK","229215648","15.35","United States"
"8862","Sporting Clube de Portugal","SCP.LS","229027413","1.13385","Portugal"
"8863","Nobia AB","NOBI.ST","228883895","1.51151","Sweden"
"8864","FNM S.p.A.","FNM.MI","228856156","0.526224","Italy"
"8865","Nu Skin","NUS","228780160","4.7","United States"
"8866","TSS, Inc.","TSSI","228574480","8.1","United States"
"8867","TAKKT AG","TTK.DE","228252588","3.56437","Germany"
"8868","RideNow Group","RDNW","228214864","5.85","United States"
"8869","Smiths News","SNWS.L","227840497","0.941355","United Kingdom"
"8870","Kafrit Industries","KAFR.TA","227715736","9.43829","Israel"
"8871","AstroNova, Inc.","ALOT","227316416","28.99","United States"
"8872","Iberpapel Gestión","IBG.MC","226929178","20.8164","Spain"
"8873","Smart Sand","SND","226834960","5.35","United States"
"8874","Gamania Digital","6180.TWO","226834862","1.29285","Taiwan"
"8875","Scientific and Medical Equipment House Company","4014.SR","226424140","7.54747","Saudi Arabia"
"8876","RGC Resources","RGCO","226416944","21.73","United States"
"8877","Josef Manner &amp; Comp","MAN.VI","226386790","119.781","Austria"
"8878","Hong Kong Ferry","0050.HK","226318462","0.635237","Hong Kong"
"8879","Feintool International","FTON.SW","226057688","15.356","Switzerland"
"8880","Teract S.A.","TRACT.PA","226045906","3.23688","France"
"8881","BrainChip","BRN.AX","226016901","0.093633","Australia"
"8882","Kuwait Financial Centre "Markaz”","MARKAZ.KW","225925257","466.503","Kuwait"
"8883","Claros Mortgage Trust","CMTG","225734736","1.6","United States"
"8884","Powersoft","PWS.MI","225600484","17.5602","Italy"
"8885","Nelco","NELCO.NS","225527194","9.88357","India"
"8886","Mitsubishi Steel Mfg.","5632.T","225483949","14.9119","Japan"
"8887","American Well","AMWL","225366048","13.25","United States"
"8888","Kolibri Global Energy","KGEI","225261696","6.28","United States"
"8889","Utah Medical Products","UTMD","225127760","70.71","United States"
"8890","NeoVolta","NEOV","224857600","3.82","United States"
"8891","AN2 Therapeutics","ANTX","224530592","5.95","United States"
"8892","Deoleo","OLE.MC","224444703","0.448889","Spain"
"8893","Turtle Beach Corp","TBCH","224229600","12.52","United States"
"8894","technotrans","TTR1.DE","224123568","32.4456","Germany"
"8895","Perma-Pipe International","PPIH","224107168","27.58","United States"
"8896","Bang &amp; Olufsen A/S","BO.CO","224055699","1.57114","Denmark"
"8897","AFC Energy","AFC.L","223969920","0.197071","United Kingdom"
"8898","centrotherm international","CTNK.F","223953558","10.5826","Germany"
"8899","Minerva Neurosciences","NERV","223936064","4.69","United States"
"8900","Capital B","ALCPB.PA","223554051","0.610071","France"
"8901","Acumen Pharmaceuticals","ABOS","223460416","3.09","United States"
"8902","Spok Holdings","SPOK","223405696","10.68","United States"
"8903","Motorcar Parts of America","MPAA","223222528","11.79","United States"
"8904","Nova Minerals","NVA","222977328","5.84","Australia"
"8905","Journey Medical","DERM","222972736","7.9","United States"
"8906","Fonix Mobile","FNX.L","222484145","2.279","United Kingdom"
"8907","Salalah Port Services Company","SPSI.OM","222344427","1.23636","Oman"
"8908","Yatsen Holding","YSG","222307296","2.37","China"
"8909","Torrid Holding","CURV","221930464","2.23","United States"
"8910","Spandana Sphoorty Financial","SPANDANA.NS","221910727","2.50352","India"
"8911","Gulf Hotels Group","GHG.BH","221798669","0.782493","Bahrain"
"8912","Corbus Pharmaceuticals","CRBP","221651200","11.46","United States"
"8913","BitFuFu","FUFU","221649296","1.33","Singapore"
"8914","Expensify","EXFY","221583600","2.43","United States"
"8915","High Tide","HITI","221432848","2.52","Canada"
"8916","Al Obeikan Glass Company","4145.SR","221065809","6.90831","Saudi Arabia"
"8917","Hudson Technologies","HDSN","220964880","5.25","United States"
"8918","Netfonds AG","NF4.DE","220833828","94.7785","Germany"
"8919","AB KN Energies","KNE1L.VS","220744162","0.5803","Lithuania"
"8920","Pantheon Resources","PANR.L","220649326","0.151347","United Kingdom"
"8921","Olimpo Real Estate","YORE.MC","220615216","1.12222","Spain"
"8922","Keros Therapeutics","KROS","220280048","11.11","United States"
"8923","Atrys Health","ATRY.MC","220248978","2.9015","Spain"
"8924","Al Eid Food Company","ALEID.KW","220168570","704.731","Kuwait"
"8925","Praemium Limited","PPS.AX","220142052","0.451599","Australia"
"8926","PepGen","PEPG","219958112","3.18","United States"
"8927","Eagle Nice","2368.HK","219723211","0.382673","Hong Kong"
"8928","RCI Hospitality Holdings","RICK","219702928","28.74","United States"
"8929","Bgin Blockchain","BGIN","219483744","1.94","Singapore"
"8930","The Tourism Enterprise company (SHAMS)","4170.SR","219443029","3.79504","Saudi Arabia"
"8931","Computer Modelling Group","CMG.TO","219392408","2.81294","Canada"
"8932","Abdullah Saad Mohammed Abo Moati for Bookstores Company","4191.SR","219233536","10.9617","Saudi Arabia"
"8933","Ascom Holding","ASCN.SW","218923214","6.65016","Switzerland"
"8934","Ohio Valley Banc Corp","OVBC","218873152","46.46","United States"
"8935","Al Ramz Corporation Investment and Development","ALRAMZ.AE","218612730","0.397539","United Arab Emirates"
"8936","Polymetals Resources","POL.AX","218591168","0.70945","Australia"
"8937","Eleving Group","OT8.F","218355586","1.87231","Luxembourg"
"8938","VIB Vermögen","VIH1.F","218339398","6.60542","Germany"
"8939","Zhihu","ZH","217775264","2.56","China"
"8940","Al-Maha Petroleum","MHAS.OM","217753252","3.15584","Oman"
"8941","Al Hassan Ghazi Ibrahim Shaker","1214.SR","217471214","3.2118","Saudi Arabia"
"8942","Solvar Limited","SVR.AX","216920433","1.15961","Australia"
"8943","Exco Technologies Limited","XTC.TO","216605104","5.77813","Canada"
"8944","KlaraBo Sverige","KLARA-B.ST","216576424","1.44103","Sweden"
"8945","Electreon Wireless","ELWS.TA","216455108","14.4634","Israel"
"8946","Silvaco Group","SVCO","216191152","6.38","United States"
"8947","CARGO Therapeutics","CRGX","216188416","4.47","United States"
"8948","Toro Corp.","TORO","216168608","6.255","Cyprus"
"8949","Gofore Oyj","GOFORE.HE","216015612","13.3039","Finland"
"8950","Latécoère S.A.","LAT.PA","216005713","0.0169787","France"
"8951","Khaleeji Bank","KHALEEJI.BH","215893183","0.981432","Bahrain"
"8952","Saudi Arabian Refineries Company","2030.SR","215718130","14.3812","Saudi Arabia"
"8953","Sudatel Telecommunications Group","SUDATEL.AE","215517834","0.16","Sudan"
"8954","TPG Mortgage Investment Trust","MITT","215309536","6.77","United States"
"8955","Gati","GATI.NS","215137993","1.65","India"
"8956","Modiv Industrial","MDV","215101808","18.05","United States"
"8957","Orrön Energy","ORRON.ST","214694627","0.750929","Sweden"
"8958","Sidus Space","SIDU","214597680","2.12","United States"
"8959","Focusrite","TUNE.L","214595636","3.65181","United Kingdom"
"8960","Helios Underwriting","HUW.L","214418185","3.07699","United Kingdom"
"8961","Future Care Trading Company","9544.SR","214386536","0.428773","Saudi Arabia"
"8962","BRCK Group","BRCK.L","214242898","0.662735","United Kingdom"
"8963","Polaris Renewable Energy","PIF.TO","214203399","10.2513","Canada"
"8964","AB Vilkyskiu pienine","VLP1L.VS","213887885","17.9091","Lithuania"
"8965","APM Terminals Bahrain","APMTB.BH","213660475","0.190981","Bahrain"
"8966","Groupe SFPI","SFPI.PA","213383901","2.31422","France"
"8967","Oriola","OKDBV.HE","213327213","1.17525","Finland"
"8968","Honda Siel Power Products","HONDAPOWER.NS","213264861","21.0257","India"
"8969","Shutterstock","SSTK","213188128","5.77","United States"
"8970","Brouwerij Handelsmaatschappij","COBH.BR","212815444","2837.54","Belgium"
"8971","TOYA S.A.","TOA.WA","212810265","2.87437","Poland"
"8972","AlphaPolis","9467.T","212762351","7.32119","Japan"
"8973","Core Molding Technologies","CMT","212730784","24.04","United States"
"8974","Octave Specialty Group","OSG","212192512","4.71","United States"
"8975","Stille AB","STIL.ST","212035380","23.5976","Sweden"
"8976","Eurocash","EUR.WA","211988407","1.52331","Poland"
"8977","Coherus BioSciences","CHRS","211666320","1.37","United States"
"8978","Grammer AG","GMM.DE","211508353","14.1877","Germany"
"8979","Red Hill Minerals Limited","RHI.AX","211413593","3.29156","Australia"
"8980","HMS Bergbau","HMU.DE","211321280","46.517","Germany"
"8981","Allianz Saudi Fransi Cooperative Insurance","8040.SR","211185803","3.55003","Saudi Arabia"
"8982","Protalix BioTherapeutics","PLX","211097680","2.62","Israel"
"8983","Organogenesis","ORGO","211026256","1.64","United States"
"8984","Vista Alegre Atlantis","VAF.LS","210561638","1.25596","Portugal"
"8985","Cantabil Retail India","CANTABIL.NS","210469522","2.51643","India"
"8986","Oman Oil Marketing Company (oomco)","OOMS.OM","209926564","3.42597","Oman"
"8987","Burgan Company for Well Drilling","ABAR.KW","209879968","822.859","Kuwait"
"8988","BMMI Group","BMMI.BH","209738502","2.37401","Bahrain"
"8989","Frontier Developments","FDEV.L","209520739","6.03224","United Kingdom"
"8990","Reit Azorim - H.F Living","AZRT.TA","209283081","2.05827","Israel"
"8991","Americanas","AMER3.SA","208961103","1.04353","Brazil"
"8992","Bergbahnen Engelberg-Trübsee-Titlis","TIBN.SW","208881733","62.1672","Switzerland"
"8993","MTI Ltd.","9438.T","208833858","3.76005","Japan"
"8994","Voyager Therapeutics","VYGR","208268672","3.38","United States"
"8995","Arnarlax (Icelandic Salmon)","ISLAX.OL","208216327","6.72493","Iceland"
"8996","Commerce.com","CMRC","207976064","2.51","United States"
"8997","Franklin Covey","FC","207807264","18.4","United States"
"8998","Züblin Immobilien","ZUBN.SW","207766845","62.6625","Switzerland"
"8999","Neuronetics","STIM","207256448","2.72","United States"
"9000","Arab Insurance Group","ARIG.BH","206799998","0.54","Bahrain"
"9001","Prosafe SE","PRS.OL","206733067","0.586414","Norway"
"9002","Huhtamaki India","HUHTAMAKI.NS","206401334","2.733","India"
"9003","Vecima Networks","VCM.TO","206244115","8.48232","Canada"
"9004","Nucleus Software Exports","NUCLEUS.NS","206199797","7.83276","India"
"9005","GDEV Inc.","GDEV","206008048","11.35","Cyprus"
"9006","Vuzix","VUZI","205970736","2.44","United States"
"9007","Winton Land","WIN.NZ","205909042","0.694199","New Zealand"
"9008","Rakon Limited","RAK.NZ","205791164","0.895488","New Zealand"
"9009","Fiducian Group Limited","FID.AX","205637206","6.49669","Australia"
"9010","Hexaom","ALHEX.PA","205593172","30.0035","France"
"9011","Angel Oak Mortgage REIT","AOMR","205545840","8.25","United States"
"9012","ÖKOWORLD","VVV3.DE","205515470","31.399","Germany"
"9013","Ajial Real Estate Entertainment Company","AREEC.KW","205338281","981.599","Kuwait"
"9014","Exacompta Clairefontaine","ALEXA.PA","205269078","181.416","France"
"9015","Armata Pharmaceuticals","ARMP","205244528","5.52","United States"
"9016","Oramed Pharmaceuticals","ORMP","205074944","4.93","United States"
"9017","Digital Bros","DIB.MI","204595251","14.2575","Italy"
"9018","Greenpanel Industries","GREENPANEL.NS","204588819","1.66838","India"
"9019","SCHMID Group","SHMD","204472592","3.1","Germany"
"9020","Riber S.A.","ALRIB.PA","204329043","9.72206","France"
"9021","Deep Value Driller","DVD.OL","204246181","2.18426","Norway"
"9022","Appen","APX.AX","204042392","0.759867","Australia"
"9023","Eagle Eye Solutions Group","EYE.L","203994813","6.74908","United Kingdom"
"9024","Stoneridge","SRI","203938544","7.15","United States"
"9025","Al-Arabiya Real Estate Company","ARABREC.KW","203833849","528.055","Kuwait"
"9026","Precision BioSciences","DTIL","203423456","7.37","United States"
"9027","Beeks Financial Cloud Group","BKS.L","203338224","2.97555","United Kingdom"
"9028","YAKUODO HOLDINGS","7679.T","203310018","10.4524","Japan"
"9029","MJ Gleeson plc","GLE.L","203169516","3.48274","United Kingdom"
"9030","Amplify Energy","AMPY","203136592","4.9","United States"
"9031","Sandnes Sparebank","SADG.OL","203079021","9.64521","Norway"
"9032","Aumann AG","AAG.DE","202791190","15.6995","Germany"
"9033","Arwana Citramulia Tbk","ARNA.JK","202741938","0.0288396","Indonesia"
"9034","Allgeier","AEIN.DE","202702287","18.1416","Germany"
"9035","Aljazira Takaful Taawuni Company","8012.SR","202663179","3.07065","Saudi Arabia"
"9036","Lifetime Brands","LCUT","202531648","8.81","United States"
"9037","ADM Hamburg","OEL.F","202025352","269.799","Germany"
"9038","Zumtobel Group","ZAG.VI","201866041","4.768","Austria"
"9039","Al Khaleej Takaful Insurance Company","AKHI.QA","201347827","0.788736","Qatar"
"9040","Midwich Group","MIDW.L","201290615","1.95034","United Kingdom"
"9041","Citizens Inc","CIA","201053136","3.97","United States"
"9042","Bodal Chemicals","BODALCHEM.NS","200977251","1.59577","India"
"9043","Al Safat Investment Company","ALSAFAT.KW","200701505","631.722","Kuwait"
"9044","Groupe Partouche","PARP.PA","200234874","20.8164","France"
"9045","Rhinebeck Bancorp","RBKB","199984000","12.79","United States"
"9046","Nkarta","NKTX","199833168","2.79","United States"
"9047","Kongsberg Automotive ASA","KOA.OL","199817901","0.214122","Norway"
"9048","China Yongda Automobiles Services","3669.HK","199676171","0.1097","China"
"9049","Chubb Arabia Cooperative Insurance Company","8240.SR","199632481","4.99081","Saudi Arabia"
"9050","Fabasoft","FAA.DE","199626227","18.9557","Austria"
"9051","Superior Group of Companies","SGC","199474464","12.51","United States"
"9052","Rhythm Co.,Ltd.","7769.T","199234044","25.0242","Japan"
"9053","Knights Group","KGH.L","198826148","2.31281","United Kingdom"
"9054","Allcargo Logistics","ALLCARGO.NS","198329819","0.132416","India"
"9055","Hester Biosciences","HESTERBIO.NS","198248896","23.3046","India"
"9056","Gefran","GE.MI","198184831","13.9551","Italy"
"9057","DHI Group","DHX","197849168","4.58","United States"
"9058","Bahrain Islamic Bank","BISB.BH","197570558","2.49337","Bahrain"
"9059","Kuwait Portland Cement","PCEM.KW","197403591","1969.68","Kuwait"
"9060","OneWater Marine","ONEW","197154272","11.83","United States"
"9061","Pro-Dex","PDEX","197152864","61.75","United States"
"9062","Angi Inc.","ANGI","197103392","4.86","United States"
"9063","Lindsay Australia","LAU.AX","197054088","0.538029","Australia"
"9064","Jeld-Wen","JELD","196952880","2.27","United States"
"9065","Platinum Group Metals","PLG","196943072","1.54","Canada"
"9066","Crexendo","CXDO","196862432","5.92","United States"
"9067","Marti Technologies","MRT","196660512","2.27","Turkey"
"9068","Camellia Plc","CAM.L","196586525","77.77","United Kingdom"
"9069","Perfect Corp.","PERF","196567936","1.93","Taiwan"
"9070","Healwell AI","AIDX.TO","196341292","0.587237","Canada"
"9071","Italian Wine Brands","IWB.MI","195750799","21.0257","Italy"
"9072","Belpointe PREP, LLC","OZ","195386752","48.2","United States"
"9073","Landmark Bancorp","LARK","195278080","32.01","United States"
"9074","Taylor Devices","TAYD","195242416","60.54","United States"
"9075","eGain","EGAN","195170080","7.11","United States"
"9076","Crest Nicholson Holdings plc","CRST.L","195163153","0.760117","United Kingdom"
"9077","Akwel SA","AKW.PA","195091672","7.34969","France"
"9078","First Investment Company K.S.C.P.","ALOLA.KW","195047079","437.346","Kuwait"
"9079","Homeland Interactive Technology","3798.HK","194718540","0.154345","China"
"9080","PLAID,Inc.","4165.T","194551039","4.73535","Japan"
"9081","FinWise Bancorp","FINW","194357520","14","United States"
"9082","Quicklogic","QUIK","194351216","10.61","United States"
"9083","Vente-Unique.com","ALVU.PA","194227125","20.0605","France"
"9084","Beyond Meat","BYND","193775984","11.27","United States"
"9085","Frauenthal Holding","FKA.VI","193775686","24.8866","Austria"
"9086","James River Group","JRVR","193741552","4.19","Bermuda"
"9087","QumulusAI, Inc.","QMLS","193724800","5.79","United States"
"9088","XRF Scientific Limited","XRF.AX","193550245","1.34687","Australia"
"9089","Hinduja Global Solutions","HGS.NS","193516504","4.15983","India"
"9090","QLM Life &amp; Medical Insurance Company","QLMI.QA","193269216","0.552198","Qatar"
"9091","Kawai Musical Instruments Manufacturing","7952.T","192362037","22.3614","Japan"
"9092","Mobico Group","MCG.L","192323032","0.315678","United Kingdom"
"9093","Hathway","HATHWAY.NS","192233640","0.1086","India"
"9094","Catering International &amp; Services","ALCIS.PA","192205364","24.654","France"
"9095","Global Atomic","GLO.TO","191941344","0.391492","Canada"
"9096","PEDEVCO","PED","191404976","14.4","United States"
"9097","Arise AB","ARISE.ST","190647366","4.67444","Sweden"
"9098","NoHo Partners","NOHO.HE","190400596","9.04756","Finland"
"9099","Indorama Synthetics","INDORAMA.NS","190345209","0.728976","India"
"9100","Emilia Development","EMDV.TA","190050304","6.78107","Israel"
"9101","Epsilon Energy","EPSN","189576464","6.26","United States"
"9102","HKR International","0480.HK","189461661","0.127558","Hong Kong"
"9103","Hanover Bancorp","HNVR","189226464","26.82","United States"
"9104","Victory Supermarket Chain","VCTR.TA","188919592","13.316","Israel"
"9105","Unisys","UIS","188852304","2.59","United States"
"9106","DeFi Development","DFDV","188466560","6.08","United States"
"9107","TON Strategy Co.","TONX","188346208","3.42","United States"
"9108","ECB Bancorp","ECBK","188297472","21.55","United States"
"9109","SES AI","SES","188168448","0.5068","United States"
"9110","Melbourne Enterprises","0158.HK","188147601","7.5259","Hong Kong"
"9111","Private Equity Holding","PEHN.SW","187981374","78.2663","Switzerland"
"9112","Marvelous","7844.T","187732397","3.35581","Japan"
"9113","Tharimmune","THAR","187371472","4.74","United States"
"9114","Archosaur Games","9990.HK","187339101","0.234068","China"
"9115","Alta Equipment Group","ALTG","187181184","5.73","United States"
"9116","Capacit'e Infraprojects","CAPACITE.NS","187055749","2.21096","India"
"9117","Bastide Le Confort Médical","BLC.PA","187006471","25.5844","France"
"9118","Hong Leong Capital","5274.KL","186830548","0.792373","Malaysia"
"9119","Ag Growth International","AFN.TO","186788817","9.90329","Canada"
"9120","Ceragon Networks","CRNT","186668656","2.045","Israel"
"9121","Mechel PAO","MTLR.ME","186633981","0.44","Russia"
"9122","Basic Chemical Industries Company","1210.SR","186463010","6.78047","Saudi Arabia"
"9123","Shell Oman Marketing Company","SOMS.OM","186298706","1.96104","Oman"
"9124","Deezer","DEEZR.PA","185824901","1.50017","France"
"9125","Sparta AG","SPT6.F","185496026","29.5383","Germany"
"9126","United Security Bancshares","UBFO","185027760","10.51","United States"
"9127","UmweltBank","UBK.DE","184855226","4.45401","Germany"
"9128","Visiativ SA","ALVIV.PA","184832369","40.1999","France"
"9129","PR TIMES Corporation","3922.T","184754059","13.6607","Japan"
"9130","BV Financial","BVFL","184405056","21.77","United States"
"9131","Micro Systemation","MSAB-B.ST","184396396","9.98443","Sweden"
"9132","PTC Financial Services","PFS.NS","184305912","0.286954","India"
"9133","Schaffer Corporation","SFC.AX","184035880","13.6848","Australia"
"9134","Syrah Resources Limited","SYR.AX","183961411","0.0792279","Australia"
"9135","Verkkokauppa.com","VERK.HE","183866720","4.16909","Finland"
"9136","Al Wathba National Insurance","AWNIC.AE","183744485","0.89","United Arab Emirates"
"9137","Lafinca Global Assets","YLFG.MC","183718740","4.86103","Spain"
"9138","Mayne Pharma Group","MYX.AX","183434647","2.23999","Australia"
"9139","LENZ Therapeutics","LENZ","183180608","5.83","United States"
"9140","AirSculpt Technologies","AIRS","183121824","2.54","United States"
"9141","Lang &amp; Schwarz","LUS1.DE","182745324","19.3627","Germany"
"9142","Helloworld Travel","HLO.AX","182731380","1.11639","Australia"
"9143","SB Financial Group","SBFG","182712416","29.22","United States"
"9144","Tribal Group","TRB.L","182670619","0.852088","United Kingdom"
"9145","Société Marseillaise du Tunnel Prado-Carénage","ALTPC.PA","182612807","31.2827","France"
"9146","Tiny Ltd.","TINY.V","182238623","6.19559","Canada"
"9147","WALLIX Group","ALLIX.PA","182218900","25.817","France"
"9148","Benchmark Holdings","BMK.L","182093816","0.295906","United Kingdom"
"9149","Westwood Holdings Group","WHG","181797040","19.05","United States"
"9150","Lucid Diagnostics","LUCD","181630432","0.9512","United States"
"9151","Texwinca Holdings","0321.HK","181533345","0.131384","Hong Kong"
"9152","Atland SAS","ATLD.PA","181503226","41.8653","France"
"9153","Vidhi Specialty Food","VIDHIING.NS","181224092","3.62847","India"
"9154","Rico Auto Industries","RICOAUTO.NS","181129383","1.33887","India"
"9155","Valens Semiconductor","VLN","180827696","1.67","Israel"
"9156","EuroGroup Laminations","EGLA.MI","180368341","1.10885","Italy"
"9157","Miyakoshi Holdings","6620.T","180237195","4.50436","Japan"
"9158","Reach plc","RCH.L","180131785","0.570764","United Kingdom"
"9159","ReconAfrica","0XD.F","179569941","0.46517","Canada"
"9160","MainStreet Bancshares","MNSB","179522320","25.21","United States"
"9161","Somec S.p.A.","SOM.MI","179503720","24.654","Italy"
"9162","Medical Facilities Corporation","DR.TO","179483433","11.0705","Canada"
"9163","flyExclusive","FLYX","179373856","1.18","United States"
"9164","Privatization Holding Company - K.P.S.C.","KPPC.KW","179333771","450.305","Kuwait"
"9165","Steyr Motors AG","4X0.DE","179296458","34.1435","Germany"
"9166","Nyxoah","NYXH","179238784","1.76","Belgium"
"9167","KFIC Invest (K.S.C.P)","KFIC.KW","179145135","599.326","Kuwait"
"9168","Deutsche Konsum REIT-AG","DKG.DE","178970244","1.6281","Germany"
"9169","Oriental Aromatics","OAL.NS","178927666","5.31675","India"
"9170","I.g. Petrochemicals","IGPL.NS","178901859","5.80947","India"
"9171","Global Financial Investments Holding SAOG","GFIC.OM","178701303","0.893507","Oman"
"9172","Analogue Holdings (ATAL)","1977.HK","178580766","0.127558","Hong Kong"
"9173","Accelya","ACCELYA.NS","178467362","11.9566","India"
"9174","Domo, Inc.","DOMO","178267040","3.79","United States"
"9175","Lee Enterprises","LEE","178113424","7.99","United States"
"9176","Hamat Group","HAMAT.TA","178045989","4.85882","Israel"
"9177","Nynomic AG","M7U.DE","177989888","27.0962","Germany"
"9178","Umm Al-Qura Cement Company","3005.SR","177967453","3.23577","Saudi Arabia"
"9179","Roularta Media Group","ROU.BR","177236814","14.304","Belgium"
"9180","Gulf Union Alahlia Cooperative Insurance","8120.SR","177228817","3.86162","Saudi Arabia"
"9181","Adairs Limited","ADH.AX","176890746","0.990349","Australia"
"9182","Solocal Group","LOCAL.PA","176846462","4.93081","France"
"9183","Emirates Reem Investments Company","ERC.AE","176805566","0.552742","United Arab Emirates"
"9184","Texaf","TEXF.BR","176526890","48.1451","Belgium"
"9185","Fitaihi Holding Group","4180.SR","176502708","0.641828","Saudi Arabia"
"9186","Mahanagar Telephone Nigam","MTNL.NS","176179943","0.279651","India"
"9187","India Glycols","INDIAGLYCO.NS","175947471","2.62503","India"
"9188","Entech SA","ALESE.PA","175926262","11.9549","France"
"9189","Solidarity Bahrain","SOLID.BH","175862064","0.185676","Bahrain"
"9190","Wendt India","WENDT.NS","175856045","87.928","India"
"9191","Serviceware","SJJ.DE","175834400","16.7461","Germany"
"9192","Waldencast","WALD","175716032","1.37","United States"
"9193","Arbuthnot Banking Group","ARBB.L","175480703","10.7525","United Kingdom"
"9194","Tabuk Cement Company","3090.SR","175211050","1.94679","Saudi Arabia"
"9195","Specialities Group Holding Company","SPEC.KW","175184192","858.494","Kuwait"
"9196","Al Buhaira National Insurance Company","ABNIC.AE","174948950","0.7","United Arab Emirates"
"9197","SKYX Platforms","SKYX","174705968","1.29","United States"
"9198","NusaTrip","NUTR","174412512","9","Indonesia"
"9199","Ten Square Games","TEN.WA","174307193","27.3442","Poland"
"9200","Byggma ASA","BMA.OL","174289410","2.49629","Norway"
"9201","Fasadgruppen Group","FG.ST","174128098","1.99479","Sweden"
"9202","Immunic","IMUX","174103408","12.76","United States"
"9203","Castings P.L.C.","CGS.L","174057623","4.00346","United Kingdom"
"9204","Aimia","AIM.TO","173977403","1.97196","Canada"
"9205","ActiveOps Plc","AOM.L","173966171","2.43454","United Kingdom"
"9206","Westag AG","WUG3.F","173799354","38.3766","Germany"
"9207","Shalby","SHALBY.NS","173714755","1.61567","India"
"9208","Naturhouse Health","NTH.MC","172897668","2.88406","Spain"
"9209","Banque nationale de Belgique","BNB.BR","172578207","431.446","Belgium"
"9210","Nihon Falcom","3723.T","172273071","17.4592","Japan"
"9211","Cadence Capital Limited","CDM.AX","172248141","0.576203","Australia"
"9212","CuriosityStream","CURI","172080288","2.9","United States"
"9213","NSE SA","ALNSE.PA","172067320","52.2154","France"
"9214","Digia Oyj","DIGIA.HE","171979793","6.44261","Finland"
"9215","Nykode Therapeutics","NYKD.OL","171890159","0.439003","Norway"
"9216","Amaero International Ltd","3DA.AX","171659331","0.180063","Australia"
"9217","X-Legend Entertainment","4994.TW","171646918","2.58569","Taiwan"
"9218","DUG Technology","DUG.AX","171547836","1.26549","Australia"
"9219","Abu Dhabi National Takaful","TKFL.AE","171531254","1.63","United Arab Emirates"
"9220","Quercus TFI","QRS.WA","171510302","3.66024","Poland"
"9221","Sport Lisboa e Benfica","SLBEN.LS","171182696","7.44273","Portugal"
"9222","Easy Software","ESY.HM","171156219","22.6771","Germany"
"9223","Korro Bio","KRRO","171112000","11.62","United States"
"9224","T’way Air","091810.KS","171089510","2.07249","South Korea"
"9225","Bahrain Kuwait Insurance Company (GIG Bahrain)","BKIC.BH","171087531","1.03448","Bahrain"
"9226","T&amp;G Global","TGG.NZ","170859742","1.39428","New Zealand"
"9227","Freelance.com SA","ALFRE.PA","170823622","3.02361","France"
"9228","Renaissance Services","RNSS.OM","170706446","0.722078","Oman"
"9229","MediWound","MDWD","170544768","13.21","Israel"
"9230","Gesco SE","GSC1.DE","170531458","16.3973","Germany"
"9231","Hawesko","HAW.DE","170286611","18.9557","Germany"
"9232","Mega Uranium","MGA.TO","170218643","0.44224","Canada"
"9233","Injazzat Real Estate Development Company","INJAZZAT.KW","170203772","492.419","Kuwait"
"9234","Seven Hills Realty Trust","SEVN","170151120","7.51","United States"
"9235","NRC Group ASA","NRC.OL","169927060","0.984529","Norway"
"9236","Siljansvik AB","SIVI.ST","169889519","12.3547","Sweden"
"9237","Finance House","FH.AE","169864892","0.56","United Arab Emirates"
"9238","Duluth Holdings","DLTH","169489248","4.46","United States"
"9239","La Française de l'Energie","FDE.PA","169471185","32.0968","France"
"9240","Morabaha Marina Financing Company","4082.SR","169214457","2.4235","Saudi Arabia"
"9241","Gévelot SA","ALGEV.PA","168977398","226.771","France"
"9242","OrganiGram Holdings","OGI","168658640","1.17","Canada"
"9243","ADC Therapeutics","ADCT","168521360","1.32","Switzerland"
"9244","ALIA MENTIS","ALMS.MI","168355893","5.47157","Italy"
"9245","Sabaf S.p.A.","SAB.MI","168333044","13.6644","Italy"
"9246","Koenig &amp; Bauer","SKB.DE","168149618","10.1756","Germany"
"9247","RADCOM","RDCM","167885920","10.03","Israel"
"9248","Diaceutics PLC","DXRX.L","167688471","1.98144","United Kingdom"
"9249","EVI Industries","EVI","167684544","13.03","United States"
"9250","Magnora ASA","MGN.OL","167654972","2.35641","Norway"
"9251","Atlantic Lithium Limited","A11.AX","167412820","0.208874","Australia"
"9252","Leclanché","LECN.SW","167308700","0.10452","Switzerland"
"9253","Ateme SA","ATEME.PA","166978300","14.4203","France"
"9254","Tingo Group","TIO","166947568","0.69","United States"
"9255","Mengly J. Quach Education","MJQE.KH","166852899","0.51","Cambodia"
"9256","Molecular Partners","MOLN","166627776","4.35","Switzerland"
"9257","Rokiskio Suris AB","RSU1L.VS","166617905","5.30294","Lithuania"
"9258","Quantum-Si","QSI","166570640","0.761","United States"
"9259","Dominion Hosting","DHH.MI","166161666","29.7709","Italy"
"9260","Spruce Biosciences","SPRB","165859280","57.71","United States"
"9261","Pharos Energy","PHAR.L","165790354","0.400346","United Kingdom"
"9262","Cegedim SA","ALCGM.PA","165752614","12.0479","France"
"9263","Humacyte","HUMA","165567680","0.596","United States"
"9264","Varia US Properties","VARN.SW","165527469","16.3467","Switzerland"
"9265","Douglas Elliman","DOUG","165420656","1.82","United States"
"9266","LGI Limited","LGI.AX","165397158","1.59896","Australia"
"9267","CBo Territoria","CBOT.PA","164994870","4.70985","France"
"9268","Endava","DAVA","164869264","3.12","United Kingdom"
"9269","Zahrat Al Waha For Trading Company","3007.SR","164784687","0.732376","Saudi Arabia"
"9270","Springfield Properties","SPR.L","164750969","1.37957","United Kingdom"
"9271","Lifecore Biomedical","LFCR","164660800","4.35","United States"
"9272","Sintana Energy","SEI.V","164553453","0.293619","Canada"
"9273","Ellington Credit Company","EARN","164551344","4.38","United States"
"9274","GrafTech","EAF","164380640","6.3","United States"
"9275","BICO Group","BICO.ST","164319599","2.3283","Sweden"
"9276","The Eastern Company","EML","164279328","27.3","United States"
"9277","Frontier Energy Limited","FHE.AX","164273482","0.147652","Australia"
"9278","China Automotive Systems","CAAS","164128624","5.44","China"
"9279","Macfarlane Group","MACF.L","163602830","1.05632","United Kingdom"
"9280","Nekkar ASA","NKR.OL","163313805","1.60322","Norway"
"9281","Trifast","TRI.L","163288190","1.20915","United Kingdom"
"9282","Jain Irrigation Systems","JISLDVREQS.NS","163278344","0.222599","India"
"9283","Eurocell","ECEL.L","163159679","1.65008","United Kingdom"
"9284","1stdibs.com","DIBS","163034160","4.85","United States"
"9285","KORE Group","KORE","163005168","9.25","United States"
"9286","Daldrup &amp; Söhne","4DS.DE","162907111","27.2125","Germany"
"9287","Hyderabad Industries Limited","HIL.NS","162818595","21.5914","India"
"9288","Bahrain National Holding","BNH.BH","162798738","1.14058","Bahrain"
"9289","Fountaine Pajot","ALFPC.PA","162640531","97.5695","France"
"9290","Saudi Company for Hardware (SACO)","4008.SR","162426117","5.48616","Saudi Arabia"
"9291","FDM Group","FDM.L","162385626","1.48507","United Kingdom"
"9292","Quipt Home Medical","QIPT","162297152","3.65","United States"
"9293","Baozun","BZUN","162213360","2.79","China"
"9294","EDAP TMS","EDAP","161922176","4.32","France"
"9295","Intred","ITD.MI","161745041","10.3966","Italy"
"9296","Wheels Up","UP","161401728","4.45","United States"
"9297","Bassett Furniture","BSET","161260256","18.625","United States"
"9298","Smartbroker Holding","SB1.DE","161196828","9.60577","Germany"
"9299","Kudelski SA","KUD.SW","161186020","1.64706","Switzerland"
"9300","Wataniya Insurance Company","8300.SR","161176064","4.0294","Saudi Arabia"
"9301","NET Power","NPWR","161034848","1.82","United States"
"9302","GCT Semiconductor","GCTS","160947024","1.75","United States"
"9303","MAX Automation","MXHN.DE","160675260","3.8958","Germany"
"9304","Easy Lease Motorcycle Rental","EASYLEASE.AE","160422563","5.35","United Arab Emirates"
"9305","L'azurde Company for Jewelry","4011.SR","160330509","2.78836","Saudi Arabia"
"9306","Emak S.p.A.","EM.MI","160205382","0.983835","Italy"
"9307","Biesse","BSS.MI","160117614","6.02396","Italy"
"9308","Bitcoin Group","ADE.DE","159669729","31.9339","Germany"
"9309","Byggmästare Anders J Ahlström","AJA-B.ST","159570852","5.55856","Sweden"
"9310","Quirin Privatbank","QB7.DE","159535816","3.67485","Germany"
"9311","Kelly Partners Group","KPG.AX","159460206","3.52204","Australia"
"9312","Delta Corp","DELTACORP.NS","159429741","0.595396","India"
"9313","Liva Insurance Company","8280.SR","159365097","3.98413","Saudi Arabia"
"9314","Dollar Industries","DOLLAR.NS","159087299","2.80497","India"
"9315","Jacktel AS","JACK.OL","158696785","0.614389","Norway"
"9316","Installux S.A.","ALLUX.PA","158567946","567.508","France"
"9317","Kuwait Business Town Real Estate Company","KBT.KW","157854854","264.027","Kuwait"
"9318","Aptitude Software Group","APTD.L","157805004","2.9485","United Kingdom"
"9319","Grigeo AB","GRG1L.VS","157549018","1.18618","Lithuania"
"9320","Outlook Therapeutics","OTLK","157494496","0.649","United States"
"9321","GTL Infrastructure","GTLINFRA.NS","157275141","0.0122784","India"
"9322","Masterflex","MZX.DE","157155018","16.3391","Germany"
"9323","Asian Granito India","ASIANTILES.NS","156781215","0.528817","India"
"9324","BCB Bancorp","BCBP","156580752","8.65","United States"
"9325","Keyrus","ALKEY.PA","156455551","9.83835","France"
"9326","Umm Al Qaiwain General Investment","QIC.AE","156158786","0.43","United Arab Emirates"
"9327","Niu Technologies","NIU","156087808","1.99","China"
"9328","SpiceJet","SPICEJET.BO","156042558","0.102249","India"
"9329","Tenaya Therapeutics","TNYA","155907120","0.6953","United States"
"9330","Streamex Corp.","STEX","155642032","0.6901","United States"
"9331","Red Robin","RRGB","155577872","8.23","United States"
"9332","Blossom Gold Inc.","BGAU.TO","155537268","1.18172","Canada"
"9333","Codexis","CDXS","155498192","1.42","United States"
"9334","Navkar Corp","NAVKARCORP.NS","155243074","1.03138","India"
"9335","Masi Agricola","MASI.MI","154792167","4.81451","Italy"
"9336","Precia S.A.","ALPM.PA","154666459","28.608","France"
"9337","Alligator Energy","AGE.AX","154614341","0.0324114","Australia"
"9338","SIG plc","SHI.L","153879577","0.132547","United Kingdom"
"9339","OPTiM","3694.T","153863043","2.82325","Japan"
"9340","Atomera","ATOM","153754720","3.94","United States"
"9341","Mercia Asset Management","MERC.L","153714504","0.365181","United Kingdom"
"9342","Orion Properties","ONL","153450272","2.69","United States"
"9343","Bulten AB","BULTEN.ST","153422755","7.31003","Sweden"
"9344","Sensorion","ALSEN.PA","153419775","0.297709","France"
"9345","Banan Real Estate Company","4324.SR","153399559","0.766998","Saudi Arabia"
"9346","Southern Petrochemical Industries Corp","SPIC.NS","153320317","0.752898","India"
"9347","Enad Global 7","EG7.ST","153142010","1.7284","Sweden"
"9348","Hyosung Chemical Corporation","298000.KS","153128472","40.6384","South Korea"
"9349","National International Holding Company (Kuwait)","NIH.KW","153034496","599.326","Kuwait"
"9350","National Building and Marketing Company","9510.SR","152888227","12.7407","Saudi Arabia"
"9351","Gobarto","GOB.WA","152788644","5.49595","Poland"
"9352","Humm Group","HUM.AX","152739895","0.302506","Australia"
"9353","Qrf","QRF.BR","152670357","11.7456","Belgium"
"9354","Stratus Properties","STRS","152390176","19.09","United States"
"9355","WhiteHorse Finance","WHF","152268192","7.09","United States"
"9356","Björn Borg","BORG.ST","152241606","6.041","Sweden"
"9357","Inclusio","INCLU.BR","152194200","19.5372","Belgium"
"9358","Admicom Oyj","ADMCM.HE","152182710","31.1083","Finland"
"9359","Shimmick","SHIM","152115840","3.68","United States"
"9360","Genovis AB","GENO.ST","152110946","2.25489","Sweden"
"9361","Strickland Metals Limited","STK.AX","152101336","0.0576203","Australia"
"9362","Almawave","AIW.MI","152021175","5.07032","Italy"
"9363","Mazaya Real Estate Development Q.P.S.C.","MRDS.QA","151923073","0.151923","Qatar"
"9364","Bisalloy Steel Group","BIS.AX","151901462","3.16191","Australia"
"9365","Eleco","ELCO.L","151861377","1.81914","United Kingdom"
"9366","Assertio Holdings","ASRT","151861232","23.5","United States"
"9367","The Saudi Arabian Amiantit Company","2160.SR","151855984","3.41154","Saudi Arabia"
"9368","Al Anwar Investments SAOG","AAIC.OM","151757948","0.493507","Oman"
"9369","Finbar Group Limited","FRI.AX","150918195","0.554595","Australia"
"9370","Milestone Pharmaceuticals","MIST","150642560","1.21","Canada"
"9371","SITE Centers","SITC","150604224","2.87","United States"
"9372","Audinate Group","AD8.AX","150022730","1.77903","Australia"
"9373","JANOME Corporation","6445.T","149902434","8.9638","Japan"
"9374","Severfield","SFR.L","149765824","0.507195","United Kingdom"
"9375","Emirates Investment Bank","EIBANK.AE","149757664","14.9758","United Arab Emirates"
"9376","OptimizeRx","OPRX","149745808","7.95","United States"
"9377","Mammoth Energy Services","TUSK","149676784","3.11","United States"
"9378","First Takaful Insurance Company","FTI.KW","149501750","897.369","Kuwait"
"9379","Elme Communities","ELME","149281232","1.68","United States"
"9380","Inspired Entertainment","INSE","149115248","5.59","United States"
"9381","Quartix Technologies","QTX.L","149096196","3.07699","United Kingdom"
"9382","NRx Pharmaceuticals","NRXP","148504480","3.43","United States"
"9383","Al-Enma'a Real Estate Company","ERESCO.KW","148338248","423.177","Kuwait"
"9384","Banca Sistema S.p.A.","BST.MI","148328634","1.8444","Italy"
"9385","Foxtons Group","FOXT.L","148013682","0.500433","United Kingdom"
"9386","KORU Medical Systems","KRMD","147904256","3.22","United States"
"9387","Cable One","CABO","147862480","26.06","United States"
"9388","Hurco Companies","HURC","147660144","22.8","United States"
"9389","Seef Properties","SEEF.BH","147639256","1.36605","Bahrain"
"9390","Baazeem Trading Company","4051.SR","147497272","1.45676","Saudi Arabia"
"9391","UBM Development","UBS.VI","147444475","20.0605","Austria"
"9392","Empire Energy Group","EEG.AX","147437477","0.119432","Australia"
"9393","BP Castrol K.K.","5015.T","147307416","6.41647","Japan"
"9394","lastminute.com","LMN.SW","147128133","13.87","Netherlands"
"9395","Fenix Resources","FEX.AX","147098431","0.190867","Australia"
"9396","LifeMD","LFMD","147012544","3.05","United States"
"9397","Owlet, Inc.","OWLT","146985040","5.03","United States"
"9398","Altea Green Power S.p.A.","AGP.MI","146961889","8.05908","Italy"
"9399","Lanvin Group","LANV","146764592","1.05","China"
"9400","EKF Diagnostics","EKF.L","146525898","0.342188","United Kingdom"
"9401","Sokouk Holding Company K.S.C.P.","SOKOUK.KW","146300312","255.928","Kuwait"
"9402","Tijara &amp; Real Estate Investment Company","TIJARA.KW","146235585","395.231","Kuwait"
"9403","RGP (Resources Connection)","RGP","146040960","4.24","United States"
"9404","Clarus","CLAR","145877872","3.81","United States"
"9405","Dexelance","DEX.MI","145830483","2.45377","Italy"
"9406","Pine Cliff Energy","PNE.TO","145667749","0.405991","Canada"
"9407","ALM Equity","ALM.ST","145547819","4.47831","Sweden"
"9408","Oxford Square Capital","OXSQ","145405504","1.35","United States"
"9409","Solid State Group","SOLI.L","145403024","2.56303","United Kingdom"
"9410","Avantium N.V.","AVTX.AS","144662356","5.73904","Netherlands"
"9411","Inogen","INGN","144633920","5.45","United States"
"9412","Piquadro","PQ.MI","144472325","3.04687","Italy"
"9413","Motorpoint Group","MOTR.L","144427283","1.75828","United Kingdom"
"9414","The Kuwait Company for Process Plant Construction and Contracting","KCPC.KW","144248802","1082.03","Kuwait"
"9415","OnKure Therapeutics","OKUR","144166848","3.56","United States"
"9416","ReposiTrak","TRAK","143752896","7.91","United States"
"9417","India Motor Parts and Accessories","IMPAL.NS","143696689","11.5142","India"
"9418","Knaus Tabbert AG","KTA.DE","143367648","13.8156","Germany"
"9419","Naikai Zosen Corporation","7018.T","143215056","84.5049","Japan"
"9420","Tracsis","TRCS.L","143103511","4.80145","United Kingdom"
"9421","Heliad AG","A7A.DE","143052253","15.8739","Germany"
"9422","Al Jouf Cement Company","3091.SR","143007267","1.31561","Saudi Arabia"
"9423","Oman Refreshment Company (Pepsi Oman)","ORCI.OM","142857146","2.85714","Oman"
"9424","Nusantara Pelabuhan Handal","PORT.JK","142415643","0.0506107","Indonesia"
"9425","DMC Global","BOOM","142143360","6.92","United States"
"9426","Solana Company","HSDT","142077952","2.35","United States"
"9427","Saudi Printing and Packaging Company","4270.SR","142037347","2.17849","Saudi Arabia"
"9428","Buligo Capital","BLGO.TA","141518217","2.51887","Israel"
"9429","PLBY Group (Playboy)","PLBY","141373072","1.18","United States"
"9430","Cavotec","CCC.ST","141283435","1.32417","Switzerland"
"9431","Jagran Prakashan","JAGRAN.NS","141063468","0.648108","India"
"9432","Conexeu Sciences","CNXU","141016400","5.27","United States"
"9433","Carlo Gavazzi Holding","GAV.SW","140821795","198.142","Switzerland"
"9434","Equillium","EQ","140765936","2.22","United States"
"9435","Payton Industries","PAYT.TA","140674376","17.0142","Israel"
"9436","Inovio Pharmaceuticals","INO","140620624","1.36","United States"
"9437","Global Cord Blood","CORBF","140610448","1.05","Hong Kong"
"9438","Scott Technology","SCT.NZ","140505884","1.67078","New Zealand"
"9439","LexinFintech Holdings","LX","140350176","0.8517","China"
"9440","Proficient Auto Logistics","PAL","140264624","5","United States"
"9441","Bike24 Holding","BIKE.DE","140215858","3.17479","Germany"
"9442","Medifast","MED","140206016","12.54","United States"
"9443","Affinity Bancshares","AFBI","140182352","23","United States"
"9444","Synlait Milk","SML.NZ","140171341","0.23238","New Zealand"
"9445","Laramide Resources","LAM.TO","140080984","0.47849","Canada"
"9446","NCS Multistage","NCSM","140018304","53.35","United States"
"9447","First Guaranty Bancshares","FGBI","139589952","8.44","United States"
"9448","Warba Insurance and Reinsurance Company","WINSRE.KW","139584904","573.409","Kuwait"
"9449","Nicolás Correa","NEA.MC","139575346","11.3967","Spain"
"9450","Jay Bharat Maruti","JAYBARMARU.NS","139570601","1.28934","India"
"9451","Sloman Neptun","NEP.HM","139474358","69.7756","Germany"
"9452","CVC Limited","CVC.AX","139452796","1.19562","Australia"
"9453","Azerion Group","AZRN.AS","139375314","1.13967","Netherlands"
"9454","Smith-Midland Corporation","SMID","139352000","26.27","United States"
"9455","Mpac Group","MPAC.L","139310966","4.63238","United Kingdom"
"9456","Stereotaxis","STXS","139281024","1.39","United States"
"9457","inTEST Corporation","INTT","139159776","10.85","United States"
"9458","Cereno Scientific","CRNO-B.ST","138714928","0.444475","Sweden"
"9459","Igarashi Motors India","IGARASHI.NS","138676786","4.40593","India"
"9460","Sanok Rubber Company","SNK.WA","138622551","6.1632","Poland"
"9461","Annehem Fastigheter","ANNE-B.ST","138504084","1.74623","Sweden"
"9462","Clipper Realty","CLPR","138468368","3.26","United States"
"9463","Skillz","SKLZ","137970800","8.84","United States"
"9464","ReadyTech Holdings","RDY.AX","137946106","1.11639","Australia"
"9465","Userjoy Technology","3546.TWO","137931137","2.24829","Taiwan"
"9466","Excel Industries","EXCELINDUS.NS","137702135","10.9542","India"
"9467","Schloss Wachenheim","SWA.DE","137695081","17.3857","Germany"
"9468","United Wire Factories Company","1301.SR","137599404","4.90026","Saudi Arabia"
"9469","Wafrah for Industry and Development Company","2100.SR","137553896","5.94157","Saudi Arabia"
"9470","OFX Group","OFX.AX","137465830","0.590608","Australia"
"9471","Prime Office A/S","PRIMOF.CO","137417723","36.4007","Denmark"
"9472","South Port NZ","SPN.NZ","137363566","5.23591","New Zealand"
"9473","Curatis","CURN.SW","137207499","25.8824","Switzerland"
"9474","Grupo Casas Bahia S.A.","BHIA3.SA","137205796","0.135345","Brazil"
"9475","Green Landscaping Group","GREEN.ST","137078744","2.42794","Sweden"
"9476","Team Internet Group","TIG.L","137065272","0.568059","United Kingdom"
"9477","Bank of Innovation","4393.T","136938228","34.4564","Japan"
"9478","Lake Shore Bancorp","LSBK","136812992","17.42","United States"
"9479","Malath Cooperative Insurance Company","8020.SR","136754650","2.73509","Saudi Arabia"
"9480","Braemar Hotels &amp; Resorts","BHR","136571104","1.86","United States"
"9481","Leifheit","LEI.DE","136490076","14.9436","Germany"
"9482","IG Port, Inc.","3791.T","136477494","6.76937","Japan"
"9483","Aquafil","ECNL.MI","136222901","1.57925","Italy"
"9484","Surteco Group","SUR.DE","136141728","8.78009","Germany"
"9485","Legacy Education","LGCY","136009408","10.75","United States"
"9486","Hooker Furnishings","HOFT","135989280","12.66","United States"
"9487","RAK Co. for White Cement &amp; Construction Materials","RAKWCT.AE","135637646","0.27","United Arab Emirates"
"9488","CI Games","CI7.F","135381835","0.618677","Poland"
"9489","iDreamSky","1119.HK","135380564","0.06633","China"
"9490","Carnarvon Energy","CVN.AX","135302591","0.0756266","Australia"
"9491","Astec Lifesciences","ASTEC.NS","135202892","6.06774","India"
"9492","Eidesvik Offshore","EIOF.OL","135070269","1.8507","Norway"
"9493","Heidelberg Pharma","HPHA.DE","134928601","2.88406","Germany"
"9494","Insight Molecular Diagnostics","IMDX","134824048","4.12","United States"
"9495","SNGULAR","SNG.MC","134673772","2.39563","Spain"
"9496","Tillys","TLYS","134149048","4.4","United States"
"9497","KHD Humboldt Wedag International","KWG.DE","134099640","2.69799","Germany"
"9498","Bahrain Duty Free Shop Complex","DUTYF.BH","133969595","0.320955","Bahrain"
"9499","Oconee Federal Financial","OFED","133862808","23","United States"
"9500","Detection Technology","DETEC.HE","133620356","9.11734","Finland"
"9501","Television Broadcasts (TVB)","0511.HK","133424642","0.285729","Hong Kong"
"9502","Unibep","UNI.WA","132928272","4.02627","Poland"
"9503","Al-Mazaya Holding Company","MAZAYA.KW","132926643","255.605","Kuwait"
"9504","LEWAG Holding","KGR.F","132573555","27.9102","Germany"
"9505","vTv Therapeutics","VTVT","132337976","33.47","United States"
"9506","Laiqon AG","LQAG.DE","132177472","5.41923","Germany"
"9507","Selvita","SLV.WA","132120951","7.19938","Poland"
"9508","Air Busan","298690.KS","132071106","1.13286","South Korea"
"9509","Aemetis","AMTX","132070360","1.83","United States"
"9510","AL KHALEEJ Investment","KICO.AE","131800358","1.26","United Arab Emirates"
"9511","Valsoia S.p.A.","VLS.MI","131771564","12.2107","Italy"
"9512","Bahrain Commercial Facilities Company","BCFC.BH","131611572","0.941645","Bahrain"
"9513","Rent the Runway","RENT","131322936","3.91","United States"
"9514","FirstFarms A/S","FFARMS.CO","131288858","10.7335","Denmark"
"9515","DouYu","DOYU","131278040","4.35","China"
"9516","Klil Industries","KLIL.TA","131088743","58.9976","Israel"
"9517","Kuke Music Holding","KUKE","131017104","1.39","China"
"9518","Arctic Fish Holding","AFISH.OL","130746978","2.90517","Iceland"
"9519","Unifi","UFI","130679520","7.03","United States"
"9520","MaxCyte","MXCT","130039824","1.26","United States"
"9521","Polytec Holding","PYT.VI","129942273","5.90766","Austria"
"9522","Ryde Group","RYDE","129690856","0.7196","Singapore"
"9523","Banca Profilo","PRO.MI","129208466","1.95534","Italy"
"9524","Novolog","NVLG.TA","129124621","0.252752","Israel"
"9525","MPH Health Care AG","93M1.DE","128954344","30.1198","Germany"
"9526","Kulmbacher Brauerei","KUL.MU","128945227","38.3766","Germany"
"9527","Nabaltec","NTG.DE","128945227","14.6529","Germany"
"9528","Apyx Medical","APYX","128899512","3.06","United States"
"9529","Health Catalyst","HCAT","128688416","1.71","United States"
"9530","Al Ain Alahlia Insurance","ALAIN.AE","128658955","8.58","United Arab Emirates"
"9531","Tihama for Advertising, Public Relations and Marketing","4070.SR","128631640","5.614","Saudi Arabia"
"9532","Al-Baha Investment And Development Company","4130.SR","128480644","0.588564","Saudi Arabia"
"9533","Rafael Holdings","RFL","128439992","2.47","United States"
"9534","UNITED","2497.T","128288280","3.42639","Japan"
"9535","Arctic Paper","ARP.ST","128273441","1.85131","Poland"
"9536","KVH Industries","KVHI","128256608","7.07","United States"
"9537","Reworld Media","ALREW.PA","128191811","2.23874","France"
"9538","Buruj Cooperative Insurance Company","8270.SR","128062926","4.26876","Saudi Arabia"
"9539","Devsisters","194480.KQ","127612095","11.6384","South Korea"
"9540","Gulf Cement","GCEM.AE","127430075","0.31","United Arab Emirates"
"9541","Coast Investment &amp; Development Company","COAST.KW","126696787","272.45","Kuwait"
"9542","accesso Technology Group","ACSO.L","126395070","3.90202","United Kingdom"
"9543","Pkp Cargo","PKP.WA","126082247","2.81516","Poland"
"9544","Magyar Bancorp","MGYR","125996160","19.518","United States"
"9545","Commercial Vehicle Group (CVG)","CVGI","125961304","3.1","United States"
"9546","Silver One Resources","SVE.V","125410258","0.355242","Canada"
"9547","Aardvark Therapeutics","AARD","125400168","5.73","United States"
"9548","Fortinova Fastigheter AB","FNOVA-B.ST","125389858","2.48562","Sweden"
"9549","Vivani Medical","VANI","125382672","1.39","United States"
"9550","Global Fashion Group","GFG.DE","125350799","0.551227","Luxembourg"
"9551","MotorK","MTRK.AS","125130699","2.55844","Italy"
"9552","Al Mahhar Holding Company","MHAR.QA","125109887","0.604396","Qatar"
"9553","Amadeus Fire","AAD.DE","125080479","23.0259","Germany"
"9554","Saudi Industrial Development Company","2130.SR","125036620","4.16789","Saudi Arabia"
"9555","Sangoma Technologies","SANG","124795464","3.75","Canada"
"9556","Piscines Desjoyaux","ALPDX.PA","124731899","13.897","France"
"9557","Apex Frozen Foods","APEX.NS","124619615","3.98783","India"
"9558","HT5 AG","HT5.SW","124427779","3.90969","Switzerland"
"9559","Lai Sun Development Company","0488.HK","124206788","0.0854636","Hong Kong"
"9560","AFYREN","ALAFY.PA","124144947","3.20386","France"
"9561","Arabia Insurance Cooperative Company","8160.SR","124069878","2.34094","Saudi Arabia"
"9562","Tiziana Life Sciences","TLSA","124014024","0.9745","United Kingdom"
"9563","FCR Immobilien","FC9.DE","123968927","12.5596","Germany"
"9564","Monte Carlo Fashions","MONTECARLO.NS","123865719","5.9746","India"
"9565","Ambra","AMB.WA","123468868","4.89827","Poland"
"9566","NZME Limited","NZM.NZ","123439519","0.65596","New Zealand"
"9567","Xaar","XAR.L","123408379","1.57569","United Kingdom"
"9568","SDI Group","SDI.L","123050513","1.17669","United Kingdom"
"9569","Digimarc","DMRC","122940040","5.47","United States"
"9570","AB Zemaitijos pienas","ZMP1L.VS","122928936","3.00035","Lithuania"
"9571","S.S. Lazio","SSL.MI","122889518","1.81416","Italy"
"9572","a.k.a. Brands","AKA","122660216","11.16","United States"
"9573","Klingelnberg AG","KLIN.SW","122610526","13.87","Switzerland"
"9574","Biotalys","BTLS.BR","122608601","2.69799","Belgium"
"9575","Team Inc","TISI","122600840","26.75","United States"
"9576","enGene","ENGN","122590720","1.83","Canada"
"9577","Al Argan International Real Estate Company","ARGAN.KW","122575795","382.273","Kuwait"
"9578","MEDIA DO Co., Ltd.","3678.T","122426429","8.0655","Japan"
"9579","Black Rifle Coffee Company (BRCC)","BRCC","122364104","8.59","United States"
"9580","Bioventix","BVXP.L","122254495","23.3986","United Kingdom"
"9581","Sound Financial Bancorp","SFBC","122238840","47.6","United States"
"9582","Seritage Growth Properties","SRG","122224400","2.17","United States"
"9583","Quanterix","QTRX","122016104","2.58","United States"
"9584","Møns Bank","MNBA.CO","121957857","60.9789","Denmark"
"9585","Captor Therapeutics","CTX.WA","121874768","19.2432","Poland"
"9586","SRP Groupe (Showroomprive.com)","SRP.PA","121716498","1.05129","France"
"9587","Rupa Company","RUPA.NS","121604714","1.52876","India"
"9588","The Platform Group","TPG.F","121387090","5.89726","Germany"
"9589","BHM Capital Financial Services","BHMCAPITAL.AE","120617545","0.262212","United Arab Emirates"
"9590","Tucows","TCX","120543168","10.78","Canada"
"9591","Dhampur Sugar Mills","DHAMPURSUG.NS","120541732","1.87449","India"
"9592","AGROB Immobilien","AGR.F","120530574","30.9338","Germany"
"9593","VivoPower","VIVO","120438408","3.92","United Kingdom"
"9594","Peninsula Energy","PEN.AX","120200234","0.210314","Australia"
"9595","Fonar Corporation","FONR","120195888","19.09","United States"
"9596","Akatsuki Corp.","8737.T","120023269","3.96538","Japan"
"9597","Vaxart","VXRT","119769568","0.4925","United States"
"9598","Rani Therapeutics","RANI","119750728","0.8522","United States"
"9599","Kalray","ALKAL.PA","119713241","6.48913","France"
"9600","Lakeland Industries","LAKE","119712960","12.13","United States"
"9601","Franchi Umberto Marmi","FUM.MI","119664036","3.66322","Italy"
"9602","Al Omaniya Financial Services","AOFS.OM","119612685","0.379221","Oman"
"9603","ALT5 Sigma","ALTS","119560224","0.855","United States"
"9604","Energys Group","ENGS","119331120","2.68","United Kingdom"
"9605","U.S. GoldMining","USGO","119303760","8.5","United States"
"9606","Livestock Transport and Trading Company","CATTL.KW","119287029","570.17","Kuwait"
"9607","GEOX","GEO.MI","119232162","0.325619","Italy"
"9608","CALIDA Holding","CALN.SW","118219521","16.9164","Switzerland"
"9609","Union Bankshares","UNB","118033136","23.865","United States"
"9610","KULR Technology Group","KULR","118014816","2.55","United States"
"9611","IG Design Group","IGR.L","117914157","1.29842","United Kingdom"
"9612","Balaji Telefilms","BALAJITELE.NS","117818445","0.966499","India"
"9613","Methanol Chemicals Company","2001.SR","117606328","7.84042","Saudi Arabia"
"9614","Bloober Team","6BO.SG","117487448","6.09373","Poland"
"9615","Nama Chemicals Company","2210.SR","117383899","4.99081","Saudi Arabia"
"9616","The Joint Corp.","JYNT","117105312","8.28","United States"
"9617","ArcticZymes Technologies ASA","AZT.OL","117048244","2.29186","Norway"
"9618","Nautilus Biotechnology","NAUT","117011176","0.9195","United States"
"9619","SIEC (Saudi Industrial Export Company)","4140.SR","117005513","0.60188","Saudi Arabia"
"9620","MRM","MRM.PA","116992105","36.549","France"
"9621","Fujairah Building Industries","FBI.AE","116636884","0.86","United Arab Emirates"
"9622","Nanexa AB","NANEXA.ST","116607242","0.610392","Sweden"
"9623","Provident Financial Holdings","PROV","116072576","18.53","United States"
"9624","Sadr Logistics Company","1832.SR","116048368","0.663134","Saudi Arabia"
"9625","Bellevue Group","BBN.SW","115809604","8.6935","Switzerland"
"9626","Serverworks","4434.T","115719222","15.6048","Japan"
"9627","DATA MODUL","DAM.DE","115639419","32.7945","Germany"
"9628","Ash-Sharqiyah Development","6060.SR","115529043","3.85097","Saudi Arabia"
"9629","Ateam","3662.T","115321722","6.20472","Japan"
"9630","Fury Gold Mines","FURY","115048984","0.6051","Canada"
"9631","National Metal Manufacturing and Casting","2220.SR","114923430","3.24642","Saudi Arabia"
"9632","Méliuz","CASH3.SA","114836077","1.10237","Brazil"
"9633","Indel B S.p.A.","INDB.MI","114812151","21.9793","Italy"
"9634","Cake Box Holdings","CBOX.L","114558541","2.6036","United Kingdom"
"9635","Response Plus Holding","RPM.AE","114354169","0.57","United Arab Emirates"
"9636","Carbios SAS","ALCRB.PA","114189929","6.76823","France"
"9637","Genelux","GNLX","114018248","2.52","United States"
"9638","The Securities House","SECH.KW","113972827","291.24","Kuwait"
"9639","Jubilee Metals Group","JLP.L","113875680","0.0336778","United Kingdom"
"9640","VIGO Photonics","VGO.WA","113717274","129.992","Poland"
"9641","Burning Rock Biotech","BNR","113689576","10.78","China"
"9642","Wynnstay Group","WYN.L","113640287","4.9367","United Kingdom"
"9643","Serko Limited","SKO.NZ","113538702","0.900106","New Zealand"
"9644","OMER S.p.A.","OMER.MI","113222924","3.95395","Italy"
"9645","Tamil Nadu Newsprint and Papers Limited","TNPL.NS","113081219","1.63387","India"
"9646","Wielton","WLT.WA","113073674","1.42373","Poland"
"9647","Robert Walters","RWA.L","112988946","1.7177","United Kingdom"
"9648","Dhofar Food & Investment SAOG","DFIN.OM","112958245","0.571429","Oman"
"9649","REC Silicon","RECSI.OL","112735706","0.024446","Norway"
"9650","Haffner Energy","ALHAF.PA","112265371","0.618677","France"
"9651","Zain Bahrain","ZAINBH.BH","112254641","0.644562","Bahrain"
"9652","Merkur PrivatBank","MBK.DE","112171760","14.4203","Germany"
"9653","ADLPartner (Dékuple)","DKUPL.PA","112161135","28.1428","France"
"9654","Norcod AS","NCOD.OL","112097376","1.41492","Norway"
"9655","Jazan Development and Investment (JAZADCO)","6090.SR","111987004","2.23974","Saudi Arabia"
"9656","Kuwait and Middle East Financial Investment Company","KMEFIC.KW","111895815","508.617","Kuwait"
"9657","Edel SE &amp; Co. KGaA","EDL.DE","111828325","5.25643","Germany"
"9658","Mayar Holding Company","9568.SR","111825048","0.932115","Saudi Arabia"
"9659","EROAD Limited","ERD.NZ","111759425","0.594188","New Zealand"
"9660","ORIOR AG","ORON.SW","111637458","17.0898","Switzerland"
"9661","Filling and Packing Materials Manufacturing Company","2180.SR","111603505","9.70465","Saudi Arabia"
"9662","Stabilis Solutions","SLNG","111577800","6","United States"
"9663","Chapel Down Group","CDGP.L","111355327","0.64921","United Kingdom"
"9664","AS Harju Elekter","HAE1T.TL","111284510","5.98955","Estonia"
"9665","Lhyfe SA","LHYFE.PA","111222673","2.3119","France"
"9666","Vocento","VOC.MC","111198316","0.923363","Spain"
"9667","Definitive Healthcare","DH","111014496","1.04","United States"
"9668","Magnachip Semiconductor","MX","110990736","3.04","Luxembourg"
"9669","National Gypsum Company","2090.SR","110899538","3.50209","Saudi Arabia"
"9670","Cherry Hill Mortgage Investment","CHMI","110563360","2.95","United States"
"9671","The Pebble Group plc","PEBB.L","110547613","0.797987","United Kingdom"
"9672","TCM Group A/S","TCM.CO","110507368","10.6713","Denmark"
"9673","Clere AG","CAG0.HM","110489946","14.1877","Germany"
"9674","Guerbet","GBT.PA","110444517","8.80335","France"
"9675","Talga Group","TLG.AX","110399058","0.216076","Australia"
"9676","Record Financial Group","REC.L","110134401","0.564001","United Kingdom"
"9677","Grange Resources","GRR.AX","110032213","0.0950735","Australia"
"9678","Speedy Hire","SDY.L","109872185","0.238314","United Kingdom"
"9679","Fractyl Health","GUTS","109404312","0.6873","United States"
"9680","CDL Investments New Zealand Limited","CDI.NZ","109334565","0.373573","New Zealand"
"9681","Gaming Realms","GMR.L","109318322","0.405756","United Kingdom"
"9682","Asiya Capital Investments Company","ASIYA.KW","109309901","136.711","Kuwait"
"9683","Oncolytics Biotech","ONCY","109212752","0.8565","Canada"
"9684","Yellow Pages (Canada)","Y.TO","109027931","9.43205","Canada"
"9685","GreenTree Hospitality Group","GHG","108969120","1.08","China"
"9686","Chegg","CHGG","108673696","0.9788","United States"
"9687","Answear.com","ANR.WA","108606540","5.72424","Poland"
"9688","Al-Etihad Cooperative Insurance","8170.SR","108258543","2.16517","Saudi Arabia"
"9689","Dar Al-Thuraya Real Estate","THURAYA.KW","108209149","738.629","Kuwait"
"9690","Majestic Gold","MJS.V","108200846","0.0761234","Canada"
"9691","Venu Holding Corporation","VENU","107924256","1.92","United States"
"9692","Apex Critical Metals","KL9.F","107683824","1.11641","Canada"
"9693","Suominen","SUY1V.HE","107668436","0.797767","Finland"
"9694","Sogeclair","ALSOG.PA","107666408","35.2367","France"
"9695","Firefly AB","FIRE.ST","107630368","17.9342","Sweden"
"9696","Seer Inc","SEER","107421712","1.94","United States"
"9697","CTEK AB","CTEK.ST","107149410","1.53122","Sweden"
"9698","Lokum Deweloper","LKD.WA","107062116","5.9479","Poland"
"9699","Eurofins-Cerep","ALECR.PA","106757530","21165.3","France"
"9700","Coya Therapeutics","COYA","106733216","4.55","United States"
"9701","Bertrandt","BDT.DE","106709376","10.5594","Germany"
"9702","Ticketplus","TP","106582168","8.9","Chile"
"9703","Comet Ridge","COI.AX","106419479","0.0633823","Australia"
"9704","Dubai National Insurance & Reinsurance Company","DNIR.AE","106297994","0.920329","United Arab Emirates"
"9705","Foodco National Foodstuff","FNF.AE","105971086","0.38","United Arab Emirates"
"9706","LACROIX Group SA","LACR.PA","105955204","22.5608","France"
"9707","Investigator Resources","IVR.AX","105790865","0.0403342","Australia"
"9708","Devyser Diagnostics","DVYSR.ST","105574012","6.25075","Sweden"
"9709","Kewaunee Scientific Corporation","KEQU","105561200","36.8","United States"
"9710","First Northwest Bancorp","FNWB","105483808","11.09","United States"
"9711","Caesarstone","CSTE","105460080","3.05","Israel"
"9712","HilleVax","HLVX","104762376","2.09","United States"
"9713","Riverview Bancorp","RVSB","104754224","5.25","United States"
"9714","Swvl Holdings","SWVL","104629720","5.52","United Arab Emirates"
"9715","Renascor Resources","RNU.AX","104534397","0.0410545","Australia"
"9716","AB Kauno Energija","KNR1L.VS","104529011","2.44214","Lithuania"
"9717","Softstar Entertainment","6111.TWO","104310198","1.18248","Taiwan"
"9718","Bastei Lübbe","BST.DE","104204405","7.95441","Germany"
"9719","Townsquare Media","TSQ","104102664","5.71","United States"
"9720","SergeFerrari Group","SEFER.PA","104076312","9.11002","France"
"9721","INOVEST","INOVEST.BH","104023344","0.115","Bahrain"
"9722","Hong Kong Technology Venture Company (HKTV)","1137.HK","103987323","0.131384","Hong Kong"
"9723","Cheetah Mobile","CMCM","103979400","3.35","China"
"9724","Lemonsoft","LEMON.HE","103881531","5.83789","Finland"
"9725","BAIOO Family Interactive","2100.HK","103848009","0.0363539","China"
"9726","Wrap Technologies","WRAP","103784480","1.68","United States"
"9727","Anixa Biosciences","ANIX","103770344","3.05","United States"
"9728","Fleury Michon","ALFLE.PA","103750557","25.1192","France"
"9729","Vertical Aerospace","EVTL","103034192","0.6","United Kingdom"
"9730","Peter Warren Automotive Holdings Limited","PWR.AX","102976471","0.59781","Australia"
"9731","Forsys Metals","FSY.TO","102904840","0.420491","Canada"
"9732","Encounter Resources","ENR.AX","102893475","0.183665","Australia"
"9733","Here Group Limited","HERE","102786920","1.89","China"
"9734","Dhofar Insurance Company SAOG","DICS.OM","102751525","0.883117","Oman"
"9735","Unitech Group","UNITECH.NS","102741219","0.0392696","India"
"9736","maison pommery &amp; associes","POMRY.PA","102728829","11.5595","France"
"9737","NWF Group plc","NWF.L","102635364","2.06936","United Kingdom"
"9738","Anaam International","4061.SR","102597937","3.25708","Saudi Arabia"
"9739","Sitowise Group Oyj","SITOWS.HE","102547199","2.8608","Finland"
"9740","INNOVATE Corp.","VATE","101768320","7.46","United States"
"9741","Arab Sea Information Systems Company","7201.SR","101733735","1.01734","Saudi Arabia"
"9742","Ultralife Corporation","ULBI","101645936","6.1","United States"
"9743","Creepy Jar","CRJ.WA","101640805","145.333","Poland"
"9744","Bait Vegag Real Estate Development","BVGG.TA","101585093","1.84043","Israel"
"9745","Banqup Group SA","BANQ.BR","101503533","2.73288","Belgium"
"9746","coly","4175.T","101440339","18.4345","Japan"
"9747","LENSAR","LNSR","101358384","8.25","United States"
"9748","United Foods Company","UFC.AE","101311062","3.34913","United Arab Emirates"
"9749","ACRES Commercial Realty","ACR","100833768","14.14","United States"
"9750","Mekdam Holding Group","MKDM.QA","100832410","0.558242","Qatar"
"9751","Nova Klúbburinn","NOVA.IC","100777983","0.0290789","Iceland"
"9752","Atturra","ATA.AX","100744987","0.273696","Australia"
"9753","Tile Shop Holdings","TTSH","100350784","2.52","United States"
"9754","Siebert Financial","SIEB","100305296","2.45","United States"
"9755","Ras Alkhaima National Insurance","RAKNIC.AE","99714264","0.82","United Arab Emirates"
"9756","Grupa Kapitałowa Immobile","GKI.WA","99646782","1.32953","Poland"
"9757","ReneSola","SOL","99563952","1.94","United States"
"9758","4basebio","4BB.L","99482204","6.42448","United Kingdom"
"9759","PGG Wrightson","PGW.NZ","99473076","1.3178","New Zealand"
"9760","Iceland Seafood International","ICESEA.IC","99238016","0.0323833","Iceland"
"9761","Logistic Properties of the Americas","LPA","99216736","3.13","United States"
"9762","Polaryx Therapeutics","PLYX","99193528","1.99","United States"
"9763","Atlas Lithium","ATLX","99028352","3.29","United States"
"9764","clearvise AG","ABO.DE","99025171","1.31411","Germany"
"9765","Alijarah Holding","NLCS.QA","98960393","0.2","Qatar"
"9766","Arq Inc.","ARQ","98909120","2.265","United States"
"9767","Zevia","ZVIA","98827024","1.37","United States"
"9768","Orthex Oyj","ORTHEX.HE","98717674","5.55879","Finland"
"9769","Allied Tecnologia","ALLD3.SA","98444289","1.02587","Brazil"
"9770","Gateway Real Estate","GTY.F","98360582","0.350041","Germany"
"9771","Al Gassim Investment Holding","6020.SR","98271592","3.27572","Saudi Arabia"
"9772","Hyosung ITX","094280.KS","98183205","8.89472","South Korea"
"9773","Metatek-Group","MTEK.TO","98143178","1.99371","United Kingdom"
"9774","Crossject","ALCJ.PA","98008187","1.63507","France"
"9775","Pathfinder Bancorp","PBHC","97946208","15.5999","United States"
"9776","Osoul Investment Company","OSOUL.KW","97887360","774.265","Kuwait"
"9777","Otovo ASA","OTOVO.OL","97674483","1.22663","Norway"
"9778","CeoTronics","CEK.DE","97627166","12.234","Germany"
"9779","SMN Power Company","SMNP.OM","97484399","0.488312","Oman"
"9780","Park Dental Partners","PARK","97435728","20.49","United States"
"9781","Broadwind","BWEN","97231800","4.11","United States"
"9782","Cullman Bancorp","CULL","97126136","16.9","United States"
"9783","Innoviz Technologies","INVZ","97123296","0.3258","Israel"
"9784","Pulmonx","LUNG","97063088","2.26","United States"
"9785","Getty Images","GETY","96982880","0.2338","United States"
"9786","Miko Group","MIKO.BR","96771718","77.916","Belgium"
"9787","Microbot Medical","MBOT","96717312","1.44","United States"
"9788","National Consumer Holding Company","NCCI.KW","96702087","322.34","Kuwait"
"9789","GAM Holding AG","GAM.SW","96666461","0.086935","Switzerland"
"9790","ACTIA Group","ALATI.PA","96461775","4.80288","France"
"9791","Euroapi","EAPI.PA","96359205","1.00826","France"
"9792","EcoSynthetix","ECO.TO","96317018","1.63846","Canada"
"9793","KLab","3656.T","96315404","1.21271","Japan"
"9794","Unitronics","UNIT.TA","96187449","6.87419","Israel"
"9795","Aptera Motors","SEV","96087200","2.37","United States"
"9796","Fluent","FLNT","96085544","3.04","United States"
"9797","SelectQuote","SLQT","95967504","0.5435","United States"
"9798","gumi","3903.T","95794504","1.77736","Japan"
"9799","Atara Biotherapeutics","ATRA","95659376","9.53","United States"
"9800","Takween Advanced Industries","1201.SR","95506940","1.24903","Saudi Arabia"
"9801","Norse Atlantic ASA","NORSE.OL","95487923","0.0322797","Norway"
"9802","Zomedica Pharmaceuticals","ZOM","95349136","0.0973","United States"
"9803","Braemar","BMS.L","95178525","2.97555","United Kingdom"
"9804","Virco Manufacturing","VIRC","95163736","6.05","United States"
"9805","PCC Exol","PCX.WA","95138706","0.546345","Poland"
"9806","HF Foods Group","HFFG","95135168","1.765","United States"
"9807","Orion Energy Systems","OESX","94789648","23.18","United States"
"9808","Sawaeed Holding","SAWAEED.AE","94614169","1.85","United Arab Emirates"
"9809","Fevara","FVA.L","94570021","1.8259","United Kingdom"
"9810","R. Stahl AG","RSL2.DE","94364461","14.6529","Germany"
"9811","Xlife Sciences","XLS.SW","94281055","16.3467","Switzerland"
"9812","GrowGeneration","GRWG","94272720","1.6","United States"
"9813","Nanoform Finland","NANOFS.ST","94255372","1.09913","Finland"
"9814","Buzzfeed","BZFD","94168248","1.13","United States"
"9815","Dolphin Drilling","DDRIL.OL","94098379","0.231338","Norway"
"9816","Ringmetall","HP3A.DE","93978286","3.23293","Germany"
"9817","Accendra Health","ACH","93823744","1.22","United States"
"9818","Cavatina Holding Spólka Akcyjna","CAV.WA","93749777","3.68716","Poland"
"9819","Himatsingka Seide","HIMATSEIDE.NS","93592995","0.744324","India"
"9820","Vera Bradley","VRA","93277464","3.28","United States"
"9821","The NAGA Group","N4G.DE","93222617","0.40047","Germany"
"9822","Michelmersh Brick Holdings plc","MBH.L","93081403","1.01439","United Kingdom"
"9823","CyberStep","3810.T","93029647","1.13571","Japan"
"9824","Emperor International","0163.HK","92881648","0.0168376","Hong Kong"
"9825","Maytronics","MTRN.TA","92591986","0.843726","Israel"
"9826","Drilling Tools International","DTI","92439424","2.62","United States"
"9827","Intercede Group plc","IGP.L","92303292","1.52159","United Kingdom"
"9828","Kuwait Foundry Company K.S.C.P.","KFOUC.KW","92231438","1418.95","Kuwait"
"9829","Elevate Uranium","EL8.AX","92208438","0.195909","Australia"
"9830","MediaCo Holding","MDIA","92144576","1.0967","United States"
"9831","Verrica Pharmaceuticals","VRCA","92078304","5.36","United States"
"9832","Smith Douglas Homes","SDHC","92065552","10.97","United States"
"9833","FriendTimes","6820.HK","92011211","0.0440074","China"
"9834","Martin Midstream Partners","MMLP","91943016","2.35","United States"
"9835","Kuwait Emirates Holding Company","EMIRATES.KW","91941753","521.576","Kuwait"
"9836","Prevas AB","PREV-B.ST","91894014","7.13173","Sweden"
"9837","mwb fairtrade AG","MWB0.DE","91778458","12.327","Germany"
"9838","Al Sagr Cooperative Insurance Company","8180.SR","91720153","3.05734","Saudi Arabia"
"9839","Infant Bacterial Therapeutics AB","IBT-B.ST","91694694","6.80661","Sweden"
"9840","Groupe Minoteries SA","GMI.SW","91541795","277.399","Switzerland"
"9841","Amana Cooperative Insurance Company","8310.SR","91499104","2.12789","Saudi Arabia"
"9842","Raysut Cement","RCCI.OM","91428574","0.457143","Oman"
"9843","AudioEye","AEYE","91318680","7.265","United States"
"9844","CBAK Energy Technology","CBAT","91305216","1.03","China"
"9845","Kooth plc","KOO.L","91295156","2.51569","United Kingdom"
"9846","Pioneer Credit","PNC.AX","91271953","0.475367","Australia"
"9847","Takaful Emarat - Insurance","TAKAFUL-EM.AE","91225006","0.438382","United Arab Emirates"
"9848","Momentus Inc.","MNTS","91148112","4.15","United States"
"9849","Arabian International Healthcare Holding","9530.SR","91080988","4.55405","Saudi Arabia"
"9850","Gascogne Groupe","ALBI.PA","91051871","2.41889","France"
"9851","Al Manar Financing and Leasing Company","ALMANAR.KW","90890256","372.554","Kuwait"
"9852","SkinHealth Systems","SKIN","90708112","0.697","United States"
"9853","Vistin Pharma","VISTN.OL","90657110","2.04438","Norway"
"9854","BCP Investment Corporation","BCIC","90400664","7.3","United States"
"9855","Victoria PLC","VCP.L","90400625","0.781081","United Kingdom"
"9856","Fortress Biotech","FBIO","90381192","2.71","United States"
"9857","Topps Tiles","TPT.L","90305527","0.46121","United Kingdom"
"9858","Nilörngruppen","NIL-B.ST","90165013","7.90783","Sweden"
"9859","Drecom","3793.T","90143453","3.1569","Japan"
"9860","AB Pieno Zvaigzdes","PZV1L.VS","90016895","1.99442","Lithuania"
"9861","Golden Matrix Group","GMGI","89996768","0.6372","United States"
"9862","Interlink Electronics","LINK","89794432","5.7","United States"
"9863","Viomi Technology","VIOT","89690040","1.36","China"
"9864","Rallybio","RLYB","89614672","16.875","United States"
"9865","Ascend Wellness (AWH)","AAWH","89413624","0.44","United States"
"9866","Aldeyra Therapeutics","ALDX","89283104","1.48","United States"
"9867","Delfingen Industry","ALDEL.PA","89197721","34.3063","France"
"9868","PhenixFIN","PFX","89051000","46.11","United States"
"9869","Air T, Inc.","AIRT","88849976","32.95","United States"
"9870","Hyperfine","HYPR","88762736","0.837","United States"
"9871","AMC Robotics Corporation","AMCI","88648536","3.82","United States"
"9872","Bien Sparebank","BIEN.OL","88621498","15.6018","Norway"
"9873","BioPorto","BIOPOR.CO","88535907","0.178826","Denmark"
"9874","Yiren Digital","YRD","88363344","1.01","China"
"9875","Rottneros","RROS.ST","88348291","0.330891","Sweden"
"9876","Adicet Bio","ACET","88278856","9.43","United States"
"9877","Acrivon Therapeutics","ACRV","88277920","2.06","United States"
"9878","Real-Estate Trade Centers Company (Marakez)","MARAKEZ.KW","88173838","618.764","Kuwait"
"9879","SAICO (Saudi Arabian Cooperative Insurance Company)","8100.SR","87805268","2.92684","Saudi Arabia"
"9880","Panasonic Manufacturing Malaysia Berhad","3719.KL","87692935","1.44361","Malaysia"
"9881","Groupe LDLC","ALLDL.PA","87598298","14.3505","France"
"9882","Apetit Oyj","APETIT.HE","87560554","14.0133","Finland"
"9883","Ispire Technology","ISPR","87247080","1.52","United States"
"9884","SYLA Holdings","8887.T","87165306","2.35484","Japan"
"9885","Laox Holdings","8202.T","86812170","0.949637","Japan"
"9886","Senergy Holding Company K.S.C.P.","SENERGY.KW","86632798","858.494","Kuwait"
"9887","Velo3D","VLDX","86513896","6.15","United States"
"9888","XXL ASA","XXL.OL","86472902","0.988001","Norway"
"9889","Union Insurance Company","UNION.AE","86451015","0.35","United Arab Emirates"
"9890","Oman United Insurance","OUIC.OM","86181820","0.820779","Oman"
"9891","OSE Immunotherapeutics","OSE.PA","86155711","3.57018","France"
"9892","Vitura SA","VTR.PA","86042684","5.0471","France"
"9893","Blink Charging","BLNK","86035624","0.5936","United States"
"9894","Pharol, SGPS S.A.","PHR.LS","86014737","0.104663","Portugal"
"9895","Noodles &amp; Company","NDLS","85919904","14.4","United States"
"9896","Scully Royalty","SRL","85876616","5.64","China"
"9897","Gossamer Bio","GOSS","85841488","0.1756","United States"
"9898","Summit State Bank","SSBI","85695136","12.6644","United States"
"9899","Abitare In S.p.A.","ABT.MI","85610792","3.34923","Italy"
"9900","Antalpha Platform","ANTA","85491064","3.56","Singapore"
"9901","Thryv","THRY","85323096","1.92","United States"
"9902","CGRE AG","CGX.F","85126178","14.1877","Germany"
"9903","Quantum Graphite","QGL.AX","85077070","0.241285","Australia"
"9904","Sterling Tools","STERTOOLS.NS","84933813","2.33691","India"
"9905","Casino Guichard-Perrachon","CO.PA","84784752","0.211885","France"
"9906","Creo Medical Group","CREO.L","84596957","0.174137","United Kingdom"
"9907","OS Therapies","OSTX","84576840","1.82","United States"
"9908","Athos Immobilien","ATH.VI","84388780","48.3777","Austria"
"9909","OEX S.A.","OEX.WA","84244537","13.2621","Poland"
"9910","Micware Co., Ltd.","MWC","84078472","1.415","Japan"
"9911","Taageer Finance","TFCI.OM","84001949","0.296104","Oman"
"9912","Al Anwar Ceramic Tiles","AACT.OM","84000002","0.381818","Oman"
"9913","Nexstim","NXTMH.HE","83968201","11.606","Finland"
"9914","SunPower","SPWR","83936376","0.402","United States"
"9915","Warba Capital Holding Company","WARBACAP.KW","83873112","2795.78","Kuwait"
"9916","Zephyr Energy plc","ZPHR.L","83817375","0.0398994","United Kingdom"
"9917","Al Madar Kuwait Holding Company","MADAR.KW","83655372","404.95","Kuwait"
"9918","iBio","IBIO","83599432","1.3","United States"
"9919","Al Fujairah National Insurance Company","AFNIC.AE","83352848","62.62","United Arab Emirates"
"9920","Scherzer &amp; Co. AG","PZS.DE","83311083","3.11664","Germany"
"9921","Kokuyo Camlin","KOKUYOCMLN.NS","83279502","0.830273","India"
"9922","11 bit studios","11B.WA","83270931","34.4493","Poland"
"9923","Surf Air Mobility","SRFM","83262032","0.6734","United States"
"9924","PodcastOne","PODC","83194912","2.75","United States"
"9925","IBU-tec advanced materials AG","IBU.DE","83134672","17.502","Germany"
"9926","Saudi Vitrified Clay Pipe Company","2360.SR","83051484","5.53677","Saudi Arabia"
"9927","electroCore","ECOR","83036304","9.21","United States"
"9928","Austin Engineering","ANG.AX","83027597","0.133247","Australia"
"9929","Omer-Decugis & Cie","ALODC.PA","82945264","9.76858","France"
"9930","Veritone","VERI","82776624","0.824","United States"
"9931","Aura Energy","AURA.L","82728985","0.0811513","Australia"
"9932","Great Elm Capital","GECC","82644008","5.95","United States"
"9933","Charlotte's Web","CWEB.TO","82606484","0.304493","United States"
"9934","Asetek","ASTK.CO","82564016","0.260469","Denmark"
"9935","LUDWIG BECK am Rathauseck - Textilhaus Feldmeier","ECK.DE","82502617","22.3282","Germany"
"9936","Alan Allman Associates","AAA.PA","82416337","1.81416","France"
"9937","Jushi Holdings","JUSHF","82261016","0.41193","United States"
"9938","Kuwait Resorts Company","MUNTAZAHAT.KW","82232086","391.992","Kuwait"
"9939","Alliance Aviation Services","AQZ.AX","82231936","0.493374","Australia"
"9940","Hennessy Advisors","HNNA","82126824","10.39","United States"
"9941","Galfar Engineering and Contracting","GECS.OM","81721818","0.402597","Oman"
"9942","Esterad Investment Company","ESTERAD.BH","81684609","0.899204","Bahrain"
"9943","Hily Holding","HH.AE","81681549","0.68","United Arab Emirates"
"9944","Advanced Flower Capital","AFCG","81601776","3.62","United States"
"9945","LanzaTech Global","LNZA","81545488","6.23","United States"
"9946","Ebixcash India","EBIXFOREX.NS","81507586","7.31","India"
"9947","Wiener Privatbank","WPB.VI","81480442","16.281","Austria"
"9948","United Finance Co. SAOG","UFCI.OM","81400527","0.228571","Oman"
"9949","Tigo Energy","TYGO","81380128","1.06","United States"
"9950","Hoffmann Green Cement Technologies","ALHGR.PA","81350418","4.60519","France"
"9951","OKYO Pharma","OKYO","81343264","1.55","United Kingdom"
"9952","Cantourage Group SE","HIGH.DE","81342175","6.79149","Germany"
"9953","DelfinGroup AS","DGR1R.RG","81172583","1.78509","Latvia"
"9954","Banader Hotels Company","BANADER.BH","81106824","0.695145","Bahrain"
"9955","High Co.","HCO.PA","81005913","4.08768","France"
"9956","Lake Resources NL","LKE.AX","80981454","0.0324114","Australia"
"9957","MAIA Biotechnology","MAIA","80909496","1.33","United States"
"9958","Vince Holding","VNCE","80681008","6.28","United States"
"9959","Moulinvest","ALMOU.PA","80583845","26.631","France"
"9960","National Hotels Company (Bahrain)","NHOTEL.BH","80421087","0.503979","Bahrain"
"9961","Water Intelligence plc","WATR.L","80291260","4.7744","United Kingdom"
"9962","CVRx","CVRX","80191200","3.01","United States"
"9963","Agfa-Gevaert","AGFB.BR","80119940","0.517502","Belgium"
"9964","SoundThinking 
 (ShotSpotter)","SSTI","80035840","6.08","United States"
"9965","PWO AG","PWO.DE","79951157","25.5844","Germany"
"9966","Orosur Mining","OMI.V","79948668","0.199371","Canada"
"9967","Grand Twins International Cambodia","GTI.KH","79806919","2","Cambodia"
"9968","Telomir Pharmaceuticals","TELO","79778952","1.16","United States"
"9969","MediciNova","MNOV","79738424","1.62","United States"
"9970","New Fortress Energy","NFE","79663504","0.2789","United States"
"9971","Arbe Robotics","ARBE","79602064","0.6248","Israel"
"9972","ALBA SE","ABA.F","79586725","8.08808","Germany"
"9973","Premier Miton Group plc","PMI.L","79562446","0.500433","United Kingdom"
"9974","Heidmar Maritime Holdings","HMR","79049280","1.34","Greece"
"9975","Enigmatig","EGG","78974664","2.82","Singapore"
"9976","InterCure","INCR","78919816","5.26","Israel"
"9977","The Italian Sea Group","TISG.MI","78892895","1.48855","Italy"
"9978","Icape Holding","ALICA.PA","78874809","10.0012","France"
"9979","Quick Heal","QUICKHEAL.NS","78761697","1.4516","India"
"9980","Elica S.p.A.","ELC.MI","78692006","1.34318","Italy"
"9981","Kellton Tech Solutions","KELLTONTEC.NS","78691201","0.148082","India"
"9982","Upexi","UPXI","78594032","1.07","United States"
"9983","Microlise","SAAS.L","78435055","0.676261","United Kingdom"
"9984","OQIC Oman Qatar Insurance Company","OQIC.OM","78306165","0.485714","Oman"
"9985","Sono-Tek Corporation","SOTK","78269280","4.98","United States"
"9986","Nankai Tatsumura Construction","1850.T","78229444","2.79116","Japan"
"9987","Villars Holding","VILN.SW","78189226","749.226","Switzerland"
"9988","WISeKey International","WKEY","78166768","6.58","Switzerland"
"9989","Blackboxstocks","BLBX","78138184","18.15","United States"
"9990","Western Bulk","WEST.OL","78136757","2.32413","Norway"
"9991","Sera Prognostics","SERA","78109936","1.98","United States"
"9992","Feiyu Technology International Company","1022.HK","78104174","0.0446452","China"
"9993","Usio","USIO","78077432","2.74","United States"
"9994","Marchex","MCHX","78034680","1.76","United States"
"9995","CombinedX","CX.ST","77834305","3.99587","Sweden"
"9996","Silvercrest Asset Management Group","SAMG","77826728","9.95","United States"
"9997","The InterGroup Corporation","INTG","77701040","36.16","United States"
"9998","Fairwood Holdings","0052.HK","77669628","0.599521","Hong Kong"
"9999","Railcare Group AB","RAIL.ST","77642188","3.17782","Sweden"
"10000","Dlala Brokerage and Investment Holding Company","DBIS.QA","77410178","0.406593","Qatar"
"10001","Umbrella Global Energy","UMB.MC","77216686","3.58181","Spain"
"10002","Steel Connect","STCN","77168096","12.18","United States"
"10003","Alcadon Group AB","ALCA.ST","77120326","3.14635","Sweden"
"10004","Credit Rating And Collection Company","TAHSSILAT.KW","76972911","466.503","Kuwait"
"10005","Ideal Power","IPWR","76749840","4.67","United States"
"10006","GCL Global Holdings Ltd","GCL","76702816","0.5992","Singapore"
"10007","Ekopak","EKOP.BR","76636358","4.37842","Belgium"
"10008","Lifevantage","LFVN","76479456","6.105","United States"
"10009","Naseej International Trading Company","1213.SR","76445332","4.45019","Saudi Arabia"
"10010","Northern Technologies International","NTIC","76216976","8.0296","United States"
"10011","Home Federal Bancorp (HFB Bank)","HFBL","76152552","25.03","United States"
"10012","Haulotte Group","PIG.PA","76007048","2.5817","France"
"10013","ad pepper media International","APM.DE","75909111","3.11664","Germany"
"10014","Cingulate","CING","75908328","5.22","United States"
"10015","Full House Resorts","FLL","75121184","2.05","United States"
"10016","Ekinops","EKI.PA","75057988","2.77939","France"
"10017","InfraCom Group AB","INFRA.ST","75028994","2.1605","Sweden"
"10018","Wallbox","WBX","74947712","3.09","Spain"
"10019","Kapsch TrafficCom","KTCG.VI","74834283","5.23317","Austria"
"10020","Mashaer Holding Company K.S.C.P.","MASHAER.KW","74830537","466.503","Kuwait"
"10021","Mubarrad Holding Company","MUBARRAD.KW","74772192","456.784","Kuwait"
"10022","Comscore","SCOR","74706888","4.92","United States"
"10023","Aqar Real Estate Investments Company","AQAR.KW","74607659","333.679","Kuwait"
"10024","Titanium Oyj","TITAN.HE","74542352","7.09385","Finland"
"10025","CMGE Technology Group","0302.HK","74507169","0.0248738","China"
"10026","Battalion Oil","BATL","74466800","1.3","United States"
"10027","Alithya Group","ALYA.TO","74362721","0.768483","Canada"
"10028","Planet Image International","YIBO","74042776","1.25","China"
"10029","Town Centre Securities","TOWN.L","73856121","1.75828","United Kingdom"
"10030","Guillemot Corporation","GUI.PA","73809215","5.11687","France"
"10031","NSTS Bancorp","NSTS","73648896","14.02","United States"
"10032","Research Solutions","RSSS","73584568","2.2","United States"
"10033","Shengfeng Development","SFWL","73480536","0.8907","China"
"10034","Al Kathiri Holding Company","3008.SR","73443686","0.324909","Saudi Arabia"
"10035","Pullup Entertainment","ALPUL.PA","73438712","9.18711","France"
"10036","G8 Education","GEM.AX","73354770","0.0950735","Australia"
"10037","The9","NCTY","73311000","4.8","China"
"10038","FC Porto","FCP.LS","73264008","3.25619","Portugal"
"10039","Erbud","ERB.WA","73204935","6.13629","Poland"
"10040","MGI Digital Technology","ALMDG.PA","73127271","11.9781","France"
"10041","Largo","LGO","73070440","0.7085","Canada"
"10042","Oman Reinsurance","ORIC.OM","73028381","0.220779","Oman"
"10043","Rein Therapeutics","RNTX","72774864","0.8436","United States"
"10044","Development Works Food Company","6013.SR","72704999","24.235","Saudi Arabia"
"10045","LeonaBio","LONA","72546800","7.7","United States"
"10046","Airship AI","AISP","72323072","2.1","United States"
"10047","Airtasker","ART.AX","72244059","0.147652","Australia"
"10048","Regis Corporation","RGS","71964808","28.8","United States"
"10049","Hayah Insurance Company","HAYAH.AE","71881723","0.36","United Arab Emirates"
"10050","United Homes Group","UHG","71769208","1.22","United States"
"10051","AMTD IDEA Group","AMTD","71657056","0.755","Hong Kong"
"10052","Scana ASA","SCANA.OL","71565763","0.154942","Norway"
"10053","Sino-Entertainment Technology","6933.HK","71519511","0.167101","China"
"10054","Rekor Systems","REKR","71515920","0.5196","United States"
"10055","Rapala VMC Corporation","RAP1V.HE","71390911","1.87231","Finland"
"10056","Westwater Resources","WWR","71340624","0.5549","United States"
"10057","McPhy Energy","MCPHY.PA","71172382","2.53774","France"
"10058","Spero Therapeutics","SPRO","71046488","1.22","United States"
"10059","Kamux","KAMUX.HE","70580351","1.8444","Finland"
"10060","Marpai","MRAI","70562464","2.63","United States"
"10061","Salama Cooperative Insurance Company","8050.SR","70388031","2.34627","Saudi Arabia"
"10062","Laser Photonics","LASE","70248800","1.4","United States"
"10063","Amar Finance and Leasing Company","AMAR.KW","70204419","359.596","Kuwait"
"10064","Shimao Property","0813.HK","70143112","0.00676056","Hong Kong"
"10065","Infas Holding AG","IFS.F","70124433","7.7916","Germany"
"10066","Pricer AB","PRIC-B.ST","70007059","0.428428","Sweden"
"10067","Coffee Day Enterprises","COFFEEDAY.NS","69988659","0.331305","India"
"10068","Widam Food Company","WDAM.QA","69972525","0.388736","Qatar"
"10069","Pliant Therapeutics","PLRX","69971744","1.13","United States"
"10070","Where Food Comes From","WFCF","69864672","14.03","United States"
"10071","AgEagle Aerial Systems","UAVS","69825336","1.11","United States"
"10072","Shuaiba Industrial Company","PAPER.KW","69822010","703.583","Kuwait"
"10073","Fidelity United insurance","FIDELITYUNITED.AE","69716776","0.44","United Arab Emirates"
"10074","Smart Good Things Holding","MLSGT.PA","69706554","3.24751","France"
"10075","Gold Hydrogen Limited","GHY.AX","69535473","0.385336","Australia"
"10076","MHP Hotel AG","CDZ0.F","69525671","1.50017","Germany"
"10077","Kuantum Papers","KUANTUM.NS","69422969","0.795554","India"
"10078","MDxHealth","MDXH","69292104","0.7262","Belgium"
"10079","Rapid Micro Biosystems","RPID","69220184","1.38","United States"
"10080","ZK International Group","ZKIN","69212032","1.14","China"
"10081","INVL Technology UTIB","INC1L.VS","69092760","5.76811","Lithuania"
"10082","GTPL Hathway","GTPL.NS","68959873","0.613178","India"
"10083","Wakamoto Pharmaceutical","4512.T","68810863","1.98269","Japan"
"10084","WM Technology","MAPS","68808712","0.3951","United States"
"10085","EML Payments","EML.AX","68727464","0.176462","Australia"
"10086","Bango","BGO.L","68365416","0.887254","United Kingdom"
"10087","Serina Therapeutics","SER","68327272","2.69","United States"
"10088","Apollo Minerals Limited","AON.AX","68061414","0.054019","Australia"
"10089","TTEC","TTEC","68028400","1.38","United States"
"10090","Saudi Enaya Cooperative Insurance Company","8311.SR","67929905","2.95347","Saudi Arabia"
"10091","Solutions 30","S30.PA","67860114","0.633795","Luxembourg"
"10092","Identiv","INVE","67860104","2.8","United States"
"10093","American Vanguard","AVD","67851456","2.3","United States"
"10094","BRAIN Biotech","BNN.DE","67836744","3.10501","Germany"
"10095","Forian","FORA","67792720","2.17","United States"
"10096","CarParts.com","PRTS","67705552","8.36","United States"
"10097","Pelagic Credit Plc","PLGC.OL","67679672","1.82918","Cyprus"
"10098","SolarBank","SUUN","67617776","1.44","Canada"
"10099","NFON AG","NFN.DE","67576481","4.04698","Germany"
"10100","Hindustan Media Ventures","HMVL.NS","67444852","0.91548","India"
"10101","Gentili Mosconi","GM.MI","67391557","3.54692","Italy"
"10102","Hain Celestial","HAIN","67247872","0.7451","United States"
"10103","Gabriel Holding A/S","GABR.CO","67124818","36.7118","Denmark"
"10104","XBiotech","XBIT","67073012","2.2","United States"
"10105","Outset Medical","OM","67011892","3.565","United States"
"10106","Wittchen","WTN.WA","66920219","3.62256","Poland"
"10107","Geospace Technologies","GEOS","66747708","5.16","United States"
"10108","Freightos","CRGO","66671708","1.29","Israel"
"10109","Vivid Seats","SEAT","66547876","5.92","United States"
"10110","Airgain","AIRG","66547844","5.25","United States"
"10111","OSOS Holding Group Company K.P.S.C.","OSOS.KW","66507711","609.045","Kuwait"
"10112","PMV Pharmaceuticals","PMVP","66287988","1.24","United States"
"10113","STV Group plc","STVG.L","66247324","1.4472","United Kingdom"
"10114","Hour Loop","HOUR","66175660","1.88","United States"
"10115","Zepp Health","ZEPP","66139068","4.51","China"
"10116","FreeCast, Inc.","CAST","66137680","1.39","United States"
"10117","Manazel Holding Company","MANAZEL.KW","66095575","153.557","Kuwait"
"10118","Llorente &amp; Cuenca","LLYC.MC","66055476","5.67508","Spain"
"10119","Talenom","TNOM.HE","66038954","1.44668","Finland"
"10120","LumenRadio","LUMEN.ST","65978459","5.24392","Sweden"
"10121","Thinkific Labs","THNC.TO","65955698","0.978729","Canada"
"10122","Trophy Games","TGAMES.CO","65901670","2.3256","Denmark"
"10123","Coheris SA","COH.PA","65722307","11.5595","France"
"10124","WASGAU Produktions &amp; Handels AG","MSH.F","65623910","9.94302","Germany"
"10125","Imagineer","4644.T","65621311","6.80787","Japan"
"10126","Inseego","INSG","65595132","4.03","United States"
"10127","5E Advanced Materials","FEAM","65594056","1.58","United States"
"10128","Fermentalg","ALGAE.PA","65474958","0.546575","France"
"10129","Great Elm Group","GEG","65413712","2.2","United States"
"10130","Catana Group","ALCAT.PA","65323103","2.29096","France"
"10131","Boundless Bio","BOLD","65286712","2.87","United States"
"10132","Kuwait and Gulf Link Transport Company","KGL.KW","65160949","234.91","Kuwait"
"10133","Genasys","GNSS","65125068","1.43","United States"
"10134","Gentian Diagnostics ASA","GENT.OL","65036204","4.20711","Norway"
"10135","DocCheck","AJ91.DE","64905194","12.7922","Germany"
"10136","Gambling.com Group","GAMB","64852964","1.84","Jersey"
"10137","Altisource Portfolio Solutions","ASPS","64752568","5.67","Luxembourg"
"10138","Allied Cooperative Insurance Group","8150.SR","64633945","2.2211","Saudi Arabia"
"10139","AMCON Distributing Company","DIT","64420160","66","United States"
"10140","Al-Omran Industrial Trading Company","4141.SR","64363898","5.36366","Saudi Arabia"
"10141","Off the Hook YS Inc","OTH","64247460","2.57","United States"
"10142","hVIVO","HVO.L","64244311","0.093324","United Kingdom"
"10143","Azure Power","AZREF","64166360","1","India"
"10144","Branicks Group","BRNK.DE","64139129","0.767531","Germany"
"10145","Artifex Mundi","ART.WA","64121477","5.38271","Poland"
"10146","Marks Electrical Group","MRK.L","64019495","0.615397","United Kingdom"
"10147","Mobilicom","MOB","63952232","4.97","Australia"
"10148","Solidion Technology","STI","63854296","7.501","United States"
"10149","AEye","LIDR","63688988","1.37","United States"
"10150","Pyxis Tankers","PXS","63687784","6.22","Greece"
"10151","Nightingale Health","HEALTH.HE","63597004","1.05361","Finland"
"10152","W5 Solutions AB","W5.ST","63442731","3.61306","Sweden"
"10153","Alfajar Al Alamia Co. SAOG","AFAI.OM","63296478","1.28312","Oman"
"10154","eXoZymes","EXOZ","63113244","6.8","United States"
"10155","Musandam Power","MSPW.OM","63076755","0.896104","Oman"
"10156","Nordisk Bergteknik AB","NORB-B.ST","63031681","1.10122","Sweden"
"10157","INmune Bio","INMB","63001100","2.27","United States"
"10158","Kandi Technologies Group","KNDI","62960432","0.627","China"
"10159","Travelzoo","TZOO","62948420","6.17","United States"
"10160","Jaypee Group","JPASSOCIAT.NS","62935016","0.0256397","India"
"10161","Chinese Gamer International","3083.TWO","62860727","0.726831","Taiwan"
"10162","Yatra","YTRA","62774364","0.981","India"
"10163","Pelican Aqua Holding","PLCAN.OL","62769081","1.49024","Cyprus"
"10164","BranchOut Food","BOF","62762464","3.86","United States"
"10165","Wakou Shokuhin","2813.T","62757148","25.1526","Japan"
"10166","The Children's Place","PLCE","62708532","2.82","United States"
"10167","GreenMobility A/S","GREENM.CO","62684482","10.6713","Denmark"
"10168","Heron Therapeutics","HRTX","62651264","0.33","United States"
"10169","MindWalk Holdings","HYFT","62493104","1.33","United States"
"10170","Thimar Development Holding Company","4160.SR","62457061","9.60878","Saudi Arabia"
"10171","GEN Restaurant Group","GENK","62303128","1.89","United States"
"10172","Zentek","ZTEK","62296812","0.492","Canada"
"10173","Talphera","TLPH","62286956","1.2","United States"
"10174","Bilendi SA","ALBLD.PA","62164931","13.4202","France"
"10175","Sharjah Insurance","SICO.AE","62081359","0.41","United Arab Emirates"
"10176","N.B.I. Industrial Finance","NBIFIN.NS","62033867","20.9939","India"
"10177","LightInTheBox Holding","LITB","61941468","3.14","Singapore"
"10178","iHuman","IH","61846568","1.21","China"
"10179","tinyBuild","8Z3.F","61743268","0.156995","United States"
"10180","Playstudios","MYPS","61718372","0.5138","United States"
"10181","Naked Wines","WINE.L","61712088","0.93324","United Kingdom"
"10182","3P Learning","3PL.AX","60934188","0.223279","Australia"
"10183","MacroWell OMG Digital Entertainment","3687.TWO","60698374","2.01495","Taiwan"
"10184","Ithmaar Holding","ITHMR.BH","60615100","0.25","Bahrain"
"10185","Caspian Sunrise","CASP.L","60552117","0.0256979","United Kingdom"
"10186","Mercor","MCR.WA","60529301","3.95629","Poland"
"10187","WeShop Holdings","WSHP","60519200","5.19","British Virgin Islands"
"10188","Odysight.ai","ODYS","60504852","3.6","Israel"
"10189","SunCar Technology Group","SDA","60491548","0.593","China"
"10190","SAF Tehnika A/S","SAF1R.RG","60446740","20.3512","Latvia"
"10191","Cettire Limited","CTT.AX","60409400","0.158456","Australia"
"10192","Intchains Group","ICG","60364716","0.9865","China"
"10193","Global Self Storage","SELF","60305100","5.28","United States"
"10194","Garo Aktiebolag","GARO.ST","60305091","1.2061","Sweden"
"10195","SYLA Technologies","SYT","60158036","2.26","Japan"
"10196","Future Kid Entertainment and Real Estate Company","FUTUREKID.KW","60054581","505.378","Kuwait"
"10197","Idaho Copper Corporation","COPR","60034432","3.39","United States"
"10198","Cyberoo","CYB.MI","59858547","1.46529","Italy"
"10199","Amoéba S.A.","ALMIB.PA","59611071","0.766368","France"
"10200","Postmedia Network Canada","PNC-A.TO","59597962","0.601737","Canada"
"10201","Fire Rock","1909.HK","59469485","0.244911","China"
"10202","VITA 34","V3V.DE","59396521","3.40737","Germany"
"10203","Ascot Resources","AOT.TO","59394492","0.0399384","Canada"
"10204","Linz Textil","LTH.VI","59309222","197.697","Austria"
"10205","Kestrel Group","KG","59306148","7.58","Bermuda"
"10206","iLearningEngines","AILE","59292656","0.42","United States"
"10207","Nordwest Handel","NWX.F","59262124","18.4905","Germany"
"10208","Saga Communications","SGA","59192872","9.31","United States"
"10209","RAPCO Investment","RAPCO.AE","59003732","0.62","United Arab Emirates"
"10210","Energous","WATT","58863304","10.65","United States"
"10211","Oman National Engineering and Investment Co. (SAOG)","ONES.OM","58831170","0.392208","Oman"
"10212","Verde Clean Fuels","VGAS","58805508","1.32","United States"
"10213","Annovis Bio","ANVS","58796488","1.38","United States"
"10214","CDON AB","CDON.ST","58683130","5.11807","Sweden"
"10215","Agile Content","AGIL.MC","58650411","2.55844","Spain"
"10216","Mesa Air","MESA","58631804","1.4","United States"
"10217","Watkin Jones Plc","WJG.L","58588257","0.228035","United Kingdom"
"10218","Universal Electronics","UEIC","58498180","4.54","United States"
"10219","Ebusco Holding","EBUS.AS","58483410","0.254099","Netherlands"
"10220","Exasol AG","EXL.DE","58430562","2.19793","Germany"
"10221","Intellicheck","IDN","58368224","2.88","United States"
"10222","Leifras","LFS","58338184","2.23","Japan"
"10223","Skillsoft","SKIL","58288940","6.5","United States"
"10224","Cabka","7GW.F","58277618","2.34911","Germany"
"10225","Solitario Resources","XPL","58221476","0.6149","United States"
"10226","Gamesparcs","6542.TWO","58178885","1.41898","Taiwan"
"10227","Devolver Digital","DEVO.L","58152015","0.114964","United States"
"10228","Metal and Recycling Company K.S.C.","MRC.KW","58078321","644.681","Kuwait"
"10229","Ferrum S.A. de Cerámica y Metalurgia","FERR.BA","57703536","0.0124979","Argentina"
"10230","374Water","SCWO","57584020","3.25","United States"
"10231","System1 Group","SYS1.L","57493504","4.53095","United Kingdom"
"10232","MiNK Therapeutics","INKT","57306712","11.23","United States"
"10233","Greenland Energy Company","GLND","57286548","1.31","United States"
"10234","audius SE","3ITN.DE","57224366","11.6293","Germany"
"10235","Castellum","CTM","57191028","0.6034","United States"
"10236","Corero Network Security","CNS.L","57148915","0.111583","United Kingdom"
"10237","Pekabex","PBX.WA","56994871","2.29573","Poland"
"10238","Kuwait Hotels Company K.S.C.P.","KHOT.KW","56711190","913.567","Kuwait"
"10239","Seres Therapeutics","MCRB","56652564","5.64","United States"
"10240","Aurelion Inc.","AURE","56561680","1.5043","Hong Kong"
"10241","Tuniu Corporation","TOUR","56491536","5.2","China"
"10242","Ultimate Products","ULTP.L","56421339","0.676261","United Kingdom"
"10243","Viscom SE","V6C.DE","56416360","6.34958","Germany"
"10244","BG Staffing","BGSF","56269368","5.25","United States"
"10245","Gulf Mushroom Products Company SAOG","GMPI.OM","56226552","1.11688","Oman"
"10246","Nano-X Imaging","NNOX","56010124","0.7127","Israel"
"10247","TechPrecision","TPCS","55955724","5.54","United States"
"10248","Aram Group","ARAM.AE","55854612","0.71","United Arab Emirates"
"10249","Aptech","APTECHT.NS","55850928","0.9629","India"
"10250","Columbus Energy","CLC.WA","55805942","0.811444","Poland"
"10251","ImageneBio","IMA","55562628","4.885","United States"
"10252","Sequana Medical","SEQUA.BR","55544961","0.710548","Belgium"
"10253","Bever Holding","BEVER.AS","55542659","3.25619","Netherlands"
"10254","Xtant Medical","XTNT","55497920","0.3956","United States"
"10255","VEEM Ltd","VEE.AX","55490794","0.378133","Australia"
"10256","Myomo","MYO","55450996","1.4","United States"
"10257","ARN Media","A1N.AX","55241534","0.176462","Australia"
"10258","Aiming Inc","3911.T","55097875","1.18063","Japan"
"10259","FUJI UNITED HOLDINGS CO LTD","416A.T","55049345","8.34141","Japan"
"10260","OT Logistics","OTS.WA","54995422","4.19851","Poland"
"10261","Cimbeton","CMBTN.IS","54983147","31.0639","Turkey"
"10262","Senzime AB","SEZI.ST","54411934","0.346099","Sweden"
"10263","Allied Esports","AESE","54324936","1.3899","United States"
"10264","Churchill China","CHH.L","53921166","4.90289","United Kingdom"
"10265","Kezar Life Sciences","KZR","53856340","7.29","United States"
"10266","RYTHM, Inc.","RYM","53814168","25.04","United States"
"10267","Immutep","IMMP","53805564","0.3651","Australia"
"10268","Sensus Healthcare","SRTS","53666312","3.26","United States"
"10269","Dr. Hönle AG","HNL.DE","53576100","8.83824","Germany"
"10270","NaaS Technology","NAAS","53553840","3.14","China"
"10271","Poulaillon","ALPOU.PA","53494676","10.4663","France"
"10272","Poujoulat","ALPJT.PA","53486727","6.838","France"
"10273","The Arena Group","AREN","53323932","1.12","United States"
"10274","Vroom","VRM","53285744","10.18","United States"
"10275","TransAct Technologies","TACT","53274268","5.16","United States"
"10276","Gogoro","GGR","53194988","2.65","Taiwan"
"10277","SCYNEXIS","SCYX","53180660","5.345","United States"
"10278","Prairie Operating","PROP","53150420","0.4712","United States"
"10279","Equipment Holding Company K.S.C.P.","EQUIPMENT.KW","53129455","664.118","Kuwait"
"10280","ORBIS AG","OBS.DE","53079749","5.6053","Germany"
"10281","Stem, Inc","STEM","53043360","5.51","United States"
"10282","Unikai Foods","UNIKAI.AE","52985194","1.36416","United Arab Emirates"
"10283","Celularity","CELU","52971108","1.83","United States"
"10284","Muscat Finance","MFCI.OM","52653657","0.171429","Oman"
"10285","Itera ASA","ITERA.OL","52589542","0.647745","Norway"
"10286","BBX Capital Corporation","BBXIA","52539716","3.8","United States"
"10287","Ocean Power Technologies","OPTT","52487972","0.1943","United States"
"10288","IZEA Worldwide","IZEA","52423020","3.01","United States"
"10289","Regal Hotels International","0078.HK","52165230","0.0580387","Hong Kong"
"10290","Luna Innovations","LUNA","52045528","1.5","United States"
"10291","Nano Labs","NA","51999560","2.24","China"
"10292","Bahrain Ship Repairing and Engineering Company","BASREC.BH","51994694","0.0530504","Bahrain"
"10293","Instil Bio","TIL","51949944","7.66","United States"
"10294","BLG Logistics","BLH.F","51801372","13.4899","Germany"
"10295","Cato Fashion","CATO","51771064","2.6","United States"
"10296","The ONE Group Hospitality","STKS","51765452","1.64","United States"
"10297","Teads","TEAD","51650920","0.5267","United States"
"10298","Bayan Investment Holding Company","BAYANINV.KW","51516522","237.463","Kuwait"
"10299","Greenidge Generation Holdings","GREE","51500392","2.84","United States"
"10300","Fernheizwerk Neukölln","FHW.F","51354809","22.3282","Germany"
"10301","Hyperion DeFi","HYPD","51280132","3.3","United States"
"10302","Granite Point Mortgage Trust","GPMT","51274000","1.07","United States"
"10303","Dish TV","DISHTV.NS","50867199","0.0276264","India"
"10304","MicroVision","MVIS","50777492","1.66","United States"
"10305","MarketWise","MKTW","50743560","18.17","United States"
"10306","Hopscotch Global PR Group","ALHOP.PA","50698114","16.6298","France"
"10307","Sylogist","SYZ.TO","50532090","2.16045","Canada"
"10308","Abundia Global Impact Group","AGIG","50331364","1.14","United States"
"10309","Schwälbchen Molkerei","SMB.F","50005815","50.0058","Germany"
"10310","VIDA Global Inc.","VIDA","49823240","2.49","United States"
"10311","cyan AG","CYR.DE","49663994","2.29096","Germany"
"10312","Swiss Steel","STLN.SW","49532747","1.60943","Switzerland"
"10313","Meds Apotek AB","MEDS.ST","49474644","2.66391","Sweden"
"10314","SHW AG","SW10.HM","49399907","7.67531","Germany"
"10315","aTyr Pharma","ATYR","49387016","0.5035","United States"
"10316","Vantiva","VANTI.PA","49035093","0.100012","France"
"10317","Odyssey Marine Exploration","OMEX","49024920","0.8353","United States"
"10318","Sportsman's Warehouse","SPWH","48926832","1.25","United States"
"10319","Phnom Penh SEZ","PPSP.KH","48862925","0.34","Cambodia"
"10320","Gold Road International p.l.c.","GOLDR.OL","48851028","0.852183","Malta"
"10321","Qatar Electronic Systems","TQES.QA","48726785","0.576648","Qatar"
"10322","Hutter &amp; Schrantz Stahlbau AG","HST.VI","48696425","32.5619","Austria"
"10323","Navigo Invest","NAVIGO-STAM.ST","48581094","0.328687","Sweden"
"10324","Reading International","RDI","48527068","2.12","United States"
"10325","İşbir Holding","ISBIR.IS","48497322","1.49743","Turkey"
"10326","Elauwit Connection","ELWT","48324512","7.3","United States"
"10327","HWA AG","H9W.DE","48274679","3.36086","Germany"
"10328","Hinduja Ventures","NXTDIGITAL.NS","48138727","1.43","India"
"10329","G5 Entertainment","G5EN.ST","48079519","6.471","Sweden"
"10330","SunScout Holding","SNSC","48006000","1.26","New Zealand"
"10331","Hvidbjerg Bank","HVID.CO","47959853","28.545","Denmark"
"10332","Doxa AB","DOXA.ST","47917563","0.0364977","Sweden"
"10333","Indonesia Energy","INDO","47853072","3.11","Indonesia"
"10334","3i Infotech","3IINFOLTD.NS","47836235","0.230643","India"
"10335","Pestech Cambodia","PEPC.KH","47492790","0.63","Cambodia"
"10336","Mobile Factory","3912.T","47334279","7.28911","Japan"
"10337","GenFlat Holdings","GFLT","47309892","3.61","United States"
"10338","Gulf Franchising Holding Company","GFC.KW","47275454","1182.45","Kuwait"
"10339","Estoril Sol","ESON.LS","47175030","3.95395","Portugal"
"10340","freelancer.com","FLN.AX","47092090","0.104437","Australia"
"10341","Mr.Bricolage","ALMRB.PA","47018235","4.36097","France"
"10342","Toro Energy","TOE.AX","46891846","0.38985","Australia"
"10343","Manhattan Bridge Capital","LOAN","46844584","4.1","United States"
"10344","Precipio","PRPO","46759712","26.12","United States"
"10345","Dhofar Generating Company","DGEN.OM","46756988","0.21039","Oman"
"10346","GBK Beteiligungen AG","GBQ.HM","46706012","6.91941","Germany"
"10347","Fujairah Cement Industries","FCI.AE","46508209","0.13","United Arab Emirates"
"10348","LiveOne","LVO","46345848","3.38","United States"
"10349","Celebrus Technologies","CLBS.L","46218553","1.23756","United Kingdom"
"10350","People Can Fly","PCF.WA","45893689","0.995801","Poland"
"10351","Werewolf Therapeutics","HOWL","45867796","0.9438","United States"
"10352","Shoe Zone","SHOE.L","45864376","0.994103","United Kingdom"
"10353","Comtech Telecommunications","CMTL","45840992","1.53","United States"
"10354","Genenta Science","GNTA","45830124","0.9505","Italy"
"10355","Gigas Hosting","GIGA.MC","45682735","3.65159","Spain"
"10356","Synthaverse","SVE.WA","45503834","0.789913","Poland"
"10357","iFOREX","IFRX.L","45465031","2.02878","Guernsey"
"10358","Tessellis","TSL.MI","45370592","0.104082","Italy"
"10359","Mirza International","MIRZAINT.NS","45333443","0.328023","India"
"10360","Clasquin SA","ALCLA.PA","45269938","0.793115","France"
"10361","AS Silvano Fashion Group","SFG1T.TL","45214560","1.25596","Estonia"
"10362","Veru","VERU","45183348","2.65","United States"
"10363","AS Ekspress Grupp","EEG1T.TL","45179872","1.45947","Estonia"
"10364","SGT German Private Equity","GAI.DE","45152941","0.975188","Germany"
"10365","the Marygold Companies","MGLD","45077024","1.04","United States"
"10366","Heritage Global","HGBL","45031276","1.3","United States"
"10367","Grace Therapeutics","GRCE","45016892","2.14","United States"
"10368","Vilniaus Baldai AB","VBL1L.VS","44968434","11.5711","Lithuania"
"10369","DEMIRE Deutsche Mittelstand Real Estate","DMRE.DE","44909417","0.425631","Germany"
"10370","Gurunavi, Inc.","2440.T","44853627","0.795642","Japan"
"10371","Grove Collaborative","GROV","44836100","1.05","United States"
"10372","Wethaq Takaful Insurance Company K.S.C.P.","WETHAQ.KW","44465343","404.95","Kuwait"
"10373","Touax SCA","TOUP.PA","44392265","6.36395","France"
"10374","Palms Agro Production Company","PAPCO.KW","44234884","845.536","Kuwait"
"10375","TH International (Tims China)","THCH","44210408","1.38","China"
"10376","Laird Superfood","LSF","44099964","3.94","United States"
"10377","Pulsar Group","PULS.L","44014330","0.324605","United Kingdom"
"10378","Nutun Limited","NTU.JO","43905000","0.0562416","South Africa"
"10379","Bahrain Cinema Company","CINECO.BH","43832068","2.62599","Bahrain"
"10380","Metagenomi","MGX","43821440","1.16","United States"
"10381","Planet13","PLTH.CN","43758248","0.130497","United States"
"10382","Paref SA","PAR.PA","43702189","28.8406","France"
"10383","AXIL Brands","AXIL","43665160","6.4","United States"
"10384","Brera Holdings","SLMT","43596804","3.96","Ireland"
"10385","Orapi SA","ORAP.PA","43596174","6.69206","France"
"10386","Mereo BioPharma Group","MREO","43467880","0.2722","United Kingdom"
"10387","Balco Group","BALCO.ST","43460533","1.88781","Sweden"
"10388","FRIWO","CEA.DE","43374351","5.07036","Germany"
"10389","Rave Restaurant Group","RAVE","43345280","3.05","United States"
"10390","First Breach Inc.","FBDT","43299064","0.7763","United States"
"10391","Mister Spex","MRX.F","43285103","1.26177","Germany"
"10392","FORTEC Elektronik AG","FEV.DE","43281186","13.3155","Germany"
"10393","Nass Corporation B.S.C.","NASS.BH","43183023","0.541114","Bahrain"
"10394","Nippon Ichi Software","3851.T","43118686","8.52107","Japan"
"10395","Culp, Inc.","CULP","42866136","3.37","United States"
"10396","AS Pro Kapital Grupp","PKG1T.TL","42850527","0.755902","Estonia"
"10397","Qatar Cinema and Film Distribution Company","QCFS.QA","42792232","0.681319","Qatar"
"10398","Gaia","GAIA","42715328","1.68","United States"
"10399","Phunware","PHUN","42664680","2.085","United States"
"10400","Aiforia Technologies Oyj","AIFORIA.HE","42651774","1.14083","Finland"
"10401","Fractal Gaming Group","FRACTL.ST","42647201","1.462","Sweden"
"10402","MS Industrie","MSAG.DE","42522442","1.4304","Germany"
"10403","Kayak Inc","3904.T","42513392","2.75908","Japan"
"10404","Qatari German Company for Medical Devices","QGMD.QA","42487498","0.367857","Qatar"
"10405","Pattern S.p.A.","PTR.MI","42406638","2.83754","Italy"
"10406","Sachem Capital","SACH","42319964","0.8825","United States"
"10407","Pixelworks","PXLW","42285256","6.99","United States"
"10408","Xos, Inc.","XOS","42227020","2.97","United States"
"10409","DATRON AG","DAR.DE","42202140","10.6989","Germany"
"10410","Ekso Bionics","EKSO","42047896","11.8","United States"
"10411","The Beachbody Company","BODI","42032928","5.77","United States"
"10412","Hydrogène de France","HDF.PA","41902314","2.89569","France"
"10413","3U Holding","UUU.DE","41786757","1.13502","Germany"
"10414","Kuwait Real Estate Holding Company","ALAQARIA.KW","41687090","221.589","Kuwait"
"10415","Franklin Street Properties","FSP","41667092","0.4006","United States"
"10416","Bragg Gaming Group","BRAG","41624964","1.34","Canada"
"10417","Milestone Scientific","MLSS","41609804","0.4689","United States"
"10418","Sequans Communications","SQNS","41552140","2.77","France"
"10419","Massimo Motor","MAMO","41024664","0.9852","United States"
"10420","Acanthe Développement","ACAN.PA","40958935","0.247703","France"
"10421","Wolford","WOL.VI","40908399","2.76776","Austria"
"10422","PlaySide Studios","PLY.AX","40859500","0.0900317","Australia"
"10423","PAVmed","PAVM","40699224","5.09","United States"
"10424","Sharqiyah Desalination Company SAOG","SHRQ.OM","40645055","0.415584","Oman"
"10425","INMA Holding Company","IHGS.QA","40640860","0.717582","Qatar"
"10426","U.S. Global Investors","GROW","40561720","3.27","United States"
"10427","Elite Express","ETS","40532272","0.832","United States"
"10428","edding AG","EDD3.F","40508362","37.7447","Germany"
"10429","Sýn hf.","SYN.IC","40507633","0.163569","Iceland"
"10430","Optomed","OPTOMED.HE","40405536","1.88161","Finland"
"10431","Diginex","DGNX","40199580","1.38","Hong Kong"
"10432","Karyopharm Therapeutics","KPTI","40146184","1.77","United States"
"10433","PetMed Express","PETS","40105992","1.85","United States"
"10434","Kartoon Studios","TOON","40065664","0.6441","United States"
"10435","DocGo","DCGO","40046204","0.4048","United States"
"10436","Filana Therapeutics","FLNA","40013432","0.8283","United States"
"10437","Mentice AB","MNTC.ST","39969558","1.4211","Sweden"
"10438","Insurance House","IH.AE","39842277","0.35","United Arab Emirates"
"10439","Adval Tech","ADVN.SW","39777090","54.4892","Switzerland"
"10440","Takaful Oman Insurance SAOG","TAOI.OM","39610391","0.158442","Oman"
"10441","Dierig Holding AG","DIE.DE","39604294","9.65229","Germany"
"10442","Stock3 AG","BOG.DE","39595302","35.3529","Germany"
"10443","InspireMD","NSPR","39461824","0.8425","Israel"
"10444","Botanix Pharmaceuticals","BOT.AX","39421102","0.0144051","Australia"
"10445","SHL Telemedicine","SHLT","39255860","2.05","Israel"
"10446","Plutus Financial Group","PLUT","39142500","2.55","United States"
"10447","Silicon Studio","3907.T","39136224","14.2574","Japan"
"10448","geechs","7060.T","39112895","3.84988","Japan"
"10449","Delticom AG","DEX.DE","38979970","2.62821","Germany"
"10450","The Energy House Holding Company","ENERGYH.KW","38918058","858.494","Kuwait"
"10451","ATA Creativity Global","AACG","38883108","0.8999","China"
"10452","Youlife Group Inc.","YOUL","38863524","0.4797","China"
"10453","Axel Mark","3624.T","38555342","0.590315","Japan"
"10454","Orient Paper Mills","ORIENTPPR.NS","38473008","0.181318","India"
"10455","CervoMed","CRVO","38402504","2.54","United States"
"10456","The National Investor PRJSC","TNI.AE","38263404","0.16","United Arab Emirates"
"10457","LivePerson","LPSN","38245620","3.1","United States"
"10458","Eco Wave Power Global","WAVE","38124348","6.11","Israel"
"10459","Müller - Die lila Logistik","MLL.DE","37932985","4.768","Germany"
"10460","Al Maha Ceramics","AMCI.OM","37857144","0.688312","Oman"
"10461","Enapter AG","H2O.DE","37791274","1.16293","Germany"
"10462","MoneyHero","MNY","37765680","0.8567","Singapore"
"10463","Shankara Building","SHANKARA.NS","37754255","1.55692","India"
"10464","Canacol Energy","CNE.TO","37737619","1.10603","Canada"
"10465","PAL Next AG","PAL.DE","37517781","1.09852","Germany"
"10466","Dye &amp; Durham","DND.TO","37503744","0.558238","Canada"
"10467","STS Group","SF3.DE","37429350","5.803","Germany"
"10468","Lument Finance Trust","LFT","37427860","0.7131","United States"
"10469","Baird Medical Investment Holdings","BDMD","37418648","1.17","China"
"10470","Vivoryon Therapeutics","05Y.F","37366610","1.26177","Germany"
"10471","Nok Air","NOKPF","37291868","0.01","Thailand"
"10472","Oman Chromite Company","OCCI.OM","37242858","10.2597","Oman"
"10473","Elutia","ELUT","37202952","0.84","United States"
"10474","United Cooperative Assurance Company","8190.SR","37178088","0.929452","Saudi Arabia"
"10475","Scilex Holding","SCLX","37143412","5.28","United States"
"10476","Al Faleh Educational Holding","FALH.QA","37120878","0.15467","Qatar"
"10477","5th Planet Games","5PG.OL","37031710","0.137727","Denmark"
"10478","Scienjoy Holding Corporation","SJ","36942608","0.87","China"
"10479","Qatar Oman Investment Company","QOIS.QA","36939559","0.20522","Qatar"
"10480","RATH Aktiengesellschaft","RAT.VI","36632167","24.4214","Austria"
"10481","Enzo Biochem","ENZB","36587800","0.69887","United States"
"10482","ABO Energy","AB9.DE","36566110","3.96558","Germany"
"10483","Harvard Bioscience","HBIO","36418440","8","United States"
"10484","NextNRG","NXXT","36386364","0.2163","United States"
"10485","Arabia Falcon Insurance Company (AFIC)","AFIC.OM","36222661","0.350649","Oman"
"10486","Gala Incorporated","4777.T","36143993","1.28971","Japan"
"10487","Genius Group","GNS","36105324","0.1881","Singapore"
"10488","HiPay Group","ALHYP.PA","36015574","5.7216","France"
"10489","Forsee Power","FORSE.PA","35917580","0.307137","France"
"10490","Westport Fuel Systems","WPRT","35901936","1.89","Canada"
"10491","genOway","ALGEN.PA","35873702","2.90731","France"
"10492","Majan University College","BACS.OM","35742858","0.361039","Oman"
"10493","Al Abraaj Restaurants Group","ABRAAJ.BH","35591994","0.530504","Bahrain"
"10494","Muscat City Desalination Company","MCDE.OM","35554378","0.228571","Oman"
"10495","Mauna Kea Technologies","ALMKT.PA","35520837","0.181882","France"
"10496","Century Casinos","CNTY","35453492","1.26","United States"
"10497","Berentzen-Gruppe","BEZ.DE","35166880","3.66322","Germany"
"10498","TELA Bio","TELA","35062804","0.781","United States"
"10499","DIRTT Environmental Solutions","DRTT","35057372","0.3343","Canada"
"10500","Skycorp Solar Group","PN","34967036","2.37","China"
"10501","Lavoro","LVRO","34951524","0.304","Brazil"
"10502","Zoomd Technologies","ZOMD.V","34833832","0.344368","Canada"
"10503","Ekttitab Holding Company K.S.C","EKTTITAB.KW","34785655","109.175","Kuwait"
"10504","Destination XL","DXLG","34711504","0.628","United States"
"10505","VirTra","VTSI","34638048","3.06","United States"
"10506","Neo-Concept International Group","NCI","34588172","13.41","Hong Kong"
"10507","LianBio","LIAN","34472096","0.319","United States"
"10508","SBF AG","CY1K.DE","34427966","3.54692","Germany"
"10509","Kyntra Bio","KYNB","34377060","8.49","United States"
"10510","Halloren Schokoladenfabrik","H2RB.HM","34359163","5.81463","Germany"
"10511","Workhorse Group","WKHS","34315760","3.14","United States"
"10512","Lulu's Fashion Lounge","LVLU","34257904","11.93","United States"
"10513","Cryo-Cell International","CCEL","34185636","4.24","United States"
"10514","Spruce Power","SPRU","34076368","1.77","United States"
"10515","Steel &amp; Tube Holdings","STU.NZ","34029937","0.185316","New Zealand"
"10516","Asphere Innovations","AS.BK","34001603","0.0681058","Thailand"
"10517","Dalqan Real Estate Company","DALQAN.KW","33875237","561.178","Kuwait"
"10518","Varengold Bank AG","VG8.DE","33822668","3.36779","Germany"
"10519","Southland Holdings","SLND","33804292","0.621","United States"
"10520","The National Detergent Company SAOG","NDTI.OM","33714287","1.68571","Oman"
"10521","PyroGenesis Canada","PYR.TO","33642523","0.148622","Canada"
"10522","Gulf General Cooperative Insurance Company","8260.SR","33636049","1.1212","Saudi Arabia"
"10523","Koss","KOSS","33514978","3.5404","United States"
"10524","Netgem","ALNTG.PA","33469069","1.00012","France"
"10525","Cliq Digital AG","CLIQ.DE","33448085","5.70997","Germany"
"10526","Beasley Broadcast Group","BBGI","33423630","18.04","United States"
"10527","Pioneer Power Solutions","PPSI","33408790","3.01","United States"
"10528","Context Therapeutics","CNTX","33352142","0.363","United States"
"10529","Knightscope","KSCP","33301882","1.41","United States"
"10530","SW Umwelttechnik Stoiser &amp; Wolschner AG","SWUT.VI","33264754","45.8193","Austria"
"10531","Elbstein AG","EBS.HM","33143389","1.10478","Germany"
"10532","CleanCore Solutions","ZONE","32957918","0.1485","United States"
"10533","Actinium Pharmaceuticals","ATNM","32943742","1.05","United States"
"10534","Lilium","LILM","32897334","0.052","Germany"
"10535","Söktas Tekstil","SKTAS.IS","32840186","0.0656804","Turkey"
"10536","System1","SST","32745546","3.76","United States"
"10537","KLX Energy Services","KLXE","32721264","1.53","United States"
"10538","Ourgame International","6899.HK","32583157","0.0302312","China"
"10539","Verimatrix","VMX.PA","32271411","0.36981","France"
"10540","Aeria","3758.T","32259588","1.58487","Japan"
"10541","Rockwell Medical","RMTI","32183264","7.985","United States"
"10542","Sporting Clube de Braga","SCB.LS","32096756","26.7473","Portugal"
"10543","CBL International","BANL","32093218","15.2","Malaysia"
"10544","Raydan Food","6012.SR","32079427","4.38627","Saudi Arabia"
"10545","Jaguar Uranium","JAGU","31906166","1.58","Canada"
"10546","NOMADAR","NOMA","31789740","2.08","United States"
"10547","Warimpex Finanz- und Beteiligungs AG","WXF.VI","31786348","0.610563","Austria"
"10548","Accuray","ARAY","31770856","0.266","United States"
"10549","Salem Media Group","SALM","31670764","1","United States"
"10550","Beam Global","BEEM","31526252","1.42","United States"
"10551","Latch","LTCH","31458114","0.1899","United States"
"10552","Tose Software","4728.T","31417041","4.14504","Japan"
"10553","Barka Desalination Company","BRDE.OM","31385767","0.415584","Oman"
"10554","Harte Hanks","HHS","31382350","4.21","United States"
"10555","Enviva","EVA","31273630","0.4198","United States"
"10556","MariMed","MRMD","31034132","0.077","United States"
"10557","Artmarket.com","PRC.PA","30940877","4.6517","France"
"10558","IGC Pharma","IGC","30860126","0.2985","United States"
"10559","Softing AG","SYT.DE","30854611","2.82591","Germany"
"10560","IT Link SA","ALITL.PA","30796041","18.1416","France"
"10561","Sangamo Therapeutics","SGMO","30657374","0.074","United States"
"10562","Oman Chlorine","OCHL.OM","30646647","0.428571","Oman"
"10563","Dhofar Tourism","DTCS.OM","30416416","2.14805","Oman"
"10564","Hoftex Group AG","NBH.MU","30393118","5.58204","Germany"
"10565","Innovatec","INC.MI","30339949","0.314571","Italy"
"10566","Hunyvers","ALHUN.PA","30300286","7.84975","France"
"10567","INTERSHOP Communications","ISHA.DE","30202417","1.59321","Germany"
"10568","eHealth","EHTH","30157142","0.9501","United States"
"10569","Graines Voltz","GRVO.PA","29953030","20.2349","France"
"10570","FingerTango","6860.HK","29849359","0.015562","China"
"10571","Crown Crafts","CRWS","29805994","2.77","United States"
"10572","Growens S.p.A.","GROW.MI","29799477","2.13397","Italy"
"10573","GenSight Biologics","SIGHT.PA","29667110","0.126526","France"
"10574","Ascent Solar Technologies","ASTI","29645622","3.02","United States"
"10575","BioLargo","BLGO","29585824","0.09","United States"
"10576","Delignit AG","DLX.DE","29539586","2.88406","Germany"
"10577","Barinthus Biotherapeutics","BRNS","29386692","0.7194","United Kingdom"
"10578","NanoViricides","NNVC","29356454","1.15","United States"
"10579","illumin","ILLM.TO","29296981","0.558238","Canada"
"10580","111, Inc.","YI","29293890","3.33","China"
"10581","Duro Felguera","MDF.MC","29270085","0.300035","Spain"
"10582","ecotel communication","E4C.DE","29253585","8.25677","Germany"
"10583","Findi Limited","FND.AX","29161260","0.291703","Australia"
"10584","Tubos Reunidos","TRG.MC","29111985","0.167229","Spain"
"10585","Quest Resource Holding","QRHC","29108142","1.38","United States"
"10586","Old Market Capital Corporation","OMCC","28974532","4.25","United States"
"10587","SMJ International","SMJF","28536150","1.03","Singapore"
"10588","Ikegami Tsushinki","6771.T","28469338","4.2477","Japan"
"10589","Katapult Holdings","KPLT","28342708","5.7","United States"
"10590","Cel-Sci","CVM","28318270","1.61","United States"
"10591","Farmer Brothers","FARM","28089448","1.28","United States"
"10592","CAVE Interactive","3760.T","28033542","4.54286","Japan"
"10593","Hydrogen-Refueling-Solutions","ALHRS.PA","27949969","1.40481","France"
"10594","Al Jazeira Services Co. SAOG","AJSS.OM","27820125","0.649351","Oman"
"10595","CROOZ","2138.T","27687324","2.89383","Japan"
"10596","Duxton Farms","DBF.AX","27391966","0.25569","Australia"
"10597","Spencer's Retail","SPENCERS.NS","27256645","0.302408","India"
"10598","Wedia SA","ALWED.PA","27123623","31.7526","France"
"10599","Nordic Mining ASA","NOM.OL","27051122","0.216274","Norway"
"10600","Live Ventures","LIVE","26938424","8.77","United States"
"10601","Optimi Health Corp.","OPTH","26911574","4.7","Canada"
"10602","Bioceres Crop Solutions","BIOX","26751622","0.4192","Argentina"
"10603","Edia","3935.T","26571226","4.59419","Japan"
"10604","Zoom Telephonics","MINM","26534076","3.61","United States"
"10605","GEE Group","JOB","26423900","0.2405","United States"
"10606","Conduril - Engenharia","CDU.LS","26375030","14.6529","Portugal"
"10607","bet-at-home.com","ACX.DE","26361368","3.75625","Germany"
"10608","Methaq Takaful Insurance Compnay","METHAQ.AE","26348039","0.18","United Arab Emirates"
"10609","AB INVL Baltic Farmland","INL1L.VS","26281626","8.14048","Lithuania"
"10610","PermRock Royalty Trust","PRT","26156324","2.15","United States"
"10611","Hoth Therapeutics","HOTH","26013596","1.36","United States"
"10612","Borealis Foods","BRLS","25970604","1.21","Canada"
"10613","TherapeuticsMD","TXMD","25926570","2.24","United States"
"10614","LakeShore Biopharma","LSB","25840356","0.627","China"
"10615","Oman &amp; Emirates Investment Holding Co.","OEIHC.AE","25783292","0.2","Oman"
"10616","Local Bounti","LOCL","25718132","1.1","United States"
"10617","Femasys","FEMY","25627582","3.06","United States"
"10618","BeyondSpring","BYSI","25584752","0.6222","United States"
"10619","COSOL Limited","COS.AX","25560225","0.140449","Australia"
"10620","Atossa Therapeutics","ATOS","25247624","2.53","United States"
"10621","National Gas Company SAOG","NGCI.OM","25168832","0.296104","Oman"
"10622","Nebelhornbahn-Aktiengesellschaft","NHB0.MU","25156414","18.6068","Germany"
"10623","TScan Therapeutics","TCRX","25139326","0.3709","United States"
"10624","ParaZero Technologies","PRZO","25132222","0.8618","Israel"
"10625","Nectar Lifesciences","NECLIFE.NS","25024146","0.128817","India"
"10626","Imugene","IMU.AX","24988482","0.0475367","Australia"
"10627","Zee Learn","ZEELEARN.NS","24941923","0.0761048","India"
"10628","Loop Industries","LOOP","24915890","0.515","Canada"
"10629","Zenvia","ZENV","24648802","0.4689","Brazil"
"10630","Pineapple Financial","PAPL","24636890","0.9749","Canada"
"10631","Renalytix","RENX.L","24529697","0.0561296","United Kingdom"
"10632","Aytu BioScience","AYTU","24525382","2.285","United States"
"10633","Schlatter Industries AG","STRN.SW","24488176","22.1672","Switzerland"
"10634","Mercer International","MERC","24434774","0.3646","Canada"
"10635","Proximar Seafood","PROXI.OL","24215128","0.0462675","Norway"
"10636","SPI Energy","SPI","24207974","0.766","United States"
"10637","Snail Inc","SNAL","24180690","2.7","China"
"10638","Bahrain Flour Mills Company","BFM.BH","24042077","0.32626","Bahrain"
"10639","U10 Corp","ALU10.PA","24026478","1.40714","France"
"10640","Muehlhan AG","M4N.HM","23927324","1.72113","Germany"
"10641","Lantern Pharma","LTRN","23906354","1.87","United States"
"10642","Al Sharqiya Investment Holdings Company","SIHC.OM","23844156","0.264935","Oman"
"10643","Arco Vara AS","ARC1T.TL","23833788","1.37225","Estonia"
"10644","HeartBeam","BEAT","23672288","0.4201","United States"
"10645","YanGuFang International Group","YGF","23462400","0.7332","China"
"10646","q.beyond","QBY.DE","23433715","0.940513","Germany"
"10647","PopReach","INIK.V","23411215","0.0398741","Canada"
"10648","Auga Group AB","AUG1L.VS","23383056","0.100012","Lithuania"
"10649","BeLive Holdings","BLIV","23359326","2.15","Singapore"
"10650","WiMi Hologram Cloud","WIMI","23349018","1.27","China"
"10651","Orion Digital Corp.","ORIO","23340434","0.9894","Canada"
"10652","Palatin Technologies","PTN","23272916","13.08","United States"
"10653","Cyclerion Therapeutics","CYCN","23219502","4.96","United States"
"10654","Radio City","RADIOCITY.NS","23206008","0.0660492","India"
"10655","Reliance Communications","RCOM.NS","23116187","0.008362","India"
"10656","pferdewetten.de AG","EMH.F","22874006","2.4654","Germany"
"10657","Jasper Therapeutics","JSPR","22839658","0.6864","United States"
"10658","Prodways Group","ALPWG.PA","22755607","0.702407","France"
"10659","Wolftank-Adisa Holding","WOLF.VI","22726038","4.30283","Austria"
"10660","Hepsor AS","HPR1T.TL","22613367","5.77974","Estonia"
"10661","MAG Interactive","MAGI.ST","22584270","0.85092","Sweden"
"10662","Urban One","UONE","22497950","4.875","United States"
"10663","Milkfood Limited","MLKFOOD.BO","22487250","0.878539","India"
"10664","Exyn Technologies","EXYN","22430158","2.82","United States"
"10665","iomart Group","IOM.L","22430006","0.197468","United Kingdom"
"10666","Biofrontera","BFRI","22427062","1.51","United States"
"10667","Appirits","4174.T","22381513","5.53099","Japan"
"10668","Fun Yours Technology","6482.TWO","22347397","0.780437","Taiwan"
"10669","Zeo Energy","ZEO","22328766","0.2452","United States"
"10670","United Gulf Investment Corporation","UGIC.BH","22281167","0.96817","Bahrain"
"10671","DAVIDsTEA","DTEAF","22007520","0.72","Canada"
"10672","Cytosorbents","CTSO","21994962","0.35","United States"
"10673","Cocrystal Pharma","COCP","21767416","1.13","United States"
"10674","Sphere 3D","ANY","21762040","2.5","Canada"
"10675","Game Your Game","GYGY","21731920","1.51","United States"
"10676","Allbirds","BIRD","21662886","2.46","United States"
"10677","A.S. Création Tapeten","ACWN.DE","21636667","7.84975","Germany"
"10678","180 Life Sciences","ATNF","21620372","3.58","United States"
"10679","TENDA","4198.T","21549483","3.24673","Japan"
"10680","Yuke's","4334.T","21444812","2.54734","Japan"
"10681","Cardlytics","CDLX","21434926","3.64","United States"
"10682","Retractable Technologies","RVP","21372140","0.7139","United States"
"10683","Maternus-Kliniken","MAK.DE","21216304","1.01175","Germany"
"10684","Performance Shipping","PSHG","21134670","1.7","Greece"
"10685","Nordecon AS","NCN1T.TL","21102998","0.686126","Estonia"
"10686","SM Wirtschaftsberatungs AG","SMWN.DE","20920572","5.25643","Germany"
"10687","Pyramid AG","M3B.DE","20868640","0.904662","Germany"
"10688","Offerpad","OPAD","20829148","4.31","United States"
"10689","Ashford Hospitality Trust","AHT","20756192","3.1","United States"
"10690","Evolva Holding SA","EVE.SW","20540646","2.8483","Switzerland"
"10691","BoomBit","BBT.WA","20427546","1.48025","Poland"
"10692","Neuphoria Therapeutics","NEUP","20321112","3.76","United States"
"10693","Barfresh Food Group","BRFH","20222134","1.24","United States"
"10694","Bahrain Family Leisure Company","FAMILY.BH","20209676","0.111406","Bahrain"
"10695","YOC AG","YOC.DE","20133581","5.79137","Germany"
"10696","Almaden Minerals","AAU","20102876","0.1465","Canada"
"10697","Passat SA","PSAT.PA","19993730","5.08455","France"
"10698","Arizona Metals","AMC.TO","19974309","0.144997","Canada"
"10699","Lipocine","LPCN","19951092","2.42","United States"
"10700","SPAR Group","SGRP","19878992","0.7","United States"
"10701","DDC Enterprise","DDC","19780758","0.348","Hong Kong"
"10702","Adial Pharmaceuticals","ADIL","19538468","6.66","United States"
"10703","Omani Packaging Company","OPCI.OM","19377267","0.597403","Oman"
"10704","Real Good Food plc","RGF","19309624","1.25","United Kingdom"
"10705","America's Car-Mart","CRMT","19146320","2.21","United States"
"10706","Biosynex","ALBIO.PA","18905625","1.0257","France"
"10707","Ultimate Games","ULG.WA","18720799","3.5795","Poland"
"10708","Witbe S.A.","ALWIT.PA","18633946","4.53541","France"
"10709","Beamr Imaging","BMR","18480528","1.19","Israel"
"10710","Motorsport Gaming","MSGM","18446984","4.02","United States"
"10711","DF Deutsche Forfait AG","DFTK.DE","18386271","1.54669","Germany"
"10712","Perpetuals.com","PDC","18358996","2.71","Japan"
"10713","Teac Corporation","6803.T","18295533","0.63523","Japan"
"10714","Tabuk Agricultural Development Company","6040.SR","18277811","2.38888","Saudi Arabia"
"10715","Nymox Pharmaceutical","NYMX","18253022","0.2","Bahamas"
"10716","Forever Entertainment","8FE.SG","18158420","0.65589","Poland"
"10717","J-Long Group","JL","18093782","4.81","Hong Kong"
"10718","Avant Technologies Inc.","AVAI","18008238","0.117","United States"
"10719","UBAR Hotels & Resorts SAOG","UBAR.OM","18005728","0.327273","Oman"
"10720","Energy Focus","EFOI","17993052","2.825","United States"
"10721","T Stamp Inc. (TrustStamp)","IDAI","17876552","3.17","United States"
"10722","SIMPPLE","SPPL","17810858","1.82","Singapore"
"10723","Lead Real Estate","LRE","17734470","1.3","Japan"
"10724","Netel Holding","NETEL.ST","17502199","0.360782","Sweden"
"10725","Mobix Labs","MOBX","17484124","1.03","United States"
"10726","VIA optronics AG","VIAO","17465854","0.2231","Germany"
"10727","Techstep ASA","TECH.OL","17444506","0.500335","Norway"
"10728","Burgundy Diamond Mines","BDM.AX","17407762","0.0122443","Australia"
"10729","NJ Holdings","9421.T","17388019","3.28523","Japan"
"10730","Tempest Therapeutics","TPST","17366754","1.05","United States"
"10731","Primech Holdings","PMEC","17307304","0.4505","Singapore"
"10732","Forgame","0484.HK","17179480","0.102046","China"
"10733","Murano Global Investments","MRNO","16964168","0.2128","United Kingdom"
"10734","EMB Mission Bound AB (publ)","EMB.ST","16946169","0.0570539","Sweden"
"10735","Know Labs","KNW","16795408","2.24","United States"
"10736","Camber Energy","CEI","16771320","0.0954","United States"
"10737","AltPlus","3672.T","16718325","0.186078","Japan"
"10738","Inspira Technologies","IINN","16560119","0.38","Israel"
"10739","Citius Pharmaceuticals","CTXR","16526447","0.602","United States"
"10740","Perrot Duval","PEDU.SW","16488802","122.601","Switzerland"
"10741","SODITECH","ALSEC.PA","16404765","7.21014","France"
"10742","Games Operators","GOP.WA","16354512","2.97395","Poland"
"10743","Austin Gold","AUST","16294672","1.19","United States"
"10744","Mobcast","3664.T","16291940","0.160412","Japan"
"10745","Starbreeze","STAR-B.ST","16201272","0.00980613","Sweden"
"10746","FORIS AG","FRS.DE","16151994","3.53529","Germany"
"10747","Geratherm Medical","GME.DE","16111851","2.97709","Germany"
"10748","Smith Micro Software","SMSI","16042955","2.87","United States"
"10749","All in! Games","ALG.WA","16037976","0.212079","Poland"
"10750","Le Slip Français","ALLSF.PA","15879916","14.8389","France"
"10751","Atlas Critical Minerals","ATCX","15809174","3.11","Brazil"
"10752","Quoin Pharmaceuticals","QNRX","15806249","7.87","United States"
"10753","Psychemedics","PMD","15738209","2.67","United States"
"10754","Trigon Metals","TM.V","15430727","0.28169","Canada"
"10755","Dragonfly Energy","DFLI","15428167","1.03","United States"
"10756","National Biscuit Industries","NBII.OM","15327273","15.3273","Oman"
"10757","Passage Bio","PASG","15284598","4.75","United States"
"10758","Sunrise New Energy","EPOW","15282561","0.3946","China"
"10759","GigaMedia","GIGM","15252084","1.38","Taiwan"
"10760","Dolphin Entertainment","DLPN","15239894","1.17","United States"
"10761","Scienture Holdings","SCNX","15185521","0.3698","United States"
"10762","FingerMotion","FNGR","15141142","0.1988","United States"
"10763","HeartSciences Inc.","HSCS","15140156","3.36","United States"
"10764","Astrotech","ASTC","15132539","7.18","United States"
"10765","Neonode","NEON","15087848","0.899","Sweden"
"10766","uCloudlink Group","UCL","15027391","0.3945","Hong Kong"
"10767","Halo Minerals PLC","HALO.L","14978460","0.135252","United Kingdom"
"10768","Synlogic","SYBX","14943719","1.22","United States"
"10769","Scandinavian Enviro Systems","SES.ST","14939969","0.0136342","Sweden"
"10770","iRobot","IRBT","14843741","0.4664","United States"
"10771","Office Properties Income Trust","OPI","14795239","0.2","United States"
"10772","Semilux International","SELX","14740593","0.34","Taiwan"
"10773","SUNation Energy Inc.","SUNE","14654493","2.25","United States"
"10774","Bionano Genomics","BNGO","14603480","1.24","United States"
"10775","Adaptimmune Therapeutics","ADAP","14551333","0.0549","United Kingdom"
"10776","The Cannabist Company","CBSTF","14475953","0.0291","United States"
"10777","Muscat Insurance","MCTI.OM","14461424","1.31169","Oman"
"10778","iCandy Interactive","ICI.AX","14449613","0.0112852","Australia"
"10779","Mynet","3928.T","14390146","1.50787","Japan"
"10780","Pensonic Holdings Berhad","9997.KL","14342385","0.0965705","Malaysia"
"10781","The Glimpse Group","VRAR","14332026","0.68","United States"
"10782","HOOKIPA Pharma","HOOK","14232977","1.15","United States"
"10783","SOS Limited","SOS","14140142","0.7782","China"
"10784","Cyngn","CYN","14134816","0.98","United States"
"10785","KAP AG","IUR.F","14091636","1.81416","Germany"
"10786","Natural Health Trends","NHTC","13896115","1.62","United States"
"10787","AppTech Payments","APCX","13861299","0.33","United States"
"10788","Regentis Biomaterials","RGNT","13837125","1.97","Israel"
"10789","Focus Universal","FCUV","13837049","19.69","United States"
"10790","Dare Bioscience","DARE","13816447","0.7131","United States"
"10791","Turbo Energy","TURB","13699539","1.14","Spain"
"10792","Clean Energy Technologies","CETY","13382717","1.1","United States"
"10793","FGI Industries","FGI","13306457","6.89","United States"
"10794","ESS Tech","GWH","13279509","0.3373","United States"
"10795","WeTrade Group","WETG","13256907","5.05","China"
"10796","WonderPlanet","4199.T","13250905","5.19734","Japan"
"10797","SolarMax Technology","SMXT","13230780","2.79","United States"
"10798","Gaming Corps","GCOR.ST","13087655","0.0899857","Sweden"
"10799","Future Retail","FRETAIL.NS","13087142","0.0241334","India"
"10800","Intensity Therapeutics","INTS","13059516","4","United States"
"10801","BioLineRx","BLRX","13043786","2.69","Israel"
"10802","Thunderful Group","THUNDR.ST","12968314","0.0317955","Sweden"
"10803","Arrive AI","ARAI","12917176","0.249","United States"
"10804","Phio Pharmaceuticals","PHIO","12895149","1.11","United States"
"10805","Maxeon Solar Technologies","MAXN","12857045","0.7593","Singapore"
"10806","SeaStar Medical","ICU","12823908","2.91","United States"
"10807","Air Industries Group","AIRI","12805738","2.64","United States"
"10808","AEON Biopharma","AEON","12705147","0.2547","United States"
"10809","Srei Infrastructure Finance","SREINFRA.NS","12675992","0.03","India"
"10810","Zwahlen &amp; Mayr SA","ZWM.SW","12605746","179.569","Switzerland"
"10811","Financial Services Company SAOG","FSCI.OM","12467533","0.623377","Oman"
"10812","U Power","UCAR","12456870","0.4839","China"
"10813","KPS AG","KSC.DE","12395284","0.301198","Germany"
"10814","PDS Biotechnology","PDSB","12313694","0.22","United States"
"10815","Mixed Martial Arts Group Limited (MMA)","MMA","12076494","0.456","Australia"
"10816","Bertelsmann SE & Co. KGaA","BTG.F","11990120","143.149","Germany"
"10817","Flux Power","FLUX","11984876","0.5543","United States"
"10818","Guardforce AI","GFAI","11973418","0.3814","Singapore"
"10819","BrainStorm Cell Therapeutics","BCLI","11807210","1.07","United States"
"10820","Upland Software","UPLD","11799192","3.99","United States"
"10821","Urgent.ly Inc.","ULY","11787284","5.38","United States"
"10822","Sohar Power Company SAOG","SHPS.OM","11740260","0.587013","Oman"
"10823","FibroBiologics","FBLG","11718420","1.76","United States"
"10824","Jump Networks","JUMPNET.NS","11669324","0.12","India"
"10825","Construction Materials Industries","CMII.OM","11525974","0.184416","Oman"
"10826","Cambium Networks","CMBM","11325767","0.401","United States"
"10827","AS Amber Latvijas balzams","BAL1R.RG","11312791","1.509","Latvia"
"10828","Maris Tech","MTEK","11298452","1.07","Israel"
"10829","Asmallworld AG","ASWN.SW","11282623","0.780186","Switzerland"
"10830","Modern Dairies Limited","MODAIRY.BO","11238978","0.374385","India"
"10831","Muscat Thread Mill","MTMI.OM","11150972","0.602597","Oman"
"10832","Aterian","ATER","11103550","0.618","United States"
"10833","Renegade Gold","RAGE.V","11038834","0.275494","Canada"
"10834","Sláturfélags Suðurlands","SFS-B.IC","11016720","0.020649","Iceland"
"10835","Natuzzi","NTZ","11014609","1","Italy"
"10836","VistaGen Therapeutics","VTGN","10925596","0.2462","United States"
"10837","Azitra","AZTR","10908674","0.18","United States"
"10838","Reed's, Inc.","REED","10908519","0.92","United States"
"10839","KALA BIO","KALA","10849620","0.561","United States"
"10840","Xenetic Biosciences","XBIO","10848928","4.63","United States"
"10841","Muscat Gas Company","MGMC.OM","10831169","0.361039","Oman"
"10842","Inuvo","INUV","10822790","0.6566","United States"
"10843","Netmarble Joybomb","6468.TWO","10795915","0.94","Taiwan"
"10844","Carver Bancorp","CARV","10786519","1.85","United States"
"10845","CISO Global","CISO","10666661","0.2343","United States"
"10846","Lunai Bioworks","LNAI","10654641","2.35","United States"
"10847","Senti Biosciences","SNTI","10623476","0.3411","United States"
"10848","Phoenix Motor","PEV","10575262","0.23","United States"
"10849","Mainz Biomed","MYNZ","10564195","0.8441","Germany"
"10850","Gaxos.ai","GXAI","10492996","0.763","United States"
"10851","Yunji","YJ","10491401","2.13","China"
"10852","CytoMed Therapeutics","GDTC","10412895","0.88","Singapore"
"10853","Linekong Interactive","8267.HK","10368967","0.0280627","China"
"10854","SINTX Technologies","SINT","10263382","1.54","United States"
"10855","hGears AG","HGEA.DE","10219793","0.982672","Germany"
"10856","Biomerica","BMRA","10187509","2.22","United States"
"10857","Aprea Therapeutics","APRE","10152233","0.8063","United States"
"10858","Digital Hollywood Interactive","2022.HK","10104357","0.00586765","China"
"10859","Ryvyl Inc.","RVYL","9994965","7.81","United States"
"10860","Voltage","3639.T","9817882","1.50787","Japan"
"10861","enish","3667.T","9777493","0.179661","Japan"
"10862","Rail Vision","RVSN","9741275","4.27","Israel"
"10863","Alarum Technologies","ALAR","9700451","1.32","Israel"
"10864","Reborn Coffee","REBN","9691876","1.18","United States"
"10865","CR Energy","CRZK.DE","9678467","0.411676","Germany"
"10866","AMASS Brands Inc.","AMSS","9632217","0.83","United States"
"10867","Global Mofy AI","GMM","9578244","2.15","China"
"10868","Superior Industries International","SUP","9576233","0.3249","United States"
"10869","Gelteq Limited","GELS","9567118","0.8932","Australia"
"10870","Dhofar Beverages and Foodstuff Company","DBCI.OM","9454546","0.472727","Oman"
"10871","reAlpha Tech","AIRE","9426560","1.57","United States"
"10872","CCSC Technology International Holdings","CCTG","9368970","0.6899","Hong Kong"
"10873","Rocky Mountain Chocolate Factory","RMCF","9298937","0.9851","United States"
"10874","Infinities Tech (Jiu Zun Digital)","1961.HK","9272910","0.0126282","China"
"10875","Cielo Waste Solutions","CMC.V","9168874","0.0434991","Canada"
"10876","InterServ International","6169.TWO","9110720","0.38943","Taiwan"
"10877","Bullfrog AI","BFRG","9085410","0.49","United States"
"10878","Gauzy","GAUZ","8969774","0.3902","United States"
"10879","Vivid Games","VVD.WA","8967990","0.161481","Poland"
"10880","GoHealth","GOCO","8937260","0.305","United States"
"10881","Wellgistics Health","WGRX","8847256","3.52","United States"
"10882","Trio Petroleum","TPET","8755161","1.78","United States"
"10883","Imunon","IMNN","8753788","1.56","United States"
"10884","Solo Brands","SBDS","8731234","3.4","United States"
"10885","Ensysce Biosciences","ENSC","8560989","0.44","United States"
"10886","Northann Corp","NCL","8543560","0.159","United States"
"10887","DSS, Inc. (Document Security Systems)","DSS","8536141","0.85","United States"
"10888","Groupe OKwind","ALOKW.PA","8453138","0.307012","France"
"10889","SeaChange International","SEAC","8398952","3.25","United States"
"10890","Groupe Airwell","ALAIR.PA","8398784","1.39551","France"
"10891","Soligenix","SNGX","8340531","0.3832","United States"
"10892","Trinseo","TSE","8278525","0.23","United States"
"10893","Nacon","NACON.PA","8235586","0.0755902","France"
"10894","Al Madina Investment Holding Co. SAOG","AMII.OM","8172208","0.18961","Oman"
"10895","Co-Diagnostics","CODX","8098330","1.16","United States"
"10896","GreenPower Motor Company","GP","7912622","0.9","Canada"
"10897","Skye Bioscience","SKYE","7881263","1.78","United States"
"10898","HomeBiogas","HMGS.TA","7850026","0.277029","Israel"
"10899","Novaturas AB","NTU1L.VS","7824014","1.00942","Lithuania"
"10900","Vislink Technologies","VISL","7810381","3.15","United States"
"10901","Trinity Biotech","TRIB","7806067","9.6","Ireland"
"10902","Innovative Eyewear","LUCY","7793044","0.9052","United States"
"10903","Astro Corporation","3064.TWO","7774980","0.597547","Taiwan"
"10904","enVVeno Medical Corporation","NVNO","7712569","11.1","United States"
"10905","Global Interactive Technologies","GITS","7679094","2.09","South Korea"
"10906","Superior Resources","SPQ.AX","7607811","0.00288101","Australia"
"10907","bioAffinity Technologies","BIAF","7569939","12.78","United States"
"10908","Polar Resources AS","POLAR.OL","7514596","0.527234","Norway"
"10909","HydrogenPro ASA","HYPRO.OL","7512722","0.054445","Norway"
"10910","AlphaTON Capital Corp","ATON","7499068","0.32","British Virgin Islands"
"10911","Versus Systems","VS","7455175","1.2","Canada"
"10912","Cyabra, Inc.","CYAB","7417166","0.4215","United States"
"10913","Signing Day Sports","SGN","7408163","0.5401","United States"
"10914","AS Latvijas Juras medicinas centrs","LJM1R.RG","7335998","9.17","Latvia"
"10915","CS Diagnostics","CSDX","7249773","0.029","Germany"
"10916","Aurora Energy Metals","1AE.AX","7222393","0.0403342","Australia"
"10917","Gaming Factory","GIF.WA","7115404","1.17074","Poland"
"10918","AIM ImmunoTech","AIM","7114328","0.2337","United States"
"10919","American Uranium Limited","AMU.AX","7036966","0.054019","Australia"
"10920","Maisons du Monde","MDM.PA","7006286","0.18163","France"
"10921","zSpace","ZSPC","6857562","0.185","United States"
"10922","Super League Enterprise","SLE","6831334","4.03","United States"
"10923","AHT Syngas Technology","3SQ1.DE","6739389","2.53518","Germany"
"10924","SaverOne 2014","SVRE","6716917","2.85","Israel"
"10925","authID","AUID","6688135","0.4","United States"
"10926","VolitionRx","VNRX","6613498","0.3499","United States"
"10927","OLB Group","OLB","6607987","0.2751","United States"
"10928","Al Khazna Insurance","AKIC.AE","6481481","0.06","United Arab Emirates"
"10929","Reitar Logtech Holdings","RITR","6450439","0.1033","Hong Kong"
"10930","Magic Empire Global (Giraffe Capital)","MEGL","6380703","1.26","Hong Kong"
"10931","Sonoma Pharmaceuticals","SNOA","6320721","1.32","United States"
"10932","TPI Composites","TPIC","6193621","0.1271","United States"
"10933","Don't Nod Entertainment","ALDNE.PA","6149895","0.474474","France"
"10934","Hepion Pharmaceuticals","HEPA","6139424","0.06805","United States"
"10935","Nordic Fibreboard AS","SKN1T.TL","6078523","0.715199","Estonia"
"10936","AquaBounty Technologies","AQB","6073700","1.18","United States"
"10937","Bakhu Holdings","BKUH","6026059","0.02","United States"
"10938","Mangoceuticals","MGRX","5977445","0.3903","United States"
"10939","NuCana","NCNA","5951618","1.43","United Kingdom"
"10940","Expion360","XPON","5909784","6.2","United States"
"10941","Polar Power","POLA","5854074","1.39","United States"
"10942","Sonendo","SONX","5717974","1.2","United States"
"10943","Eduform'action","ALEFA.PA","5697402","0.290731","France"
"10944","Orangekloud Technology","ORKT","5694359","0.9751","Singapore"
"10945","Locafy","LCFY","5679387","2.53","Australia"
"10946","cbdMD","YCBD","5389626","0.481","United States"
"10947","Nitro Games","NITRO.ST","5358757","0.215001","Finland"
"10948","Perfect Moment","PMNT","5320253","0.1","United Kingdom"
"10949","CaliberCos","CWD","5299288","0.5103","United States"
"10950","Eterna Therapeutics","ERNA","5283488","4.53","United States"
"10951","Phaos Technology Holdings","POAS","5272524","0.167","Singapore"
"10952","East Side Games","EAGR.TO","5269924","0.0507489","Canada"
"10953","Origin Materials","ORGN","5228483","0.9501","United States"
"10954","Socket Mobile","SCKT","5217125","0.6292","United States"
"10955","Omani Euro Food Industries","OEFI.OM","5194805","2.5974","Oman"
"10956","Moolec Science","MLEC","5184482","7.14","Luxembourg"
"10957","Talis Biomedical","TLIS","5176808","2.84","United States"
"10958","Golden Minerals","AUMN","5155808","0.2278","United States"
"10959","Nauticus Robotics","KITT","5155652","0.69","United States"
"10960","Predilife","ALPRE.PA","5132413","1.30248","France"
"10961","Leslie's","LESL","5122914","0.547","United States"
"10962","Webuy Global","WBUY","5042616","0.92","Singapore"
"10963","Can Fite Biopharma","CANF","5034985","2.35","Israel"
"10964","Oncodesign Precision Medicine","ALOPM.PA","4989139","0.261658","France"
"10965","Brüder Mannesmann AG","BMM.F","4971508","1.10478","Germany"
"10966","Pulmatrix","PULM","4967107","1.36","United States"
"10967","Netcapital","NCPL","4933189","0.6286","United States"
"10968","Hydrofarm","HYFM","4915709","1.02","United States"
"10969","Gameone","8282.HK","4907782","0.0861014","Hong Kong"
"10970","Treasure Global","TGL","4906628","2.51","Malaysia"
"10971","DigiAsia Corp","FAAS","4897831","0.0807","Indonesia"
"10972","Big Cheese Studio","BCS.WA","4874394","1.17881","Poland"
"10973","Vertex Energy","VTNR","4872095","0.0521","United States"
"10974","Sonim Technologies","SONM","4790029","3.2181","United States"
"10975","ManyDev Studio","MAN.WA","4741522","0.165787","Poland"
"10976","Addex Therapeutics","ADXN","4696281","3.71","Switzerland"
"10977","EZGO Technologies","EZGO","4670252","0.8802","China"
"10978","Kidpik","PIK","4644903","2.38","United States"
"10979","Fragbite Group","FRAG.ST","4625207","0.572636","Sweden"
"10980","Farmmi","FAMI","4623587","0.1235","China"
"10981","Cadrenal Therapeutics","CVKD","4566517","1.28","United States"
"10982","Mallinckrodt Pharmaceuticals","MNK","4520986","0.3402","United Kingdom"
"10983","Auric Minerals","AUMC.CN","4512545","0.0761234","Canada"
"10984","Lakewood-Amedex Biotherapeutics","LABT","4502407","1.9","United States"
"10985","Boxlight","BOXL","4488913","6.11","United States"
"10986","Foresight Autonomous Holdings","FRSX","4477260","1.085","Israel"
"10987","HUB Cyber Security","HUBC","4382540","0.72","Israel"
"10988","Bark, Inc.","BARK","4377870","0.5066","United States"
"10989","Cemtrex","CETX","4371698","2.54","United States"
"10990","Redhill Biopharma","RDHL","4334480","0.7128","Israel"
"10991","BioNexus Gene Lab","BGLC","4312160","1.47","Malaysia"
"10992","Utenos Trikotazas AB","UTR1L.VS","4310000","0.453541","Lithuania"
"10993","Cloudastructure","CSAI","4293986","4.95","United States"
"10994","Addentax Group","ATXG","4287472","3.6397","China"
"10995","CASI Pharmaceuticals","CASI","4263766","0.2075","United States"
"10996","QVC Group","QVCGA","4255453","0.34","United States"
"10997","PMGC Holdings","ELAB","4234098","5.23","United States"
"10998","Alaunos Therapeutics","TCRT","4191792","1.65","United States"
"10999","Top Ships","TOPS","4184515","0.7551","Greece"
"11000","Qiiwi Games","QIIWI.ST","4171310","0.450977","Sweden"
"11001","SurgePays","SURG","4145113","0.165","United States"
"11002","Galmed Pharmaceuticals","GLMD","4082935","3.92","Israel"
"11003","BIO-key International","BKYI","4050490","2.82","United States"
"11004","Tivic Health Systems","TIVC","4029097","1.4","United States"
"11005","Sabre Resources","SBR.AX","3951867","0.00432152","Australia"
"11006","VERSES AI","VERS.NE","3946263","0.275494","Canada"
"11007","PunkPirates","PUN.WA","3942991","0.13","Poland"
"11008","Masonglory","MSGY","3942502","1.86","Hong Kong"
"11009","Cheetah Net Supply Chain Service","CTNT","3917644","1.24","United States"
"11010","Veganz Group","VEZ.DE","3912645","1.68624","Germany"
"11011","iSpecimen","ISPC","3878628","1.54","United States"
"11012","Mynaric","M0YN.DE","3874750","0.613256","Germany"
"11013","Gulf International Chemicals","GICI.OM","3872727","0.184416","Oman"
"11014","VivoSim Labs","VIVS","3736030","0.279","United States"
"11015","Titan Medical","TMD.TO","3724444","0.0326591","Canada"
"11016","Avalon GloboCare","ALBT","3707637","0.282","United States"
"11017","BioXcel Therapeutics","BTAI","3678396","0.1175","United States"
"11018","Fly-E Group","FLYE","3623897","2.22","United States"
"11019","Jaguar Health","JAGX","3588867","0.6944","United States"
"11020","Beyond Air","XAIR","3534021","3.59","United States"
"11021","iPower","IPW","3479710","1.84","United States"
"11022","IO Biotech","IOBT","3453544","0.048","Denmark"
"11023","Unity Biotechnology","UBX","3444161","0.2001","United States"
"11024","Curis","CRIS","3322356","1.37","United States"
"11025","Eagle Pharmaceuticals","EGRX","3289388","0.25","United States"
"11026","Wolverine Energy and Infrastructure","WEII.V","3274071","0.03","Canada"
"11027","ShiftPixy","PIXY","3265294","6.53","United States"
"11028","Atlantic Sapphire","ASA.OL","3198161","0.0891994","Norway"
"11029","Forza X1","FRZA","3150960","0.2","United States"
"11030","KMC Properties","KMCP.OL","3028471","2.49568","Norway"
"11031","Advent Technologies","ADN","3023365","0.9185","United States"
"11032","PainReform","PRFX","2978560","0.9792","Israel"
"11033","ATI Physical Therapy","ATIP","2977762","0.675","United States"
"11034","Affimed","AFMD","2975202","0.1815","Germany"
"11035","DataMEDS AI","MEDS","2942810","0.9611","United States"
"11036","AS Trigon Property Development","TPD1T.TL","2929962","0.651239","Estonia"
"11037","Edible Garden","EDBL","2907748","1.49","United States"
"11038","Onfolio Holdings","ONFO","2894200","1.18","United States"
"11039","BioAtla","BCAB","2890683","1.735","United States"
"11040","Sleep Number","SNBR","2881125","0.125","United States"
"11041","Marin Software","MRIN","2863609","0.8981","United States"
"11042","VS Media","VSME","2848022","1.03","Hong Kong"
"11043","BigBen Interactive","BIG.PA","2827465","0.152576","France"
"11044","Genprex","GNPX","2807503","3.425","United States"
"11045","Inotiv","NOTV","2787563","0.0799","United States"
"11046","Réalités","ALREA.PA","2760640","0.581463","France"
"11047","MindMaze Therapeutics","V6M.F","2733425","0.212815","Switzerland"
"11048","The Payments Group Holding","PGH.DE","2717758","0.2384","Germany"
"11049","PREIT (Pennsylvania Real Estate Investment Trust)","PRET","2690436","0.4974","United States"
"11050","Xilio Therapeutics","XLO","2676465","0.5101","United States"
"11051","Matinas BioPharma","MTNB","2659396","0.181","United States"
"11052","Staffing 360 Solutions","STAF","2654640","1.615","United States"
"11053","AS Siguldas Ciltslietu Un Maksligas Apseklosanas Stacija","SCM1R.RG","2603712","6.16351","Latvia"
"11054","Vivakor","VIVK","2570378","0.9389","United States"
"11055","Golden Sun Education Group","GSUN","2551344","0.2544","China"
"11056","Alligator Bioscience AB","ATORX.ST","2492183","0.00269538","Sweden"
"11057","Jianzhi Education Technology Group","JZ","2480562","1.03","China"
"11058","Cherry SE","C3RY.DE","2468939","0.40641","Germany"
"11059","Globavend","GVH","2439626","1.01","Australia"
"11060","LM Funding America","LMFA","2430118","2.6","United States"
"11061","AS PRFoods","PRF1T.TL","2410230","0.0639609","Estonia"
"11062","Agape ATP","ATPC","2391496","2.39","Malaysia"
"11063","Trinity Place Holdings","TPHS","2377701","0.036","United States"
"11064","National Aluminium Products Company SAOG","NAPI.OM","2337668","0.272727","Oman"
"11065","Nuwellis","NUWE","2332771","0.7347","United States"
"11066","Propanc Biopharma","PPCB","2323938","1.02","Australia"
"11067","Erayak Power Solution","RAYA","2320362","2.2","China"
"11068","Videndum Plc","VID.L","2271782","4.38517","United Kingdom"
"11069","SOBR Safe","SOBR","2265321","0.4205","United States"
"11070","Oragenics","OGEN","2249210","0.4985","United States"
"11071","Longeveron","LGVN","2242259","0.7033","United States"
"11072","REE Automotive","REE","2239673","0.0769","Israel"
"11073","Sow Good","SOWG","2203871","0.1099","United States"
"11074","Futura Medical","FUM.L","2185797","0.00376001","United Kingdom"
"11075","Clearside Biomedical","CLSD","2145948","0.41","United States"
"11076","Kaixin Holdings","KXIN","2116815","1.28","China"
"11077","Blue Hat Interactive Entertainment Technology","BHAT","2091312","0.675","China"
"11078","Playgon Games","DEAL.V","2043184","0.00362492","Canada"
"11079","Virax Biolabs","VRAX","2040289","2.56","United Kingdom"
"11080","Jeffs' Brands","JFBR","2011480","3.08","Israel"
"11081","Vaccinex","VCNX","2007745","0.7501","United States"
"11082","Incannex Healthcare","IXHL","1994700","0.167","Australia"
"11083","Akanda","AKAN","1984886","3.67","United Kingdom"
"11084","Greenlane Holdings, Inc.","GNLN","1972504","2.84","United States"
"11085","KMD Brands","KMD.NZ","1965548","0.0414161","New Zealand"
"11086","Cutera","CUTR","1956013","0.0969","United States"
"11087","Airesis SA","AIRE.SW","1849868","0.0298641","Switzerland"
"11088","Jet.AI","JTAI","1834020","1.29","United States"
"11089","Mobile-health Network Solutions","MNDR","1827643","1.53","Singapore"
"11090","Cue Biopharma","CUE","1804119","0.5542","United States"
"11091","G Medical Innovations","GMVD","1776616","0.181","Israel"
"11092","NEXT Biometrics Group ASA","NEXT.OL","1754112","0.0282985","Norway"
"11093","VIP Gloves","VIP.AX","1700045","0.00216076","Malaysia"
"11094","Sonder Holdings","SOND","1680861","0.1263","United States"
"11095","Traeger","COOK","1642351","0.5983","United States"
"11096","Synergy CHC","SNYR","1638987","0.11","United States"
"11097","22nd Century Group","XXII","1627906","2.28","United States"
"11098","CorEnergy Infrastructure Trust","CORR","1627350","0.0198","United States"
"11099","Iterum Therapeutics","ITRM","1598747","0.03","Ireland"
"11100","Direct Digital Holdings","DRCT","1597426","1.99","United States"
"11101","Integrated Media Technology Limited","IMTE","1589150","0.4611","Australia"
"11102","Lazydays Holdings","GORV","1573084","0.4211","United States"
"11103","La Rosa Holdings","LRHC","1542129","0.4648","United States"
"11104","Benson Hill","BHIL","1522391","0.249","United States"
"11105","Lucas GC","LGCL","1501943","0.0351","China"
"11106","Maximum Entertainment","8R7.F","1426495","0.0279102","Sweden"
"11107","MEP Infrastructure","MEP.NS","1398054","0.00762106","India"
"11108","Aethlon Medical","AEMD","1372492","1.93","United States"
"11109","Davis Commodities","DTCK","1368533","1","Singapore"
"11110","IM Cannabis","IMCC","1328626","2.2","Israel"
"11111","Maison Solutions","MSS","1288397","1.48","United States"
"11112","Argo Blockchain","ARBK","1265863","3.79","United Kingdom"
"11113","Purple Innovation","PRPL","1261071","0.2897","United States"
"11114","Haoxi Health Technology","HAO","1233844","3.37","China"
"11115","Actelis Networks","ASNS","1208294","0.0419","United States"
"11116","Allurion Technologies","ALUR","1200500","1.2","United States"
"11117","VCI Global","VCIG","1151328","1.86","Malaysia"
"11118","Starbox Group","STBX","1135952","2.11","Malaysia"
"11119","Arcadia Biosciences","RKDA","1135943","0.4715","United States"
"11120","Altamira Therapeutics","CYTO","1133556","0.3","Bermuda"
"11121","Solar Integrated Roofing","SIRC","1097545","0.0001","United States"
"11122","Danimer Scientific","DNMR","1056961","0.35","United States"
"11123","LMP Automotive Holdings","LMPX","1036332","0.095","United States"
"11124","Solid Clouds","SOLID.IC","1007001","0.00140438","Iceland"
"11125","Evofem Biosciences","EVFM","993975","0.0075","United States"
"11126","Lucy Scientific Discovery","LSDI","906910","0.5139","Canada"
"11127","Quince Therapeutics","QNCX","900311","0.9206","United States"
"11128","Aker Horizons","AKH.OL","898279","0.0013012","Norway"
"11129","BNB Plus Corp.","BNBX","836625","0.135","United States"
"11130","Kuuhubb","KUU.V","712506","0.01","Canada"
"11131","Yellow Corporation","YELLQ","693890","0.0102","United States"
"11132","EUDA Health","EUDA","692066","0.3661","Singapore"
"11133","Tapinator","TAPM","673183","0.247","United States"
"11134","Tevogen Bio","TVGN","627896","0.1551","United States"
"11135","Freight Technologies, Inc.","FRGT","623616","1.09","United States"
"11136","Playground Ventures","PLAY.CN","612191","0.00724984","Canada"
"11137","Sozap","SOZAP.ST","602380","0.0270876","Sweden"
"11138","OceanPal","SVRN","600425","0.3501","Greece"
"11139","Lifeward","LFWD","583724","0.3829","Israel"
"11140","T-Bull","TBL.WA","572469","0.481753","Poland"
"11141","Aptorum Group","APM","570062","0.7","Hong Kong"
"11142","Alkaline Water Company","WTER","534151","0.015","United States"
"11143","Xiao-I","AIXI","445564","0.484","China"
"11144","Greene Concepts","INKW","440030","0.0069","United States"
"11145","Ayr Wellness","AYRWF","432062","0.0037","United States"
"11146","Kaival Brands Innovations","KAVL","431732","0.0221","United States"
"11147","Baosheng Media Group","BAOS","430730","0.2807","China"
"11148","Ontrak","OTRK","425780","0.0601","United States"
"11149","Global Bioenergies","ALGBE.PA","396471","0.0218702","France"
"11150","Wheeler Real Estate Investment Trust","WHLR","395212","0.5119","United States"
"11151","FBR Limited","FBR.AX","389553","0.00279642","Australia"
"11152","Viracta Therapeutics","VIRX","388698","0.00978","United States"
"11153","Impac Mortgage Holdings","IMPM","365688","0.01","United States"
"11154","Lyra Therapeutics","LYRA","354976","0.2","United States"
"11155","VYNE Therapeutics","VYNE","339859","0.509","United States"
"11156","ATARI","ALATA.PA","336738","0.120426","France"
"11157","Vicarious Surgical","RBOT","335173","0.047","United States"
"11158","NantHealth","NHIQ","329655","0.012","United States"
"11159","GAME HOURS","6626.TWO","285836","0.0972769","Taiwan"
"11160","ProPhase Labs","PRPH","265073","0.017","United States"
"11161","Ocean Biomedical","OCEA","232365","0.001","United States"
"11162","Leafly Holdings","LFLY","232138","37","United States"
"11163","Aker Carbon Capture","ACC.OL","212397","0.00035151","Norway"
"11164","Trulite","TRUL","212013","0.0001","United States"
"11165","Petros Pharmaceuticals","PTPI","211861","0.005","United States"
"11166","Ampio Pharmaceuticals","AMPE","207884","0.1831","United States"
"11167","Fintech Scion (FintechCashier)","FINR","198743","0.001","United Kingdom"
"11168","CXApp","CXAI","194174","0.089","United States"
"11169","Meyer Burger Technology","MBTN.SW","192618","0.00608813","Switzerland"
"11170","Esports Entertainment","GMBL","190232","0.166","Malta"
"11171","BloomZ","BLMZ","187531","0.128","United States"
"11172","Wearable Health Solutions","WHSI","182670","0.0001","United States"
"11173","Faraday Future","FFAI","174605","0.0717","United States"
"11174","Hallmark Financial Services","HALL","145478","0.08","United States"
"11175","Ohmyhome","OMH","118208","0.07","Singapore"
"11176","Cenntro Inc.","CENN","113554","0.0775","United States"
"11177","Loop Media","LPTV","103383","0.0007","United States"
"11178","PaxMedica","PXMD","88385","0.0007","United States"
"11179","Vincerx Pharma","VINC","68045","0.013","United States"
"11180","Exela Technologies","XELA","55502","0.002","United States"
"11181","Epiminder","EPI.AX","52809","0.243728","Australia"
"11182","ToughBuilt Industries","TBLT","47699","0.011","United States"
"11183","AiRWA Inc.","YYAI","43870","0.8328","United States"
"11184","Presto Automation","PRST","41851","0.0001","United States"
"11185","Vinco Ventures","BBIG","41600","0.0032","United States"
"11186","Compleo Charging Solutions","C0M.F","38322","0.00755902","Germany"
"11187","Adler Group","ADJ.DE","34993","0.000230787","Luxembourg"
"11188","Carisma Therapeutics","CARM","29291","0.0007","United States"
"11189","Gaming Technologies (Gametech)","GMGT","27420","0.0006","United States"
"11190","iEntertainment Network","IENT","26174","0.0002","United States"
"11191","Gamer Pakistan","GPAK","15347","0.0006","United States"
"11192","Mobile Global Esports (Mogo)","MGAM","15091","0.0002","United States"
"11193","Vaxxinity","VAXX","12678","0.0001","United States"
"11194","Remark Holdings","MARK","12380","0.0002","United States"
"11195","Novo Integrated Sciences","NVOS","11838","0.0006","United States"
"11196","T2 Biosystems","TTOO","11218","0.0004","United States"
"11197","Syros Pharmaceuticals","SYRS","10732","0.0004","United States"
"11198","Movella","MVLA","10181","0.0002","United States"
"11199","Trevena","TRVN","9501","0.011","United States"
"11200","4Front Ventures","FFNTF","9152","1.0E-5","United States"
"11201","Triterras","TRIRF","7652","0.0001","Singapore"
"11202","Freeze Tag","FRZT","7505","0.0001","United States"
"11203","USD Partners","USDP","6754","0.0002","United States"
"11204","Stryve Foods","SNAX","4792","0.0011","United States"
"11205","Adamas One","JEWL","3804","0.0001","United States"
"11206","eFFECTOR Therapeutics","EFTR","3763","0.0008","United States"
"11207","Virtual Interactive Technologies","VRVR","2475","0.0003","Bermuda"
"11208","Lipella Pharmaceuticals","LIPO","2310","0.0005","United States"
"11209","Viveve Medical","VIVE","2144","0.0002","United States"
"11210","Telesis Bio","TBIO","1775","0.001","United States"
"11211","Calithera Biosciences","CALA","1461","0.0003","United States"
"11212","Grom Social Enterprises","GROM","902","0.0001","United States"
"11213","Minerva Surgical","UTRS","887","0.0001","United States"
"11214","Lightning eMotors","ZEVY","659","0.0001","United States"
"11215","Hempacco","HPCO","592","0.0001","United States"
"11216","Hogy Medical","3593.T","123","41.0184","Japan"
"11217","Star Micronics","7718.T","70","14.0138","Japan"
"11218","Qiwi","QIWI.ME","0","2.56","Cyprus"
"11219","Rosseti","RSTI.ME","0","0","Russia"
"11220","X5 Retail Group","FIVE.ME","0","32.42","Netherlands"
"11221","Pollux Properti Indonesia","POLL.JK","0","0.00690974","Indonesia"
"11222","Tunas Ridean","TURI.JK","0","0.1","Indonesia"
"11223","Agility Global","AGILITY.AE","0","0","United Arab Emirates"
"11224","Amlak Finance","AMLAK.AE","0","0","United Arab Emirates"
"11225","Drake and Scull International","DSI.AE","0","0","United Arab Emirates"
"11226","Dubai Islamic Insurance &amp; Reinsurance","AMAN.AE","0","0","United Arab Emirates"
"11227","Air Arabia","AIRARABIA.AE","0","0","United Arab Emirates"
"11228","Aramex","ARMX.AE","0","0","United Arab Emirates"
"11229","Dubai Taxi Company","DTC.AE","0","0","United Arab Emirates"
"11230","Emirates Central Cooling Systems","EMPOWER.AE","0","0","United Arab Emirates"
"11231","Ajman Bank","AJMANBANK.AE","0","0","United Arab Emirates"
"11232","Al Ansari Financial Services","ALANSARI.AE","0","0","United Arab Emirates"
"11233","Watania International","WATANIA.AE","0","0","United Arab Emirates"
"11234","Carasent ASA","CARA.OL","0","1.57626","Norway"
"11235","Sultan Center Food Products Company","SULTAN.KW","0","0","Kuwait"
"11236","Lassila &amp; Tikanoja Oyj","LAT1V.HE","0","9.3635","Finland"
"11237","Greenthesis S.p.A.","GTH.MI","0","2.48305","Italy"
"11238","Relatech S.p.A.","RLT.MI","0","2.69088","Italy"
"11239","Eckoh plc","ECK.L","0","56.8248","United Kingdom"
"11240","Anexo Group Plc","ANX.L","0","80.3296","United Kingdom"
"11241","Yaoko Co.,Ltd.","8279.T","0","65.9184","Japan"
"11242","Bank of Japan","8301.T","0","194.493","Japan"
"11243","GigCapital9","GIXXU","0","0","United States"
"11244","Saluda Medical","SLD.AX","0","0","United States"
"11245","Valiant Gold","VAL.AX","0","0","Australia"
"11246","Pershing Square USA","PSUS","0","0","United States"
"11247","Giunti Psychometrics","GPSYDD.MI","0","0","Italy"
"11248","Advasa Holdings","ADBT","0","0","Japan"
